idannonce,prix_bien
guy-hoquet-immo-facile-2674930,175000
ag681110-285242069,238000
rodacom-4487081,222600
mgc-295848603-SJ-210330-100257,342000
hektor-girardi-blotzheim-2770,365000
immo-facile-50581392,149000
ag340369-251394220,305901
guy-hoquet-immo-facile-5798348,215000
guy-hoquet-immo-facile-5775397,98500
mgc-319349366-C-ISS-553-SB,347000
rodacom-4639752,81750
ag681110-377049562,288750
ag680824-275311934,89000
ag681113-301834800,130000
guy-hoquet-immo-facile-6118434,107800
ag671791-302684421,695000
immo-facile-40979536,130000
immo-facile-adresse-12077923,230000
orpi-1-054927E1MADL,247500
ag743447-382115944,624000
mgc-381821372-CWE-230411-174833,282000
ag681158-358060549,365000
ag681158-301121769,123000
immo-facile-46980662,140000
rodacom-4426186,215000
151428891,175000
orpi-1-054927E1PC3B,175000
ag681237-381833764,165075
hektor-mhimmobilier-1408,420000
guy-hoquet-immo-facile-4531946,190000
hektor-homeettoits-106,199500
guy-hoquet-immo-facile-5790678,146000
hektor-robischung-2542,295000
hektor-MAYAIMMO2020-1736,729000
rodacom-4956621,275000
ag681237-284801579,190900
ag681425-352846435,259700
ag671791-283067261,80000
gedeon-25096567,166000
ag681158-320177997,750000
immo-facile-43845941,239000
iad-france-1226850,99000
immo-facile-48298667,280800
hektor-MAYAIMMO2020-2215,247000
immo-facile-46083828,239200
ag681110-322206006,296000
guy-hoquet-immo-facile-5873203,110400
nexity-GB00117894,79500
orpi-1-054041E20E2H,140000
ag681444-375978004,89500
ag671791-283790714,192000
immo-facile-49988988,366800
orpi-1-054048E1GG5C,212000
mgc-177147544,226500
ag340369-246773992,210705
ag681158-367465381,71000
mgc-371568248-MS-230105-104203,360000
hektor-moebel-immo-335,540000
ag681104-380391304,195000
ag680286-326675943,335000
ag681156-252595234,179900
apimo-82450977,325000
mgc-370345765-2212LPILLZACH4502P100,345000
entities-1043690-3587705,379315
immo-facile-47554738,200000
ag671474-257130700,89000
160988197,240500
orpi-1-054927E2GMAO,78000
guy-hoquet-immo-facile-2710592,105000
century-21-202_3377_1182,171000
guy-hoquet-immo-facile-3009316,318000
ag681332-343249338,320000
immo-facile-41390486,75760
nexity-GB00162899,149000
guy-hoquet-immo-facile-6050848,263500
gedeon-24885749,315000
hektor-CGAIMMOBILIER-1741,211770
rodacom-4435209,239000
entities-1043690-3670538,369251
rodacom-4435204,219000
gedeon-26352000,189500
ag680254-355161847,212000
mgc-361087574-MS-221004-111004,270000
hektor-3ROIIMMOBILIERE-995,126000
ag681106-364240273,417000
mgc-352120117-VM-SCHLIERBACH-2022137,337019
hektor-expertiseimmo-71,480000
apimo-5126986,90000
immo-facile-51778768,125000
ag670547-273023960,75000
entities-1044598-2652769,408790
ag301615-375924504,98000
nexity-GB00100814,59000
nexity-GB00121063,66000
ag681106-375629314,243000
immo-facile-49000793,140000
entities-1044601-2697027,968800
immo-facile-35610389,388960
orpi-1-054041E1NPKD,150500
ag681391-331334319,384100
ag671791-308727450,130000
immo-facile-52233936,385000
safti-1-598585,235000
rodacom-4746706,205000
hektor-girardi-pfastatt-2951,252000
mgc-371698661-CWE-230106-104938,445000
rodacom-4347111,395000
ag681237-333339414,181050
entities-1044601-2758131,671250
hektor-generalimmo-3364,740000
ag671791-305065941,200000
ag671791-288496787,98000
ag340369-370810399,169600
ag670426-343593723,282000
160627517,340450
guy-hoquet-immo-facile-4336872,176800
hektor-MAYAIMMO2020-2454,270000
guy-hoquet-immo-facile-5975068,82500
immo-facile-35929260,114896
immo-facile-35307697,100000
ag681156-304938057,110000
immo-facile-35463005,119800
rodacom-4882706,700000
apimo-8158134,474000
ag681088-338822634,169000
ag681158-323752869,301000
entities-1044599-2637213,332700
mgc-177145236,185000
guy-hoquet-immo-facile-4925993,265000
immo-facile-49581868,312000
orpi-1-054927E1D2P4,197950
ag681391-344875284,215000
ag681234-344072832,129600
ag681110-261543403,100000
rodacom-5232606,184500
iad-france-1332372,335000
ag440414-183226837,245000
apimo-5982438,289000
ag680297-303409035,98000
safti-1-691008,195000
ag681494-358226617,138500
hektor-robischung-2568,170000
ag681391-331334253,373600
laforet-immo-facile-21472616,336000
hektor-generalimmo-3233,298000
ag680824-249170794,157000
rodacom-4789578,232100
ag681122-291495680,640000
orpi-1-054039E1MR2F,110000
iad-france-825076,302000
immo-facile-39403261,323000
hektor-cpdelta-243,223000
ag671791-301959195,171000
hektor-girardi-pfastatt-2687,208000
citya-immobilier-1273-TAPP428170A,83000
ag671759-375190327,164900
immo-facile-3070974,348936
ag671791-289446557,447000
visiteonline-constructeur-p_5226230-l_9757327,259000
ag681423-351471412,124950
147434545,269600
ag671791-315973596,240000
ag680286-375608443,170000
ag681158-373309396,336000
ag681158-308937537,248000
161572093,401790
guy-hoquet-immo-facile-5505874,421000
147811607,140980
ag671791-293772254,117000
ag681234-362540665,149800
ag680734-379866651,63300
ag681158-379789615,352000
hektor-1_lerosenberg-1533,349000
ag681234-366640465,129600
entities-1044602-2675415,855020
mgc-383564791-CWE-230427-153256,269000
rodacom-4807249,249200
161545455,213000
hektor-1_lerosenberg-1438,640000
mgc-357916522-3CARSPACH450LPP97P,322500
hektor-MAYAIMMO2020-798,247200
immo-facile-39884411,259000
iad-france-1020544,210000
ag681237-361624804,118000
159493587,120000
ag681391-365796181,255000
gedeon-23728759,380000
hektor-moebel-immo-101,399000
mgc-276812675-RK_MSB-M_m-19_CERNAY_68700_TM330,249000
160967601,239916
guy-hoquet-immo-facile-5675393,158500
ag681237-314311413,140400
ag681075-338352951,273000
apimo-8158383,481000
ag681237-300445842,190000
hektor-CCLAUSSSelestat-336,120366
ag681542-379152588,131900
guy-hoquet-immo-facile-2628949,92000
ag681391-350864212,348000
immo-facile-39611259,340000
safti-1-778555,167000
ag681120-365765848,357000
ag681156-363024673,90000
138620857,179000
ag681332-351974857,204000
ag681237-277454588,400000
guy-hoquet-immo-facile-5737500,249000
ag671474-281858237,165000
ag681113-269114750,350000
safti-1-771209,188000
safti-1-567100,187000
orpi-1-054039E1T133,245000
immo-facile-40709598,116000
orpi-1-054933E2M8EL,823000
ag671791-320906748,95000
guy-hoquet-immo-facile-4962528,175000
orpi-1-054039E18IZ6,292000
ag743447-376929562,338000
guy-hoquet-immo-facile-2733869,355000
hektor-immo-wittenheim-3203,431600
entities-1044599-2792264,369400
ag340369-328260264,61000
gedeon-24751850,354000
hektor-MAYAIMMO2020-2378,399000
guy-hoquet-immo-facile-2775185,235000
orpi-1-054037E1Z7YB,525600
entities-1044601-2814158,725000
immo-facile-32380873,75000
ag671791-281162630,315000
hektor-MAYAIMMO2020-2411,139500
entities-1043690-3679163,351940
safti-1-647016,105000
hektor-MAYAIMMO2020-2578,199500
ag680632-249531094,78500
132004639,305950
rodacom-4401726,255000
ag681444-345598074,395000
orpi-1-054932E20PLN,220000
ag671913-375890281,143000
ag671791-352059532,122000
hektor-LECEDREIMMO-172,168000
hektor-MAYAIMMO2020-1884,189000
158194113,305600
ag440414-326743992,242000
immo-facile-50217609,575000
ag743447-382741313,362000
ag671913-372737407,199990
adapt-immo-680081297,127200
mgc-348915123-2HEIMERSDORF610LPPP97,310299
safti-1-557112,143000
ag681106-354779134,184000
ag671791-283263029,151000
hektor-girardi-pfastatt-1883,180000
safti-1-794479,89000
mgc-118756865_EK-0610-DURM1-EK-0610-DURM1-110-EK-0610-DURM1-EK-0610-DURM1-110,395175
hektor-1_lerosenberg-1831,180000
guy-hoquet-immo-facile-2295055,118000
entities-1044599-2745259,362800
safti-1-716524,75000
immo-facile-39628316,310000
gedeon-23682678,219000
ag681120-361119601,322400
entities-1044598-2758122,335100
laforet-immo-facile-21175176,583000
ag681156-354241369,316000
immo-facile-3726355,316500
ag681106-360349762,195000
ag753274-340920117,398500
ag681237-308360280,147960
immo-facile-50485516,192600
ag681158-377555680,492000
ag681332-318273735,174000
guy-hoquet-immo-facile-6008385,295000
hektor-1_lerosenberg-107,499000
ag680286-288170465,525000
entities-1043690-3849691,347000
150550521,179000
orpi-1-054039E1W8AX,83000
apimo-8158332,270690
hektor-deuxmm-53,310000
150233153,71500
orpi-1-054041E1LANN,223440
ag681156-269780462,225000
hektor-ag-orim-1072,135000
nexity-GB00150212,65000
hektor-alaingimmo-322,300000
ag681237-313383447,682500
immo-facile-40375429,249600
mgc-118756865_EK-JETT-LOT2-936-EK-JET-LOT2-2P-112-EK-JETT-LOT2-936-EK-JET-LOT2-2P-112,397500
hektor-girardi-blotzheim-2712,186000
157965073,239500
laforet-immo-facile-20832732,321000
hektor-ELSASS2020-904,324450
ag670640-224426515,148000
orpi-1-054927E1YVMY,116600
ag681108-317200854,238000
ag671791-364653130,277000
immo-facile-32873911,79000
laforet-immo-facile-20859922,614800
ag671791-295064447,122000
adapt-immo-680091502,300000
hektor-MAYAIMMO2020-2555,549500
guy-hoquet-immo-facile-2758684,212000
immo-facile-39670992,267500
ag671646-362148397,380000
hektor-amsignatureimmo-78,624000
ag680575-141791245,292000
immo-facile-52418061,525000
rodacom-4607646,145000
immo-facile-40160738,199700
ag681204-344622201,167000
iad-france-1234899,179900
ag680010-278688884,189000
immo-facile-47554673,240000
ag681106-340703727,468000
safti-1-846095,210000
ag340369-296974866,183500
orpi-1-054934E29QG6,199000
ag060811-261220837,116600
ag340369-377811256,124000
visiteonline-p_5526874,220200
hektor-cdrieux-892,66000
ag681158-380368081,513000
guy-hoquet-immo-facile-1935012,135000
hektor-sweethomeconseil-1201,199000
ag671791-303690876,498000
immo-facile-34065895,194480
ag681122-306845304,199500
immo-facile-2209021,308510
hektor-LECEDREIMMO-187,68000
ag680010-329080593,89100
immo-facile-33582842,440000
144680127,137000
ag751938-324829368,74990
ag671791-291171698,95000
immo-facile-52217949,139000
rodacom-4687554,166000
century-21-202_3377_877,230000
ag681210-369923824,249000
laforet-immo-facile-20903657,321000
ag681212-334863372,137000
ag743447-363148024,233500
ag060811-328051482,198000
ag671633-324459408,210000
ag681145-382733387,378000
150944145,212400
hektor-generalimmo-3267,138000
157403471,322865
immo-facile-46521764,128400
hektor-ghisimmobilier-1823,419900
ag681156-354241351,253000
orpi-1-054927E256JB,243000
ag681158-352564219,263000
iad-france-786642,54000
mgc-172836042,292500
safti-1-636948,75000
guy-hoquet-immo-facile-5598604,249400
immo-facile-51400865,155000
ag681106-320518221,416000
hektor-MAYAIMMO2020-2499,174000
apimo-6264080,159000
guy-hoquet-immo-facile-5793153,168500
ag671791-358191703,102600
iad-france-957586,128000
guy-hoquet-immo-facile-2632137,337000
ag681237-318036180,249000
hektor-MAYAIMMO2020-1862,88000
hektor-cpdelta-50,310500
mgc-293881020-SJ-210316-100629,283200
ag670640-251890801,325000
orpi-1-054039E1LCIZ,292555
iad-france-781590,170000
immo-facile-33604071,597400
ag681158-380266726,279000
orpi-1-054927E2B4SM,425000
safti-1-502656,139000
ag681425-368176771,725000
ag681156-354241381,369000
ag681088-344390997,247000
hektor-lifeimmo-1964,360400
ag681237-381116467,100000
entities-1044599-2794540,359868
160084527,110000
hektor-girardi-pfastatt-3164,86000
mgc-381370026-C-HOU-280-84-AG3,289900
safti-1-519722,112900
mgc-383243993-CLM-ILLHAEUSERN-04242023,325971
mgc-374288219-pp-230130-100541,368940
rodacom-4453817,225000
158720349,130000
ag680575-181027558,295000
rodacom-4929418,137800
ag681106-351763267,475000
entities-1044598-2652768,333058
hektor-agence-efco-immo-1909,259000
immo-facile-42373619,136500
hektor-dagon68500-2391,505000
guy-hoquet-immo-facile-2206684,210000
158553751,436241
hektor-girardi-pfastatt-3339,410000
citya-immobilier-1273-TAPP462893,369000
immo-facile-33712329,375000
orpi-1-054037E284HL,280000
ag671791-291697709,117000
ag681113-313615257,306000
ag681158-305887170,230000
immo-facile-50197773,260000
ag681158-346397844,419000
ag681158-348389322,115000
152735181,227800
158506379,50000
mgc-341621992-MS-220428-143552,385000
hektor-girardi-pfastatt-2966,80000
gedeon-23682683,275000
mgc-380597534-pp-230330-095803,251835
ag681106-358643776,234000
160809727,560000
ag671633-356860879,227538
nexity-GB00158153,129600
160988201,235260
ag680297-345619053,258000
ag681154-252828151,217000
safti-1-658270,240000
immo-facile-46813326,249600
hektor-3ROIIMMOBILIERE-980,125000
hektor-expertiseimmo-86,245000
immo-facile-45783679,399000
ag681391-367628836,695000
orpi-1-054934E2GIVI,71500
hektor-girardi-blotzheim-2514,342000
apimo-3614355,190000
century-21-202_3185_1426,825000
ag680010-371466013,210000
guy-hoquet-immo-facile-2197282,249900
hektor-cdrieux-765,340000
hektor-1_lerosenberg-1173,429000
hektor-girardi-pfastatt-3365,116000
158863131,289900
immo-facile-37675039,245000
ag743447-324987507,145000
hektor-dagon68390-2404,315000
hektor-sweethomeconseil-1213,450000
155302899,231300
hektor-CGAIMMOBILIER-1605,299000
orpi-1-054039E1PR7S,310000
citya-immobilier-1273-TMAI109746,181500
ag250493-263754707,246750
entities-1043690-3634374,312501
immo-facile-50832587,315000
ag680967-342573315,124200
ag680775-379544458,99500
immo-facile-2167064,194681
hektor-cdrieux-513,357000
ag680974-293297804,157000
ag681158-277784123,320000
ag681332-345093396,290000
rodacom-4833387,348000
immo-facile-50575458,699900
immo-facile-49309679,449900
ag750949-312319686,233200
iad-france-730896,88000
immo-facile-49000590,359800
ag680278-242725942,179900
guy-hoquet-immo-facile-6032368,265000
hektor-expertiseimmo-3,115000
immo-facile-51382527,178000
ag333464-381680500,143000
guy-hoquet-immo-facile-2794364,150000
century-21-202_3185_1221,90000
century-21-202_3377_1297,189740
iad-france-905677,129500
mgc-243666790-RK_MSB-M_M-20_LAUTENBACH_68610_TM440h,279000
orpi-1-054037E22Z20,318556
mgc-118756865_EK-0610-BLOD-460-EK-BLOD460-107-EK-0610-BLOD-460-EK-BLOD460-107,398800
151236505,332000
158553827,219000
guy-hoquet-immo-facile-6035989,171700
160967235,311352
guy-hoquet-immo-facile-2623390,110000
mgc-377666085-C-TUR-500-166-AG,497500
nexity-0089__89058,115170
guy-hoquet-immo-facile-4934757,420000
hektor-generalimmo-2608,132300
gedeon-23728767,140000
orpi-1-054927E26JX5,425250
ag681088-349152543,247000
hektor-alaingimmo-319,295000
hektor-agence-efco-immo-1716,305700
ag680734-364216144,201960
safti-1-463743,75000
safti-1-598052,216000
hektor-lifeimmo-1998,469000
entities-1044598-2771717,343900
orpi-1-054039E2MCKB,109500
hektor-alaingimmo-402,162500
immo-facile-50653503,238500
immo-facile-50636246,343200
160967777,368900
ag681108-353344747,240000
ag680967-345732666,367500
immo-facile-44059482,124800
160070261,218250
immo-facile-35609799,92000
ag671791-366211258,99360
immo-facile-49003132,278000
nexity-GB00165568,235000
orpi-1-054927E2FX15,250000
entities-1044602-2740098,871540
visiteonline-p_5007944,340000
pericles-36629956,239000
ag681158-345787281,196000
ag671791-294238625,159750
laforet-immo-facile-17742576,126260
immo-facile-35646807,173680
hektor-agence-efco-immo-1813,228600
entities-1044599-2718772,359000
mgc-377770455-C-WUE-366-119-OS,392600
orpi-1-054927E1HBUI,420000
orpi-1-054932E1N53O,144000
ag671791-284280539,98000
entities-1044598-2737810,305700
ag681332-357194185,242000
hektor-MAYAIMMO2020-2322,316500
immo-facile-adresse-12257837,217300
ag681444-380512744,84000
ag681104-348987030,432500
immo-facile-45457411,451300
ag671913-330372318,223500
orpi-1-054933E2BA5T,135000
ag681237-360123856,262000
immo-facile-51395991,185000
immo-facile-adresse-12670633,407000
safti-1-770237,309000
ag681108-283793735,207000
orpi-1-054934E2GNO2,125350
entities-1042950-3885261,257880
mgc-376055540-CWE-230215-110015,292000
ag681158-275018177,90000
ag680286-319690089,335000
orpi-1-054037E266N9,287852
ag681391-346428435,196000
ag671791-307371549,498000
immo-facile-48227264,465700
entities-1043690-3639074,417760
immo-facile-46211250,557200
ag754248-347643675,335000
ag680575-305454165,418500
hektor-immo-wittenheim-3162,83000
rodacom-4463394,253200
apimo-7531458,399000
iad-france-1262080,175000
immo-facile-50361048,340000
hektor-MAYAIMMO2020-2473,399500
rodacom-4490502,238400
guy-hoquet-immo-facile-2747434,83000
guy-hoquet-immo-facile-5614322,147500
ag671791-281746883,307000
ag681141-381896281,86000
immo-facile-51775981,424400
immo-facile-34817019,189280
adapt-immo-680091208,292000
ag681108-340846712,253000
mgc-334609215-SL-20220228-FESSENHEIM,320000
safti-1-634271,275000
ag681391-365796763,460000
rodacom-4403242,69000
mgc-344082817-CWE-220519-154817,246000
ag681237-338497080,138900
157832285,305800
hektor-moebel-immo-66,293000
orpi-1-054038E2FYSX,349000
ag680632-241857001,140000
mgc-334845985-MS-220302-100629,235000
orpi-1-054037E1IHH0,223088
ag681391-339662535,165000
ag671474-374107753,685000
hektor-agence-efco-immo-1435,569000
hektor-girardi-pfastatt-2378,297000
hektor-expertiseimmo-64,549000
mgc-110707820,201229
153625853,208000
guy-hoquet-immo-facile-4890247,88000
hektor-5_lerosenberg-1519,330000
ag681210-365059993,269000
guy-hoquet-immo-facile-6117980,94000
safti-1-701610,175000
immo-facile-50641230,58000
iad-france-884958,148000
immo-facile-52471702,140000
laforet-immo-facile-20803169,168540
guy-hoquet-immo-facile-6201683,105000
orpi-1-054038E21UPO,169000
hektor-immolandismunst-1151,265000
immo-facile-40381324,280000
immo-facile-47623658,221600
ag681391-365796250,158000
pericles-32194704,247500
hektor-ag-orim-1212,169500
immo-facile-50586985,156000
mgc-382343650-RK_WILLER-SUR-THUR-TM257_ppi,249800
ag681391-343130313,190000
hektor-robischung-2410,459000
ag681088-382101886,190000
ag671791-313921104,116000
ag671913-374900089,392500
iad-france-1000672,399000
ag680297-241122025,231000
immo-facile-37147750,166400
citya-immobilier-1273-TAPP488030A,98100
hektor-immoplusalsace-2179,357000
ag681158-374707342,404000
hektor-immoplusalsace-2193,489900
hektor-CGAIMMOBILIER-1744,235584
orpi-1-054041E2C4ES,96800
ag681108-273170714,355000
ag680775-353700655,61000
hektor-PAQUIN2020-47,399000
mgc-111006069,235228
ag681542-378877068,110300
immo-facile-40711859,672750
ag671791-312853560,85000
safti-1-684535,75000
immo-facile-51402276,750000
ag541392-325378275,238000
gedeon-22971827,480000
entities-1044602-2648705,932820
iad-france-917028,225000
hektor-CGAIMMOBILIER-814,207000
iad-france-1331955,338000
mgc-339674517-MK-HAUSGAUEN-2022114,385440
ag670426-338504847,249000
immo-facile-2069560,122340
entities-1044598-2732765,379450
ag671913-375786427,227000
hektor-agence-efco-immo-1359,288500
safti-1-681845,99000
152370047,445000
immo-facile-43999378,150000
hektor-robischung-2870,590000
iad-france-771570,239000
ag681158-309386607,235000
ag681237-377653798,155000
ag681391-365796679,424000
ag681158-320676042,458000
hektor-immolandismunst-1082,181900
ag681158-289046450,572000
guy-hoquet-immo-facile-5636018,103400
hektor-MAYAIMMO2020-2362,305000
immo-facile-39611354,348400
ag681237-361748098,91800
ag681237-381278602,129900
ag671791-320486325,116000
hektor-robischung-2450,315000
mgc-381237362-CWE-230405-112434,235900
hektor-generalimmo-3011,376000
hektor-MAYAIMMO2020-2583,349500
apimo-82256911,220000
160340161,110000
ag681423-375579097,231000
ag743447-360799837,69900
hektor-agfreyimmo-908,220000
safti-1-706441,120000
mgc-242855670-SJ-200310-095112,219900
ag680286-376352974,182000
ag670426-343593633,159000
century-21-202_3185_924,312000
safti-1-748277,163000
iad-france-708179,180000
entities-1043690-3683557,318970
iad-france-1265685,294000
ag680632-251478637,126000
hektor-CGAIMMOBILIER-1047,148500
ag670426-338504733,210000
adapt-immo-670074197,177500
ag671474-283012595,88000
154289027,265000
hektor-A4IMMO2020-88,214200
ag671791-282034559,315000
160195543,345600
ag340369-344601405,56000
ag681212-348744291,85000
mgc-342833886-MK-ILLFURTH-20220509,405138
hektor-MAYAIMMO2020-2348,186375
guy-hoquet-immo-facile-5863220,165000
ag681075-379574827,565000
hektor-cpdelta-20,210686
entities-1043690-3670412,506230
immo-facile-51169395,156000
ag671791-321281826,150000
ag680632-236814595,76300
immo-facile-3513768,358000
mgc-118756865_DMSC5-DMBRU-DMSC5-DMBRU,388000
safti-1-774257,73000
orpi-1-054037E1PKVT,414635
hektor-308_troispourcent_admin-41162,349900
safti-1-724206,299915
hektor-alaingimmo-414,250000
ag681121-315462288,140000
immo-facile-3763023,56500
apimo-8158271,169803
mgc-365157220-MKI-FISLIS2-20220411,344385
guy-hoquet-immo-facile-5695377,139900
hektor-agence-efco-immo-1450,289000
immo-facile-3424917,735000
safti-1-771887,83000
immo-facile-49119692,405600
orpi-1-054041E15YAZ,203100
rodacom-5188497,569000
immo-facile-49441037,249000
ag670426-339235386,194000
hektor-girardi-pfastatt-3309,294000
ag681210-356684065,218400
immo-facile-38015103,166400
ag681108-343419738,135000
ag671791-372101557,99360
mgc-382817137-pp-230420-104123,283600
ag681141-369298300,474000
ag671791-309946968,447000
iad-france-684888,100000
ag671791-370645195,277000
orpi-1-054039E1Q7KC,66000
immo-facile-35867152,194400
entities-1044602-2659189,741000
ag681088-354599395,257000
hektor-amsignatureimmo-77,128400
ag440414-332440956,248000
guy-hoquet-immo-facile-2692344,14900
orpi-1-054041E1JT1Z,155860
safti-1-762856,135000
ag671791-289446242,185000
ag671791-319641750,106900
immo-facile-32380650,79000
hektor-cdrieux-708,208650
hektor-lifeimmo-1982,279000
iad-france-1212336,185000
mgc-347591017-MS-220616-101036,309000
immo-facile-45909833,380000
hektor-ba-immobilier-1221,351700
immo-facile-adresse-11003528,469000
immo-facile-50458415,134000
immo-facile-43356416,349520
ag680734-372752163,82000
ag680297-347823576,76000
apimo-4234800,238500
151822021,280500
adapt-immo-680091345,240000
144669101,248500
guy-hoquet-immo-facile-4812980,66000
entities-1043690-3639069,276620
guy-hoquet-immo-facile-2761907,195000
rodacom-4013139,275000
ag681088-329212374,219900
mgc-259368631-VM-BOLLWILLER-2020711,319000
entities-1043690-3678244,300915
guy-hoquet-immo-facile-1869165,126900
apimo-6883166,291500
160967683,406610
hektor-MAYAIMMO2020-2431,249500
ag681158-328486932,194000
apimo-6261187,125000
iad-france-773876,178000
ag671791-301648203,200000
ag681332-351828679,318000
ag670426-343593705,279900
mgc-295742763-CWE-210329-160005,267000
ag751938-381483046,320000
immo-facile-47725985,445000
ag680010-278689037,178500
snpi-5238935,175000
hektor-immolandismunst-1043,173000
immo-facile-49704165,150000
hektor-generalimmo-2714,266000
hektor-girardi-blotzheim-2677,180000
ag681423-370315600,183750
ag440414-357893452,195600
immo-facile-adresse-12907150,133750
gedeon-24842297,487000
safti-1-770848,116000
gedeon-25511659,166000
bouygues-immobilier-030-268C96,258000
ag340369-372108943,71500
gedeon-23728771,290000
rodacom-4429106,749000
century-21-202_3377_1091,273000
hektor-cpdelta-31,318091
ag340369-334117437,251000
ag680278-224668588,179900
orpi-1-054041E1KC3J,97200
mgc-303040898-SJ-210525-100833,449000
immo-facile-47596529,119800
guy-hoquet-immo-facile-2570834,240000
155141541,92650
gedeon-24848546,226000
rodacom-4489359,219500
mgc-355231200-C-MUN-518-AG,331000
ag681391-350348917,386900
apimo-4233624,330000
adapt-immo-680091450,199000
hektor-ag-orim-1048,472500
hektor-1_lerosenberg-2002,315000
ag671913-377325508,575000
hektor-ELSASS2020-4639,370000
immo-facile-51609661,255000
rodacom-4421187,369000
immo-facile-52049490,280000
entities-1042950-3885251,488500
ag681075-361988839,92000
guy-hoquet-immo-facile-5525905,295000
ag671913-378881797,410000
ag333464-359002015,153000
ag670426-343593819,545000
hektor-immolandismunst-1060,144450
safti-1-786982,330000
immo-facile-3234133,170200
orpi-1-054041E2GQD8,176550
hektor-cdrieux-885,169000
mgc-165885535_HAMOMUESPACH,244500
safti-1-756973,120000
ag681237-276785861,179500
immo-facile-35567047,525000
apimo-4581620,178000
ag671791-285089138,307000
citya-immobilier-1273-TAPP418977,98000
entities-1043690-3682719,260920
ag680575-181027573,255000
ag340378-271147424,163000
immo-facile-2508748,186170
immo-facile-50852782,156000
ag670547-299169717,179760
ag680010-278688746,304500
immo-facile-48734271,126750
hektor-MAYAIMMO2020-2436,599000
orpi-1-054037E1MDX9,329176
hektor-MAYAIMMO2020-815,159000
safti-1-624782,127200
hektor-MAYAIMMO2020-1610,465000
immo-facile-48000777,275600
ag680010-205568460,541000
visiteonline-p_4972596,168200
hektor-agence-efco-immo-1748,444200
apimo-6784714,135000
immo-facile-45835110,130000
ag671913-320340237,258000
guy-hoquet-immo-facile-2301159,110000
immo-facile-17739012,399900
guy-hoquet-immo-facile-5515553,221500
apimo-7951869,79000
ag333464-317862414,250000
rodacom-4188548,178500
entities-1044598-2732065,362300
orpi-1-054038E1KJBW,235000
orpi-1-054927E1N732,80660
immo-facile-48820537,249600
immo-facile-45270942,312000
iad-france-1137901,159000
hektor-moebel-immo-77,354000
hektor-dagon68390-2458,367500
guy-hoquet-immo-facile-6235673,289000
ag680278-249654769,873600
immo-facile-47563276,240000
iad-france-1013168,305000
guy-hoquet-immo-facile-5810561,56000
ag681332-322694757,290000
apimo-5526106,249000
hektor-cdrieux-712,175000
ag671791-291171653,162000
157673283,395000
ag681332-336216186,640500
guy-hoquet-immo-facile-3074507,147000
rodacom-4840694,223267
ag680575-379780693,169500
146172993,210000
mgc-345008721-LM-GALFINGUE440-20220527,310000
orpi-1-054038E1HOCI,180000
ag681158-378912910,205000
guy-hoquet-immo-facile-2728178,384000
ag681124-347803956,266000
ag681104-274454336,65000
ag671633-356860960,157000
ag333464-309805410,266500
ag681158-338317038,289000
mgc-382473251-CWE-230417-164457,289000
immo-facile-47187786,160000
guy-hoquet-immo-facile-5832930,242500
immo-facile-51908822,318000
hektor-moebel-immo-337,303200
ag681391-373948741,395000
apimo-8158463,522000
hektor-cdrieux-641,263000
ag671791-292692518,117000
gedeon-22757282,98000
ag680010-322488084,168000
visiteonline-p_5342861,178206
apimo-8050001,89900
orpi-1-054038E2A3PI,79000
ag681158-287033447,249000
hektor-MAYAIMMO2020-2176,357000
rodacom-4694578,167800
orpi-1-054048E1OKL4,197950
160967197,262100
hektor-robischung-2283,170000
rodacom-4999052,246450
150550529,377500
153896477,233800
guy-hoquet-immo-facile-2795265,141300
guy-hoquet-immo-facile-2798086,60000
ag671791-305374962,695000
hektor-1_lerosenberg-1584,950000
immo-facile-50593151,151000
iad-france-955379,173500
guy-hoquet-immo-facile-5771317,536000
ag250034-225346615,873000
immo-facile-35600591,468000
gedeon-23728762,398000
ag680010-222020011,208000
ag681237-361011028,239625
adapt-immo-7401422067,116630
ag671791-332232015,260000
immo-facile-47917572,197600
ag671791-282033776,112000
gedeon-22360705,145000
ag681154-252828250,771000
hektor-MAYAIMMO2020-1999,229000
hektor-immo-wittenheim-3078,243800
hektor-CGAIMMOBILIER-766,101000
entities-1044602-2637195,636700
hektor-immo-wittenheim-3243,106000
entities-1043690-3771597,324310
hektor-cdrieux-852,165000
guy-hoquet-immo-facile-762212,93500
hektor-girardi-pfastatt-2766,239000
safti-1-794626,375000
hektor-immo-wittenheim-3135,120000
century-21-202_3377_1178,75000
mgc-332038490-C-HEC-753-B-OS,400000
150444241,280000
guy-hoquet-immo-facile-2208637,199000
mgc-286275675-CWE-210125-115451,278000
ag681158-340587279,489000
157818463,319000
hektor-robischung-2679,575000
guy-hoquet-immo-facile-4663314,270000
immo-facile-34383385,475000
guy-hoquet-immo-facile-5504650,239000
ag681444-378311188,258400
immo-facile-50458448,349000
ag680633-280626941,180000
ag681391-371969557,296800
orpi-1-054041E2FW6M,215000
rodacom-4417791,159000
safti-1-767505,185000
entities-1044602-2716744,612600
hektor-alaingimmo-419,168000
ag681237-335701023,138240
immo-facile-38924787,256800
mgc-118756865_RFSOUL629-RF111TPG2-RFSOUL629-RF111TPG2,395000
mgc-376363402-RK_MSB_VOL_TM482b,274800
hektor-generalimmo-2729,255000
immo-facile-48467715,56000
safti-1-679380,99000
safti-1-787738,740000
142788001,209500
rodacom-3951364,155000
entities-1043690-3679258,348005
ag671791-282925346,192000
hektor-robischung-2149,233000
hektor-robischung-2321,335000
hektor-girardi-pfastatt-3153,475000
immo-facile-50866379,125700
ag681088-375717880,93000
orpi-1-054933E28QUV,265000
immo-facile-49492754,980000
153628677,82500
hektor-MAYAIMMO2020-2328,227900
orpi-1-054934E2C5HM,89000
hektor-immolandismunst-1159,192600
ag681106-381826099,349000
ag680734-364216138,166430
apimo-4425480,191000
orpi-1-054927E1R8D2,318000
ag681106-357899443,640000
adapt-immo-680081294,83740
hektor-ifeaimmo-2143,364000
laforet-immo-facile-21006452,625000
immo-facile-3410711,126000
ag681391-326314986,165000
hektor-immo-wittenheim-3119,254800
ag671913-374114647,310000
ag681120-326400348,352000
158742841,285236
mgc-340797231-Lautenbach700VV2P,365000
ag681237-361011043,727950
160967509,442100
ag743447-372632170,229900
orpi-1-054927E252CR,175403
ag680010-191573197,259350
hektor-CGAIMMOBILIER-913,159000
138584869,254000
hektor-sweethomeconseil-1251,500000
hektor-696_EXPERTIMO22-127686,335000
mgc-380281286-CWE-230327-183822,259500
entities-1043690-3772736,311000
hektor-immoplusalsace-2170,105000
ag681237-299041653,181000
ag681158-368927695,195000
immo-facile-49828355,220000
ag681088-352697854,169000
ag681391-324378726,371000
hektor-MAYAIMMO2020-2218,355000
mgc-165885536_LES-IMPRESSIONNISTES,180500
160967953,293100
hektor-girardi-pfastatt-3332,101000
orpi-1-054039E1W8VT,258000
rodacom-4840697,196100
ag671913-382200262,354500
entities-1043690-3711922,407110
gedeon-25791728,199000
hektor-MAYAIMMO2020-2559,130000
hektor-cpdelta-252,398000
iad-france-933157,417000
ag681104-328125744,290000
immo-facile-34238383,315000
150949865,450000
rodacom-4644867,146900
hektor-girardi-pfastatt-3182,335000
ag680010-333866979,199500
immo-facile-51777770,167400
iad-france-1076785,148000
guy-hoquet-immo-facile-4641781,182100
hektor-girardi-pfastatt-2914,148000
ag681127-336794943,295000
ag671791-284619629,245000
mgc-330797557-MS-220125-092621,339000
hektor-LECEDREIMMO-155,425000
ag680575-335053704,245000
citya-immobilier-1273-TAPP462992,73000
ag671474-374064067,279000
apimo-4032058,116500
mgc-270364536-CWE-201002-162800,448000
ag681237-307481373,239625
147381081,125000
immo-facile-49517631,205000
hektor-generalimmo-3249,214000
apimo-7874438,620000
entities-1043690-3682710,352200
hektor-girardi-pfastatt-2926,168000
hektor-girardi-pfastatt-2769,205000
immo-facile-51772384,79300
adapt-immo-680081293,150000
immo-facile-49587413,289000
158644491,210000
hektor-MAYAIMMO2020-2397,249000
hektor-girardi-blotzheim-2739,250000
mgc-382472030-CWE-230417-162906,584000
ag671474-353951974,130000
ag671791-360638635,108000
160555517,430500
rodacom-4361159,210000
entities-1042950-3869213,318825
ag671791-315120210,110000
adapt-immo-680091589,381000
hektor-dagon68390-2149,279000
ag681332-351974872,194000
141949335,138000
hektor-generalimmo-2970,228000
mgc-382507894-RK_MSB_ALG_TM482b,291800
ag671474-376728961,195000
immo-facile-38775627,225300
apimo-4432723,285000
immo-facile-46958978,175000
ag671791-291496049,67200
hektor-1_lerosenberg-1948,655000
hektor-MAYAIMMO2020-2550,320000
mgc-337120352-C-RUS-703-D-AG,392300
laforet-immo-facile-20609216,123050
apimo-8158443,605000
entities-1044599-2725460,365700
immo-facile-43937536,225000
161284843,276200
ag681332-351974845,274700
ag671791-326370333,110000
guy-hoquet-immo-facile-3886462,82500
ag750949-277099649,140000
ag671474-319447227,329000
ag680010-314080674,241500
guy-hoquet-immo-facile-6300598,80000
ag671791-324966882,130000
immo-facile-34170474,161200
hektor-dagon68390-2438,299500
mgc-382467081-C-RUS-414-112-AG1,303750
mgc-330170721-EK-1901222-Waldig-619-ID416,363365
ag340369-346695624,315000
rodacom-4323805,35000
hektor-amsignatureimmo-97,257000
orpi-1-054039E1Z4K9,261000
mgc-118756865_RFASMI387-RF92P2GA-RFASMI387-RF92P2GA,336000
hektor-generalimmo-3015,368000
entities-1044598-2652759,283800
ag333464-309592746,394000
hektor-MAYAIMMO2020-2171,355000
hektor-girardi-blotzheim-2607,210000
rodacom-4475471,212000
hektor-MAYAIMMO2020-1865,103000
hektor-immo-wittenheim-3323,166000
hektor-robischung-2423,93500
161548243,311590
ag671474-333349158,227600
iad-france-1177740,199000
adapt-immo-680091396,169000
pericles-35966919,369000
ag681158-254578128,520000
ag681444-368824204,77000
hektor-MAYAIMMO2020-2230,164000
iad-france-1264545,128000
guy-hoquet-immo-facile-5842823,131200
mgc-371897557-VM-STRUETH-202318,429000
ag670426-333335085,319000
160409403,189000
ag250493-338627361,196100
ag681391-369552625,414000
mgc-379868645-pp-230323-095731,283683
ag681332-326653800,192000
iad-france-1270014,430000
155239347,259500
iad-france-1103883,185000
safti-1-585618,175000
ag681423-332706522,170000
guy-hoquet-immo-facile-2975019,222500
immo-facile-51851335,196000
ag681404-332169438,348200
ag681332-318867993,283000
ag680010-351815761,274000
hektor-MAYAIMMO2020-2116,156700
ag680286-380659789,520000
hektor-immo-wittenheim-2621,148000
ag671791-330312135,169000
safti-1-783631,94900
ag681391-350781943,371000
guy-hoquet-immo-facile-2676401,303000
hektor-agencedelill-12852,340000
ag680297-356402251,114400
ag671633-320693076,157000
ag681124-342996975,195000
ag681113-279318566,315000
ag681237-278027270,228900
apimo-4393343,388000
hektor-moebel-immo-141,640000
pericles-36461975,379000
ag681113-284288846,395200
orpi-1-054037E2C3EF,499359
iad-france-944338,102000
ag681119-272866458,125000
149094987,72500
orpi-1-054932E1T4XQ,198000
guy-hoquet-immo-facile-5986698,244700
hektor-immolandismunst-995,224700
immo-facile-48509990,210000
hektor-MAYAIMMO2020-2562,394000
146291457,95000
ag671474-268876292,86000
entities-1044599-2725466,402300
guy-hoquet-immo-facile-1846663,71000
ag681088-383577461,160000
hektor-immo-wittenheim-3290,420000
orpi-1-054933E2IJMB,339800
immo-facile-48249628,249600
hektor-sweethomeconseil-1304,244000
century-21-202_3377_1225,91800
hektor-homeettoits-76,235000
hektor-MAYAIMMO2020-2400,427275
hektor-expertiseimmo-39,165000
mgc-378298516-MKI-ASPACHBAS-230308,267400
hektor-robischung-2848,252000
mgc-357128875-MKI-MUESPACH-20220509,569687
ag340369-337921410,208000
guy-hoquet-immo-facile-2734519,188000
ag680254-188227105,475000
ag681110-343373367,123000
mgc-372768371-CWE-230116-165043,396000
immo-facile-36942478,179000
mgc-291282297-C-RUS-587-B-AG,378000
guy-hoquet-immo-facile-2849969,49000
160667303,245000
immo-facile-52318270,194000
orpi-1-054038E1QK6S,149900
iad-france-1327285,195000
century-21-202_3185_1247,198000
guy-hoquet-immo-facile-2547877,171900
ag681237-367826326,186375
safti-1-695616,145000
hektor-5_lerosenberg-1307,270000
ag681158-348820731,139000
immo-facile-1984062,164893
hektor-girardi-pfastatt-2826,151000
ag671913-370389517,179000
orpi-1-054036E29EAS,71000
guy-hoquet-immo-facile-4242670,240000
safti-1-587656,197000
apimo-6789264,409000
immo-facile-40223476,384800
ag671791-314549739,122000
rodacom-4334703,117800
laforet-immo-facile-19529972,123000
ag681154-335128722,467250
hektor-MAYAIMMO2020-2300,228000
nexity-GB00162320,76700
immo-facile-47563943,390000
ag681106-381251674,150000
mgc-363891412-2510SAUSHEIM290LB2P,321500
135200363,257000
nexity-GB00068159,76200
ag681106-354779143,580000
hektor-cdrieux-763,97000
ag681237-352773691,610000
adapt-immo-680091342,166000
immo-facile-49828235,339000
hektor-robischung-2325,240000
hektor-robischung-2846,242000
ag681404-374337037,189000
ag681237-365934841,471450
gedeon-24752109,169000
iad-france-1325445,395000
hektor-mhimmobilier-1428,262500
immo-facile-50498242,155000
mgc-315286556-MS-210907-153925,325000
mgc-360307303-SOULTZMATT_401LP2P100,318000
ag681158-309821850,260000
guy-hoquet-immo-facile-5857134,305000
guy-hoquet-immo-facile-5627901,66000
immo-facile-3745009,289500
ag681106-379195528,487400
ag681119-255476662,135000
mgc-358332305-CWE-220914-110832,497000
guy-hoquet-immo-facile-6041842,83000
safti-1-581699,204000
hektor-PAQUIN2020-103,832000
ag340369-284258753,351000
apimo-5962500,116000
guy-hoquet-immo-facile-2326479,130000
hektor-robischung-2095,60000
hektor-mhimmobilier-1344,137800
ag681332-351974902,310000
immo-facile-3757021,144900
rodacom-4786664,218000
mgc-266807832-SJ-200909-102232,322000
iad-france-867826,149000
ag680967-335832483,87200
entities-1044599-2697501,306600
entities-1043690-3645066,430195
adapt-immo-680091526,142500
immo-facile-48988261,468000
mgc-ancien-067618,75000
iad-france-784510,109000
ag680010-223358419,219960
ag671913-359088838,254000
hektor-moebel-immo-49,294925
guy-hoquet-immo-facile-6028516,286500
citya-immobilier-1273-TAPP439583,110000
hektor-MAYAIMMO2020-1876,157000
ag681104-317984247,159000
hektor-PAQUIN2020-149,686400
ag681494-354431971,237000
160702397,222500
hektor-MAYAIMMO2020-2489,262180
hektor-agcinqpattes-46,235000
hektor-agence-efco-immo-1755,197200
147744665,35000
hektor-ELSASS2020-2697,634400
immo-facile-47322264,250000
iad-france-1123637,289000
ag301615-382028721,490000
century-21-202_3377_551,100000
mgc-366338858-pp-221116-093548,282877
ag681391-365796022,271000
ag681088-340370979,572000
gedeon-23728758,387000
hektor-robischung-2705,190000
hektor-girardi-pfastatt-3020,142000
ag681110-343373319,159000
hektor-LECEDREIMMO-220,229000
ag681158-342327399,302000
mgc-324125883-AP-UFFHEIM-20212311,338100
rodacom-5087159,302000
ag681404-327518004,630000
rodacom-4495550,165000
ag680010-345985329,149800
apimo-6466329,275000
hektor-agence-efco-immo-1798,281000
153673025,128000
ag681425-333780192,291500
ag311656-353559751,163500
apimo-8126556,130000
149405429,112000
rodacom-4353931,286000
ag681158-313415277,647920
iad-france-932891,95000
immo-facile-48147698,189000
hektor-sweethomeconseil-1027,249000
ag681108-324233877,523000
rodacom-4403187,126000
visiteonline-p_5202296,252000
rodacom-4337693,169000
immo-facile-adresse-10710539,242000
gedeon-26493340,126000
ag681140-317977917,253000
ag681120-375477433,659000
guy-hoquet-immo-facile-2628945,129000
ag541392-325391625,299000
apimo-4597911,380000
entities-1044598-2662306,229900
ag671474-360008917,386500
mgc-283563731-RK_MSB_OBERENTZEN_TM583libr,384800
immo-facile-3436188,179000
ag921790-327348828,69500
iad-france-799121,148000
orpi-1-054928E1HCBP,273500
ag671791-326370600,116000
ag680967-349468458,87200
160617295,302500
orpi-1-054048E2JD7K,171200
rodacom-5201071,254000
ag680278-210633414,346500
ag681237-335813220,263750
hektor-ELSASS2020-910,189000
entities-1044598-2779340,388200
hektor-agence-efco-immo-1692,139900
hektor-expertiseimmo-87,155000
ag671913-358127569,329000
iad-france-1127233,230000
hektor-ghisimmobilier-1770,212000
immo-facile-50179524,208000
nexity-GB00114257,76600
gedeon-24176139,276000
ag681106-378282769,265000
152977293,495500
ag681237-346530276,118800
immo-facile-47554645,190000
immo-facile-35630121,176800
hektor-girardi-pfastatt-3091,330000
hektor-agence-efco-immo-1758,303500
citya-immobilier-1273-TAPP476815A,93000
guy-hoquet-immo-facile-5669214,77500
ag681141-347480292,382000
ag681120-371761159,395900
ag681108-340966209,449000
ag333464-313817955,200000
hektor-robischung-2527,230000
hektor-girardi-pfastatt-2952,297000
ag681237-303595365,255600
century-21-202_3185_1370,144600
hektor-moebel-immo-34,108500
gedeon-23728772,244000
ag671791-329042433,110000
ag340369-322147569,87000
immo-facile-49342017,277800
ag680254-353362498,91800
immo-facile-50646003,339000
adapt-immo-680091323,286000
ag680010-223195261,128400
immo-facile-49251578,367500
mgc-233026419-pp-200108-150902,343060
immo-facile-49644200,150800
guy-hoquet-immo-facile-5502553,119900
ag681210-367629067,322400
hektor-immoplusalsace-2123,475000
apimo-6597550,525000
hektor-girardi-pfastatt-3088,335000
160878355,265000
mgc-359529541-MKI-ZILLISHEIM-20222209,468480
ag681088-380996257,310000
mgc-363760974-C-HOU-90-AG-2,286900
safti-1-788456,130000
orpi-1-054037E26HNC,157000
laforet-immo-facile-17690407,278200
ag681158-289118768,316000
adapt-immo-680091657,228900
immo-facile-48978726,187200
ag680010-222020824,224000
hektor-moebel-immo-79,247000
apimo-2812298,350000
immo-facile-43963325,246684
immo-facile-49839166,249600
apimo-4346366,160000
mgc-357600116-CWE-220908-163307,369000
gedeon-23984724,394000
safti-1-775403,73700
ag681404-326621178,201285
ag671474-319356396,55000
citya-immobilier-1273-TAPP473534A,77000
hektor-cpdelta-5,413017
immo-facile-50791314,345800
immo-facile-32636266,85000
iad-france-1195442,364000
hektor-MAYAIMMO2020-2303,330000
ag681141-376641598,1207500
hektor-CCLAUSSSelestat-16269,109424
immo-facile-52304844,180000
mgc-355232262-C-TUR-500-AG,393500
ag670426-338504421,228600
entities-1044599-2703285,337068
immo-facile-24904379,74800
ag681391-323976948,425000
orpi-1-054039E2ETM6,185000
ag671791-291172376,55000
immo-facile-52520928,158000
ag681104-379146103,166500
hektor-MAYAIMMO2020-2368,197025
ag670426-343593657,481050
apimo-6117167,329000
ag681127-344244138,180000
apimo-6331551,399900
ag671791-282402083,67200
ag680974-316994241,325000
mgc-283578045-CWE-210106-110540,398000
ag671791-281915036,98000
guy-hoquet-immo-facile-5573801,910000
guy-hoquet-immo-facile-5662492,120200
ag681391-347002458,393000
ag671791-321913299,130000
hektor-agence-efco-immo-1918,300000
151027249,148000
ag060811-354351976,290000
127552891,169000
rodacom-4694584,252138
ag671791-288660758,348000
mgc-204776418-25062019sleav,225518
entities-1044599-2775964,343200
apimo-4720988,178000
mgc-177144101,202500
orpi-1-054038E2BJIQ,182000
iad-france-841504,235000
nexity-GB00111036,80000
immo-facile-3706072,231000
apimo-2847552,260000
guy-hoquet-immo-facile-3361560,337000
guy-hoquet-immo-facile-5563391,299000
ag671791-314692773,106900
hektor-agfreyimmo-791,147000
immo-facile-47117496,291500
snpi-5059986,267500
ag671913-354700654,174000
iad-france-886602,299000
rodacom-4403198,149000
orpi-1-054038E1MKDT,179000
125836819,217000
iad-france-1102888,255000
ag671646-325839888,106820
hektor-sweethomeconseil-1247,669000
ag060811-313361883,240000
ag681156-329459340,280000
hektor-agence-efco-immo-1837,290000
mgc-355232097-C-VOG-805-AG,358200
guy-hoquet-immo-facile-6078893,155000
guy-hoquet-immo-facile-5962975,286000
ag681106-326541132,165000
guy-hoquet-immo-facile-5610440,120800
ag670426-343593837,192000
entities-1044598-2652762,255672
orpi-1-054041E1D166,119000
mgc-307932542-MS-210701-104814,326000
hektor-MAYAIMMO2020-797,114500
guy-hoquet-immo-facile-4530699,220000
ag680633-279404405,325000
mgc-379272357-C-DES-308-88-AG1,293000
mgc-376204010-SJ-230216-172535,277000
hektor-moebel-immo-52,189000
ag340369-363165613,396000
immo-facile-50202373,210000
ag681158-377054428,149000
immo-facile-48646523,94800
ag680633-269406395,89000
safti-1-779907,197500
ag681237-310489626,280000
iad-france-1309079,355000
ag680575-263622509,250000
rodacom-4401715,163000
hektor-lifeimmo-1812,86000
immo-facile-49858968,524000
hektor-MAYAIMMO2020-2339,199000
hektor-lifeimmo-1795,61000
safti-1-836477,149000
snpi-5202129,230000
orpi-1-054041E1OWKF,118250
immo-facile-35601499,145600
entities-1044601-2814490,622000
ag681106-377685067,735000
iad-france-859549,185000
ag681158-372136090,178000
hektor-CGAIMMOBILIER-807,172500
safti-1-629082,215000
rodacom-4639044,540000
ag681391-366397033,130000
hektor-ELSASS2020-2015,521455
ag681158-373139656,357000
guy-hoquet-immo-facile-3074259,542500
immo-facile-51367002,249600
ag681210-365060035,197600
ag671791-308293059,447000
immo-facile-22519769,166400
150944137,201300
laforet-immo-facile-21469775,330750
ag680297-335702313,780000
157940343,478660
hektor-generalimmo-3208,228000
150944173,189000
hektor-CGAIMMOBILIER-761,299000
ag681108-280436789,138000
ag681108-281596001,549000
ag681237-314723061,380000
ag681234-365177584,451500
ag680632-252092839,58000
iad-france-823705,95000
mgc-366186701-MS-221115-101052,391000
152977305,125217
hektor-agfreyimmo-858,247000
ag681124-339690138,349000
ag750665-253923435,599500
ag671791-305552544,171000
ag681158-370983961,690000
guy-hoquet-immo-facile-5733250,146100
151071449,148000
ag671791-287181041,447000
hektor-alaingimmo-412,136500
ag681404-375575116,124200
nexity-GB00115440,108600
pericles-36850476,131300
immo-facile-44584641,218400
laforet-immo-facile-21139812,171200
immo-facile-adresse-10503468,410000
hektor-MAYAIMMO2020-2564,499500
guy-hoquet-immo-facile-5560472,131100
ag681332-355388854,270000
ag681404-357113218,633000
mgc-371948138-SJ-230109-100925,400700
hektor-MAYAIMMO2020-2289,287000
apimo-8179369,349000
ag671791-294574811,498000
immo-facile-51382039,335000
apimo-6372582,143000
gedeon-25179891,378000
apimo-8158456,336000
ag671791-299472501,117000
ag750949-312459663,256800
mgc-P182,136000
hektor-MAYAIMMO2020-2011,325500
immo-facile-47548116,125000
ag671791-285088481,122000
ag681104-274454354,145000
rodacom-4694462,240660
hektor-ghisimmobilier-1992,232000
entities-1044602-2716904,801841
nexity-GB00149357,200000
safti-1-633541,259000
ag681121-267897812,86000
iad-france-1173121,215000
guy-hoquet-immo-facile-5846907,82000
mgc-339210026-C-BUR-331-OS,267000
apimo-4393329,320000
hektor-robischung-2707,315000
ag671791-313157778,93950
ag681104-274454345,612500
mgc-374288762-pp-230130-101833,317238
hektor-generalimmo-3241,219000
hektor-MAYAIMMO2020-2063,284850
ag681104-367413106,197500
hektor-etudepierreimmo-1360,365000
ag250493-267630089,310000
hektor-robischung-2174,76000
guy-hoquet-immo-facile-5596424,77500
ag671791-333439563,260000
entities-1044598-2645457,297414
immo-facile-47563234,68000
ag681158-297575757,81000
ag681106-362920984,295000
entities-1044599-2794538,387000
immo-facile-51542818,183000
gedeon-26086062,129500
ag681332-320661204,350000
apimo-6889991,468000
hektor-CGAIMMOBILIER-763,169600
safti-1-629087,315000
apimo-4542944,210000
ag681088-346723839,138000
immo-facile-36093944,208000
rodacom-4914821,175000
nexity-GB00139863,50000
safti-1-667602,245000
rodacom-4822149,226800
visiteonline-p_5382552,327668
ag671791-312177630,447000
laforet-immo-facile-17777532,297000
entities-1044601-2795079,902420
ag743447-338261106,299500
hektor-sweethomeconseil-1196,298000
guy-hoquet-immo-facile-2753948,299500
ag671791-305065098,80000
ag671776-275505521,159000
hektor-ag-orim-1163,255000
orpi-1-054038E21RWY,223000
mgc-355411276-LEIMBACH685LBTPSM,595000
orpi-1-054934E2L5D4,104500
immo-facile-34663435,325500
hektor-generalimmo-2830,936000
ag680575-355068388,225500
hektor-robischung-2037,120600
immo-facile-51909025,109000
161417181,215940
immo-facile-34717326,371000
orpi-1-054039E22KF3,620000
ag681332-364393291,205000
ag681158-314280420,169000
iad-france-888563,165000
iad-france-731566,285000
immo-facile-46034528,343600
iad-france-1171711,147000
ag681158-295069301,228000
immo-facile-27740509,199000
gedeon-23251391,48000
immo-facile-49659788,295000
159185267,251698
mgc-251383959-pp-00526-150733,265651
161402515,287680
hektor-MAYAIMMO2020-2377,369250
orpi-1-054038E1BP6T,149000
apimo-3197485,260000
153896465,244200
apimo-7459311,232000
hektor-expertiseimmo-2182,124400
ag440414-214201083,181983
citya-immobilier-1273-TAPP436895,88000
hektor-generalimmo-3430,287000
apimo-8082994,200000
entities-1044598-2713086,424280
immo-facile-47831341,280000
guy-hoquet-immo-facile-6224058,156600
hektor-robischung-2665,349000
ag681444-344791119,218000
guy-hoquet-immo-facile-6324052,296500
gedeon-24652370,298000
immo-facile-47623931,317200
immo-facile-3272757,287234
mgc-380639396-CWE-230330-163341,258500
ag680632-280324427,83700
iad-france-1054006,119000
immo-facile-2522606,281915
ag671474-347756484,399000
ag681113-313604754,237000
safti-1-887667,178000
hektor-sweethomeconseil-1246,340000
ag681494-371163697,377000
immo-facile-50128699,181600
hektor-girardi-pfastatt-3301,355000
ag671791-303231456,200000
guy-hoquet-immo-facile-5562278,242500
safti-1-803972,249600
rodacom-4644868,149000
immo-facile-47503194,161200
iad-france-760363,138000
ag671791-324459498,227900
hektor-cpdelta-33,266257
immo-facile-48973615,129600
hektor-immo-wittenheim-3175,116600
145868211,69500
ag681237-331411101,195000
hektor-1_lerosenberg-1609,479000
156497689,238980
ag681237-321753255,175700
ag681404-358528504,266250
mgc-368788267-0712WUENHEIM314JC2P100,331500
immo-facile-35774355,318556
hektor-moebel-immo-57,449000
orpi-1-054927E1PG52,164341
orpi-1-054048E1QV0T,149800
immo-facile-43358547,65000
ag680967-301666326,212000
mgc-373049758-CLM-DESSENHEIM-011823,278900
ag670426-342304953,199900
hektor-girardi-pfastatt-3280,365000
ag671913-382378891,419000
ag680974-269054447,450000
151410805,228000
immo-facile-42373572,359438
entities-1043690-3639188,362520
hektor-moebel-immo-260,531000
hektor-moebel-immo-90,599000
ag681088-320216391,199000
161395405,499000
hektor-robischung-2373,82000
hektor-3ROIIMMOBILIERE-1001,320000
ag681158-304760127,349000
mgc-332651518-MS-220210-101440,455000
safti-1-689231,92000
orpi-1-054039E14WB8,109900
ag680824-319029189,142000
immo-facile-48401966,267500
ag681158-322477866,143000
ag671791-315434394,130000
immo-facile-48494714,420000
iad-france-1021145,344500
ag681055-339926469,598000
ag743447-350122258,299500
orpi-1-054036E26GYD,88000
ag681404-374465956,129600
ag671474-322507287,110000
ag681088-330588861,367000
hektor-cdrieux-798,273000
apimo-8158467,287000
immo-facile-47231836,195000
160646771,207500
apimo-82228852,683356
ag681108-282181892,142396
mgc-332648266-MS-220210-092608,249000
ag681237-345087021,199155
ag681404-350698825,86400
hektor-generalimmo-2967,157800
mgc-318976620,217000
hektor-agfreyimmo-824,209000
160538065,340100
ag680967-241256653,300000
immo-facile-47646337,140000
ag681088-375868222,149000
ag681122-304723377,352000
hektor-ghisimmobilier-2031,356000
immo-facile-48746165,425000
ag671791-284282180,159750
hektor-PAQUIN2020-25,212000
ag671791-300881556,78400
immo-facile-49582995,270400
mgc-302443344-cf-soppeviviale650,297500
ag680297-245898865,149000
hektor-agfreyimmo-806,220000
visiteonline-p_5203669,212990
ag681234-362094211,129600
hektor-agence-efco-immo-1939,385000
immo-facile-51643630,105000
nexity-GB00114873,275000
immo-facile-adresse-13088892,179000
ag681158-323592627,255000
guy-hoquet-immo-facile-4872708,285000
entities-1044601-2646165,780000
hektor-girardi-pfastatt-3379,380000
ag680010-265675571,77000
guy-hoquet-immo-facile-1902573,355000
ag750665-253923444,246900
immo-facile-52319385,195000
rodacom-4401719,385000
immo-facile-49480838,119800
hektor-MAYAIMMO2020-822,165000
ag680286-264784529,160000
ag681156-354218791,284000
hektor-girardi-pfastatt-2840,380000
immo-facile-35168883,335360
hektor-MAYAIMMO2020-1848,240000
entities-1043690-3639071,430620
125437537,219000
ag681391-360478114,680000
iad-france-814859,126500
154338713,76500
hektor-agence-efco-immo-1764,306400
ag681404-373832515,159750
hektor-amsignatureimmo-98,241500
ag680254-362284444,190800
immo-facile-31958208,249600
mgc-307769748-RK_MSB_STEINBACH_TM865h,595100
immo-facile-45239963,315000
citya-immobilier-1273-TAPP426270,55000
hektor-amsignatureimmo-65,329000
hektor-robischung-2595,174000
entities-1044598-2779339,412400
iad-france-1135962,259000
rodacom-5217121,219500
154637925,170000
orpi-1-054039E28I4Z,439000
ag743447-328387533,57500
guy-hoquet-immo-facile-3864044,200000
ag671791-365395828,277000
visiteonline-p_5139657,249000
guy-hoquet-immo-facile-4670018,290000
ag680297-245794102,239000
ag681110-334388220,312000
mgc-342983985-LM-SEPPOISLEBAS-20220510,332000
160782757,329500
hektor-MAYAIMMO2020-1810,335000
immo-facile-47983400,339000
mgc-293676524-RK_MSB_BATTENHEIM_TM525,324800
immo-facile-35647014,240000
147151701,83740
orpi-1-054038E248TE,369000
157278277,175000
ag670609-345242466,349800
ag681145-346787922,92650
hektor-CGAIMMOBILIER-983,367500
ag671717-371144719,369000
ag680254-271965620,169600
hektor-expertiseimmo-1873,208500
iad-france-1205379,335000
hektor-generalimmo-3200,232000
152858161,231928
ag681158-299691348,79000
apimo-8176777,790000
immo-facile-49839960,250000
guy-hoquet-immo-facile-4655040,82500
hektor-robischung-2463,170000
ag680575-176911447,295000
ag671791-281161247,185000
iad-france-984628,138000
hektor-ELSASS2020-2830,397000
ag680010-283322732,189000
hektor-CGAIMMOBILIER-811,205000
ag681113-302184258,265095
apimo-82485612,425000
guy-hoquet-immo-facile-5698098,278000
immo-facile-50816445,225750
immo-facile-51185417,345000
ag681234-346549425,124200
ag671791-291495650,109000
immo-facile-50403995,468000
ag681444-378558946,169900
148521525,246400
mgc-118756865_RFASMI595-RF112P2GA-RFASMI595-RF112P2GA,445000
immo-facile-47468175,150800
mgc-239592783-200218-095236,300000
hektor-girardi-pfastatt-2374,380000
apimo-4425565,577000
ag681110-362580001,322000
orpi-1-054037E22Z10,257000
ag681391-365796148,478000
hektor-girardi-pfastatt-3183,165000
ag670640-200204559,305700
ag060811-382630130,193548
ag670426-342635985,216000
rodacom-4616503,304500
ag250493-243890314,461000
ag680633-251942422,95000
hektor-agence-efco-immo-1892,169000
144948101,103000
ag671791-289789859,348000
ag680297-255105741,189000
nexity-GB00144235,120000
immo-facile-35349745,153000
immo-facile-3780172,395000
ag340369-302375094,220000
ag681237-369863863,295400
immo-facile-47554721,168000
hektor-MAYAIMMO2020-2317,535500
ag681158-332453187,248000
hektor-immo-wittenheim-3207,224640
ag671791-295738691,117000
ag671791-282281792,121900
immo-facile-3306489,273000
hektor-premium-prestige-11215,364500
ag681158-368899078,215000
96654821,138000
entities-1044598-2630469,366700
guy-hoquet-immo-facile-2791374,350000
148552373,475000
nexity-GB00144061,210000
hektor-ELSASS2020-3401,365000
hektor-lifeimmo-1843,60000
apimo-4193370,159930
apimo-82367927,229000
immo-facile-2359431,631579
gedeon-23766838,219900
entities-1044599-2745257,445000
mgc-323968376-MS-211122-164534,320000
immo-facile-48530887,185000
apimo-6845737,265000
iad-france-1295647,259000
orpi-1-054041E1HYTE,134375
mgc-357152608-3HOCHSTATT1000LPTP,800000
ag311656-359964790,85000
rodacom-4328636,147600
hektor-ag-orim-1038,530000
hektor-girardi-pfastatt-2845,115000
ag340369-359063236,330000
ag681140-369516793,316000
hektor-moebel-immo-338,440000
mgc-330462536-MS-220121-155912,368000
ag681237-277425833,135000
ag671791-296227368,78400
hektor-valencay-immo-2634,150500
iad-france-793006,185000
gedeon-25350579,55000
ag680297-302934513,148400
hektor-1_lerosenberg-1769,249000
hektor-CGAIMMOBILIER-750,175000
immo-facile-35271482,140400
mgc-272824977-201019-105209-MS,324800
entities-1043690-3639120,410255
ag681113-296984382,140000
ag681154-256239616,299400
gedeon-24791033,694000
gedeon-26699965,425000
immo-facile-44070173,297000
rodacom-4727915,66000
hektor-1_lerosenberg-1441,405000
entities-1043690-3683142,282360
nexity-GB00103789,108900
mgc-355145084-CWE-220819-162951,277000
nexity-0089__89101,179000
laforet-immo-facile-19532746,195000
ag681113-267030620,69000
hektor-ag-orim-1104,690000
entities-1043690-3706201,280070
ag743447-373800199,299000
ag680575-347790885,183000
safti-1-599588,239200
ag681156-366099271,135000
guy-hoquet-immo-facile-2946589,230000
ag680632-258471790,86900
guy-hoquet-immo-facile-5027485,120800
immo-facile-49480329,349520
hektor-generalimmo-3060,292000
gedeon-24739277,198000
immo-facile-39633662,140400
gedeon-25288980,392000
hektor-MAYAIMMO2020-1895,74000
immo-facile-51847695,225000
guy-hoquet-immo-facile-4883763,122000
guy-hoquet-immo-facile-5596748,83000
hektor-generalimmo-2827,541000
mgc-374665987-CLM-WOLFGANTZEN-230202,296000
iad-france-972970,138000
safti-1-578317,659000
hektor-immo-wittenheim-3295,185500
hektor-moebel-immo-5,421800
160967517,227250
immo-facile-35636645,280000
ag680286-363959665,224000
mgc-288670167-CWE-210209-151628,372000
hektor-agence-efco-immo-1536,225750
guy-hoquet-immo-facile-2733687,179000
hektor-MAYAIMMO2020-1956,159000
ag750665-266388425,187000
hektor-cdrieux-637,478400
ag681104-274454348,240000
immo-facile-adresse-10988855,165048
gedeon-25192807,235600
immo-facile-38250889,30000
hektor-ELSASS2020-3635,417000
ag743447-379326640,138500
immo-facile-49309627,479000
150943957,208540
mgc-313544427-RK_MSB__WILLER-SUR-THUR_TM1379,343700
ag681109-359477914,177000
guy-hoquet-immo-facile-4948766,94000
mgc-203628239-SJ-190618-095307,354000
ag671474-380234170,159750
immo-facile-43065525,142480
ag680632-224563120,90000
immo-facile-28620966,439000
ag671791-282402089,122000
ag681423-375217579,136500
ag680967-260698945,150000
entities-1044599-2718764,324000
hektor-girardi-pfastatt-2982,163000
orpi-1-054037E2BOGB,305000
hektor-1192_EXPERTIMO22-104841,168000
adapt-immo-680091416,126000
immo-facile-adresse-12981072,184040
hektor-LECEDREIMMO-162,318000
hektor-robischung-2626,295000
immo-facile-3395695,324470
160967379,225000
iad-france-996826,194000
ag681158-276087551,416000
mgc-118756865_HMMEY011B-HMBOLD111M2-HMMEY011B-HMBOLD111M2,410000
ag440414-347907543,300284
iad-france-1107377,205000
hektor-1_lerosenberg-1333,468000
hektor-cdrieux-760,173250
ag681237-370102576,567000
ag681391-365796196,342000
ag681158-370711438,289000
guy-hoquet-immo-facile-4619288,69500
ag671474-323176656,285000
immo-facile-38980175,926327
immo-facile-46091230,295000
orpi-1-054933E1Q0X2,231800
ag681104-370318501,230000
ag681108-280420754,342000
iad-france-861628,175000
ag681237-330010563,99900
guy-hoquet-immo-facile-5715432,182000
immo-facile-49868840,151200
safti-1-771341,126000
guy-hoquet-immo-facile-3904226,141300
guy-hoquet-immo-facile-5734481,146000
hektor-CGAIMMOBILIER-1761,330116
hektor-cpdelta-216,374900
hektor-MAYAIMMO2020-1933,337000
entities-1043690-3679019,316679
ag671791-311121072,122000
mgc-363772654-MKI-ZILLISHEIM-20221024,475985
hektor-agfreyimmo-916,242000
century-21-202_3377_809,728000
ag681391-332963646,296000
immo-facile-50418104,99500
guy-hoquet-immo-facile-5612640,64000
153573199,325500
immo-facile-33593815,139880
150550501,305600
ag751938-275813513,315000
ag681104-274454306,65000
mgc-342402980-C-HIR-410-OS,285000
immo-facile-44113347,285000
guy-hoquet-immo-facile-5762073,71000
hektor-CGAIMMOBILIER-847,149600
entities-1044602-2648703,987000
ag681212-349196370,540000
ag680297-307808151,480700
hektor-CGAIMMOBILIER-934,173250
ag681158-340548837,312000
hektor-robischung-2436,430000
ag681154-256239769,360000
iad-france-1224758,285000
147744669,99000
citya-immobilier-1273-TAPP481311,287000
ag681121-240723103,205000
iad-france-1020593,145000
hektor-girardi-pfastatt-3073,136000
ag671791-287586722,315000
snpi-5319843,245000
immo-facile-35201429,344000
ag671791-281160824,151000
immo-facile-45976088,172800
ag340369-323989950,336000
rodacom-4493473,175000
adapt-immo-75008114351,598230
ag681108-272463716,273000
orpi-1-054927E26ZWI,840000
safti-1-675177,172000
ag681158-378082420,451000
ag681158-348246507,90000
hektor-agfreyimmo-891,367000
hektor-immolandismunst-1121,367500
hektor-PAQUIN2020-160,330000
ag681158-283644119,396000
iad-france-881622,251000
ag681237-359054743,200000
immo-facile-3555874,399000
rodacom-4694468,316091
guy-hoquet-immo-facile-5695193,187200
ag681237-276785933,174900
hektor-sweethomeconseil-1274,445000
guy-hoquet-immo-facile-5505507,98500
157403307,329360
immo-facile-46236935,225000
ag680254-328461309,123000
hektor-immolandismunst-1172,254400
apimo-8138886,239625
160967393,308085
adapt-immo-7401422005,483000
hektor-CGAIMMOBILIER-1023,281000
iad-france-1147669,139900
mgc-110707833,194950
immo-facile-49329981,483600
ag681332-354581380,400000
ag681332-369552415,117000
mgc-280645364-RK_MSB_FLAXLANDEN_TM428-OPT6,378100
ag671791-362541424,108000
mgc-118756865_DMI30-DMRIE-DMI30-DMRIE,325000
hektor-1_lerosenberg-1821,546000
immo-facile-adresse-12316095,90000
ag681120-362417374,274900
adapt-immo-680091591,219000
hektor-DYNAMICITY2022-13,134000
ag681145-379866724,220000
ag681444-344791053,194000
hektor-sweethomeconseil-1345,477000
gedeon-25781017,304900
guy-hoquet-immo-facile-2329315,136200
immo-facile-52645784,139300
hektor-cdrieux-805,242000
safti-1-632739,171000
ag681423-353023666,115500
entities-1044599-2802932,299464
entities-1044599-2744397,355000
orpi-1-054928E1GDTF,418600
gedeon-26146867,742000
adapt-immo-680091162,120600
rodacom-5130026,409500
gedeon-24766444,407000
hektor-sweethomeconseil-1113,630000
mgc-341723053-pp-220429-104456,301820
ag681158-339458412,499000
ag681119-265823505,228000
ag681237-321467334,249900
hektor-immo-wittenheim-3136,228800
hektor-cdrieux-749,179000
immo-facile-47812489,89800
ag671791-289788389,105000
ag681158-335659368,295000
iad-france-1348360,170000
guy-hoquet-immo-facile-2787891,189500
ag680632-236971891,90000
apimo-4491868,127000
hektor-robischung-1899,160000
ag681088-361779595,295000
guy-hoquet-immo-facile-5524764,140000
orpi-1-054927E2D6M2,162000
immo-facile-51680921,344900
immo-facile-adresse-12764158,638000
ag671791-293569931,498000
ag301615-373763925,175000
iad-france-740490,90000
entities-1044598-2658376,414900
hektor-MAYAIMMO2020-2150,728000
160119593,279900
iad-france-869534,245000
ag671474-354469009,440000
immo-facile-51851301,235000
ag681391-343022793,271000
ag680967-359457193,192600
safti-1-735859,200000
mgc-355102480-3FOLGENSBOURG589JCTP,466500
orpi-1-054927E1HI7T,201600
laforet-immo-facile-21165342,220000
apimo-7205066,350000
ag681108-284252306,523000
immo-facile-52232940,190000
ag671913-376016344,285800
hektor-girardi-pfastatt-3089,146000
orpi-1-054933E2HJLT,169000
ag681542-381784506,194900
iad-france-945834,239000
mgc-380725578-C-ESC-611-223-OS1,677952
ag333464-380192332,255000
orpi-1-054927E1Q113,232607
ag681088-382101916,160000
ag681237-289816982,369250
hektor-expertiseimmo-106,195000
rodacom-5127091,362300
guy-hoquet-immo-facile-4910240,420000
safti-1-545067,219000
ag680323-235703221,245000
mgc-322443318-EK-08112021-HirS15-ID403,279828
mgc-340059330-Hagenthal-le-Bas437JCTP,434000
safti-1-645866,85000
hektor-MAYAIMMO2020-1932,367000
entities-1044602-2708218,476800
immo-facile-51870426,349000
hektor-MAYAIMMO2020-2557,160000
ag681158-357479872,154000
mgc-214499249-190902-091257,347000
hektor-generalimmo-3222,238000
rodacom-4582698,212000
nexity-GB00134383,78000
ag680286-258102325,162000
160967631,355940
ag680734-371947923,130920
immo-facile-43632771,416000
ag681158-356248309,273000
immo-facile-3731017,369000
rodacom-4095011,698000
iad-france-1214458,219000
ag671791-324332262,150000
hektor-moebel-immo-151,160038
160402141,295438
hektor-arateau-19,93500
ag340369-348075507,364500
safti-1-825231,152000
hektor-5_lerosenberg-2077,416000
ag671913-375786412,300000
nexity-GB00143136,129500
ag680824-271614785,145000
ag671791-307980174,159750
guy-hoquet-immo-facile-4936293,526000
ag681391-347471634,230000
safti-1-684628,380000
apimo-4010267,119000
mgc-142892691,223850
orpi-1-054927E2CWU1,176550
iad-france-948383,230000
hektor-girardi-pfastatt-3160,392000
iad-france-1223226,250000
ag670426-343593780,244925
gedeon-23657418,224000
immo-facile-adresse-13047601,357000
hektor-sweethomeconseil-1282,109000
apimo-6975706,172000
ag680254-287621795,144450
iad-france-897720,224900
ag250493-250725859,338000
ag670426-333334881,394000
ag681109-323419827,177000
immo-facile-47504025,275600
ag541392-365925958,179990
hektor-CGAIMMOBILIER-800,336000
immo-facile-47289752,275000
ag681332-354465709,1046000
safti-1-867375,139900
mgc-381004676-CWE-230403-152623,265500
immo-facile-50704828,156000
laforet-immo-facile-19021614,175000
ag681156-299941899,174990
ag681154-335155200,281500
ag680734-382444194,120278
immo-facile-40991835,332800
safti-1-618115,159000
immo-facile-48821219,139900
hektor-MAYAIMMO2020-1944,225000
hektor-MAYAIMMO2020-2480,274300
160173267,318000
ag681210-331438530,249600
hektor-girardi-blotzheim-2563,149000
hektor-agence-efco-immo-1656,237000
rodacom-5249976,540000
ag681158-336236586,450117
mgc-325017852-AP-FROENINGEN-2021111,399800
ag671791-327001332,174000
entities-1044598-2705192,324200
apimo-4737210,307400
immo-facile-35308266,115760
immo-facile-50885647,127200
guy-hoquet-immo-facile-2733675,175000
immo-facile-adresse-11077835,263000
rodacom-4870804,80640
hektor-robischung-2362,219000
mgc-118756865_RFVITH1103-RF111TPG2-RFVITH1103-RF111TPG2,434900
ag680632-259262953,252700
hektor-MAYAIMMO2020-785,129000
ag671791-285088181,100000
immo-facile-50679888,197000
hektor-robischung-2844,210000
160564253,270000
orpi-1-054927E1W9TJ,346500
hektor-girardi-pfastatt-2771,335000
iad-france-1285513,212000
ag681158-276860207,299000
iad-france-1278296,210000
hektor-generalimmo-3232,315000
entities-1043690-3678885,367352
ag681391-343130286,295000
guy-hoquet-immo-facile-4965805,275000
iad-france-884759,59999
161377285,415000
ag681088-324606387,118000
ag681106-362297050,325000
ag671791-310457619,106900
146183117,155145
115977263,147000
hektor-CGAIMMOBILIER-1755,240793
entities-1044598-2732766,452300
hektor-immo-wittenheim-3169,185120
ag681158-280644128,150000
ag681237-298300413,279575
mgc-319350248-C-SCH-297-OS,280000
ag681124-344647290,198000
immo-facile-45490241,162000
immo-facile-45733936,171600
orpi-1-054928E282TL,462000
guy-hoquet-immo-facile-4402560,190000
ag681237-371154862,399900
immo-facile-51102457,388500
hektor-sweethomeconseil-1198,114400
immo-facile-50785075,335360
rodacom-4429640,475000
hektor-girardi-blotzheim-2703,199000
mgc-326418750-AP-ROSENAU-20211312,425400
immo-facile-52633480,96000
hektor-girardi-pfastatt-2900,128000
orpi-1-054038E1WWV1,449000
rodacom-4347119,415000
ag681122-310338285,195000
orpi-1-054927E1GM8Q,337000
immo-facile-48993038,162000
hektor-agence-efco-immo-1851,288000
hektor-mhimmobilier-1268,230000
ag681391-365795950,134500
ag681391-364205770,308000
iad-france-1224453,215000
hektor-ghisimmobilier-2037,289000
hektor-agence-efco-immo-1746,308625
hektor-cpdelta-51,549000
immo-facile-43093293,249600
immo-facile-49888524,463000
guy-hoquet-immo-facile-5558613,136000
nexity-GB00143609,143000
hektor-dagon68390-2449,255000
ag681404-329791590,135000
ag680297-238574893,199000
ag210220-239354818,93000
ag671791-331489689,116000
iad-france-1064907,125000
immo-facile-46669689,195000
mgc-380300278-CLM-BISCHWIHR1-032723,392850
guy-hoquet-immo-facile-2209351,289000
laforet-immo-facile-19971931,224700
ag671913-378602005,202600
mgc-247988409,193500
laforet-immo-facile-20051816,187250
ag750949-277133351,107000
150943755,210700
ag681109-323419839,160000
ag680824-204311349,115000
mgc-341629632-MLH-260422-Altk24416,333133
immo-facile-39118728,106000
hektor-CGAIMMOBILIER-919,76000
immo-facile-42618355,424999
ag671791-308292597,160000
hektor-ag-orim-1057,600000
apimo-5713734,118000
ag681158-361957648,274000
ag681120-333412095,270000
iad-france-908263,175000
ag681154-325702230,161500
ag681141-380474998,370000
ag681234-354789058,164300
gedeon-25066922,325000
orpi-1-054927E1Y8PQ,318000
safti-1-569003,185000
hektor-girardi-pfastatt-2643,190000
hektor-CGAIMMOBILIER-684,287000
entities-1044599-2794541,369068
ag681423-370315591,136500
ag671474-339012363,159000
ag340369-246797083,174600
ag671791-285606431,122000
apimo-8185656,138000
hektor-alaingimmo-362,235000
mgc-369606248-SJ-221215-075252,345000
ag340369-378900400,595650
hektor-sweethomeconseil-1025,450000
ag681088-329293905,164000
ag670426-333334929,210000
orpi-1-054927E2MKIW,96000
ag671791-352647094,122000
apimo-6727045,274500
hektor-agence-efco-immo-1986,472000
orpi-1-054037E2DXZ9,345000
hektor-cpdelta-218,225000
ag743447-329201172,221000
ag681108-271792967,368400
immo-facile-30557320,403500
immo-facile-37927586,195000
hektor-ag-orim-982,115000
nexity-GB00121701,108000
orpi-1-054043E1DAC5,131000
ag681237-367293991,135000
entities-1043690-3679254,350405
immo-facile-adresse-9583157,931500
adapt-immo-680091593,290000
guy-hoquet-immo-facile-4864380,149900
guy-hoquet-immo-facile-6364640,162000
apimo-8158262,448000
hektor-girardi-pfastatt-2878,159000
ag681237-337134189,244500
hektor-girardi-pfastatt-3108,131000
hektor-alaingimmo-418,189000
century-21-202_3185_1086,798000
snpi-5316308,190000
safti-1-702325,105400
ag671791-301060773,695000
immo-facile-adresse-13094744,233000
immo-facile-adresse-12981039,332000
guy-hoquet-immo-facile-5977812,151200
iad-france-1170206,103000
hektor-LECEDREIMMO-79,598500
immo-facile-34603549,494000
rodacom-4690571,228400
ag681113-230929663,160000
immo-facile-35626640,302628
rodacom-4938185,328759
iad-france-1179777,209500
ag681156-311128272,365000
ag743447-324987576,428500
ag250493-294294326,445000
hektor-agfreyimmo-843,153000
entities-1044601-2743378,750450
hektor-MAYAIMMO2020-2228,266000
immo-facile-49984769,124000
ag681156-354343858,273000
mgc-353798923-CERNAY490LB2P115,341900
iad-france-828540,153000
ag671474-322918092,215000
mgc-368440954-VM-SOPPE_LE_BAS-2022122,392000
hektor-cdrieux-685,296400
mgc-382194200-MS-230414-104225,296000
immo-facile-36910950,156000
gedeon-25781015,359800
iad-france-1077294,400000
160967871,279000
ag680254-278226020,225000
hektor-MAYAIMMO2020-2135,274000
immo-facile-52326973,169500
pericles-36850486,194000
guy-hoquet-immo-facile-6261769,210000
ag681404-350855890,45000
ag680297-359213647,359000
rodacom-4549836,126000
hektor-lifeimmo-2024,188000
hektor-MAYAIMMO2020-2019,509600
guy-hoquet-immo-facile-2581680,187200
mgc-336224475-MA-JUNGHOLTZ-20220314,378000
rodacom-4402607,208000
guy-hoquet-immo-facile-2378561,240000
orpi-1-054926E2CL4E,299250
ag680734-372741954,109620
guy-hoquet-immo-facile-2736092,330000
hektor-immoplusalsace-3326,485000
hektor-MAYAIMMO2020-669,192500
hektor-alaingimmo-424,435000
hektor-cpdelta-221,374900
ag681158-254578101,499000
iad-france-1133345,69000
ag681391-345878316,445000
hektor-robischung-2744,282000
ag681404-350698837,86400
ag671791-318948747,227900
iad-france-820774,85000
ag671791-314549787,130000
hektor-girardi-pfastatt-3148,287000
ag681542-379756581,238000
hektor-ghimmobilier-25,125500
ag671791-298597983,117000
hektor-expertiseimmo-1858,388000
orpi-1-054048E1TXB6,420000
151410807,178000
ag681391-332963625,315000
hektor-cdrieux-813,252000
hektor-MAYAIMMO2020-2139,358000
iad-france-1159743,366000
ag680010-368943511,210000
ag060811-379550854,435000
ag681404-364858882,480000
rodacom-4694476,273790
hektor-MAYAIMMO2020-2422,388500
safti-1-714248,199000
hektor-agfreyimmo-863,85000
orpi-1-054037E1KFUK,305500
hektor-MAYAIMMO2020-1823,68000
ag681404-344513202,295400
mgc-365568673-MKI-SPECH-20221108,358000
immo-facile-35610083,93000
hektor-sweethomeconseil-819,282000
ag681109-339229377,395000
entities-1044598-2692354,389000
ag681212-359976085,610000
orpi-1-054041E2FTHP,129600
citya-immobilier-1273-TAPP420285,134000
orpi-1-054041E1HONA,60000
hektor-cpdelta-121,499000
hektor-immo-wittenheim-3216,45000
ag681237-320094891,175000
ag681104-264098446,165000
ag681237-278310797,186900
rodacom-4690449,430017
guy-hoquet-immo-facile-5588673,141100
orpi-1-054932E23PZJ,145000
guy-hoquet-immo-facile-6233854,202400
hektor-moebel-immo-85,400000
mgc-131949226,396500
hektor-valencay-immo-2566,247000
ag681404-326620992,234300
pericles-35966906,268300
hektor-robischung-2363,270000
ag681234-347290299,196100
hektor-cdrieux-889,293000
hektor-sweethomeconseil-1250,282000
ag681158-326483547,648960
mgc-332288353-CWE_220207-120652,248000
apimo-8141611,67200
ag440414-216719883,180000
hektor-moebel-immo-72,259000
ag671474-278214599,710000
ag311656-369280243,99500
ag340369-377652181,389539
guy-hoquet-immo-facile-5797312,61000
guy-hoquet-immo-facile-5973146,218000
immo-facile-46808894,228800
hektor-girardi-pfastatt-3125,499000
ag680331-320454536,75600
hektor-robischung-2505,67000
153681857,87400
ag440414-287435276,193000
entities-1043690-3634346,311790
orpi-1-054928E28RC1,323000
apimo-6239333,650000
mgc-165885535_JZBOLLWILLER,255000
150943787,227800
mgc-331262410-MS-220128-144641,421000
157403465,314245
ag681122-304497231,151000
ag680824-305296515,157000
hektor-robischung-2650,190000
ag681158-346814571,170000
ag671717-371144791,379000
iad-france-822100,105000
orpi-1-054927E1QR9M,180000
ag060811-347117349,468000
ag681104-274454309,249000
orpi-1-054048E1K032,227900
orpi-1-054037E1Z41O,233000
mgc-380718036-C-VOG-805-115-AG1,445900
immo-facile-45839086,331760
ag681237-277472303,248925
guy-hoquet-immo-facile-2373320,89000
hektor-agencedelill-13049,342600
immo-facile-52365872,172000
hektor-MAYAIMMO2020-2004,350000
ag671717-379553926,375000
orpi-1-054041E2FJ6H,265000
orpi-1-054927E1PHF6,97200
rodacom-4583565,241830
ag681237-378678763,200000
ag681154-252828211,132000
ag670426-343593765,190000
mgc-374665996-CLM-GUEBWILLER-230202,597500
rodacom-4344552,361448
ag671791-330574782,174000
safti-1-783481,195000
mgc-377796501-C-BUR-410-107-OS,393000
hektor-dagon68500-2397,367500
iad-france-864480,105000
mgc-379619303-pp-230321-092901,291504
iad-france-1279589,189000
nexity-GB00118871,161000
hektor-LECEDREIMMO-120,409500
hektor-sweethomeconseil-1301,276000
hektor-girardi-pfastatt-2809,163000
ag680632-263921765,49300
immo-facile-2307215,90425
hektor-valencay-immo-2563,299500
ag671791-331489662,95000
hektor-immoplusalsace-2188,239900
160394989,280000
immo-facile-49858441,355000
hektor-immo-wittenheim-3326,205000
mgc-153931836,246000
entities-1044601-2695408,674260
visiteonline-p_5230669,226200
gedeon-24739204,329000
immo-facile-49510285,228800
orpi-1-054036E2B8IZ,105000
immo-facile-45934019,281900
rodacom-4938495,246750
ag681158-331772337,134000
hektor-girardi-pfastatt-2817,149000
safti-1-547436,45000
ag671791-311858172,94000
adapt-immo-680091050,310000
hektor-alaingimmo-348,379000
immo-facile-34490182,190000
ag680286-349219782,265000
ag681332-316356261,187000
hektor-agence-efco-immo-1803,215500
ag681106-383096447,310000
ag671791-300266580,185000
ag680331-333844510,181900
citya-immobilier-1273-TAPP433579,128000
visiteonline-p_5177704,211200
ag681237-356790835,420945
iad-france-1268801,127500
entities-1043690-3639162,311750
mgc-300502829-SJ-210504-102902,330000
ag681391-354900475,425000
iad-france-759505,340000
guy-hoquet-immo-facile-2372004,220000
ag340369-326873469,149800
orpi-1-054048E26Y1Y,140400
orpi-1-054928E24T8T,140400
immo-facile-35357392,125000
ag681332-359196853,67000
orpi-1-054933E1Y2JK,299000
hektor-cpdelta-199,385000
ag060811-309381357,380000
hektor-sweethomeconseil-1058,235000
mgc-160900226,303000
guy-hoquet-immo-facile-5690461,250000
ag671791-301349379,117000
ag681120-335564757,210000
ag743447-381978475,174000
ag671791-284122718,185000
161377291,299000
hektor-MAYAIMMO2020-734,149000
immo-facile-50654029,228800
hektor-mhimmobilier-1424,257250
ag681210-358526245,249000
rodacom-5188633,238000
159724569,50000
hektor-girardi-pfastatt-2890,80000
safti-1-795588,395000
safti-1-600248,172000
gedeon-24752115,330000
ag680297-340567902,380000
160935623,365000
immo-facile-52026777,195000
gedeon-21238530,85000
hektor-ag-orim-1124,550000
ag671791-288496913,117000
mgc-363427223-CWE-21021-110453,256000
149180595,368900
apimo-6264162,650000
148521555,242900
immo-facile-47410578,497000
iad-france-1303117,250000
ag681391-348868443,233000
safti-1-613974,270000
iad-france-1170000,319000
ag671791-293915744,348000
ag671791-295577054,185000
citya-immobilier-1273-TAPP445642,198000
mgc-351890542-VM-ZILLISHEIM-2022207,511900
hektor-arateau-26,144000
iad-france-1351504,387000
145718129,207000
guy-hoquet-immo-facile-2808914,149900
hektor-agence-efco-immo-1786,631200
ag680633-242944657,170000
ag681101-276365021,100000
hektor-CGAIMMOBILIER-682,375500
mgc-115647151,158594
ag680286-332724288,275000
laforet-immo-facile-21058221,206700
hektor-sweethomeconseil-1339,365000
orpi-1-054927E2KYY7,138000
161417193,219435
gedeon-23728761,310000
ag680632-201282498,55800
orpi-1-054037E2EB56,345000
hektor-girardi-pfastatt-3023,380000
hektor-CGAIMMOBILIER-1036,147000
ag681158-334340928,90000
hektor-MAYAIMMO2020-2265,249000
mgc-341354737-MS-220426-145323,442000
ag681237-331506951,245000
ag681425-342215571,148000
ag680010-228303544,147000
ag681391-361103641,128400
ag681145-381013999,215000
iad-france-1286565,293000
rodacom-5125370,323000
safti-1-736045,85000
hektor-amsignatureimmo-95,222600
guy-hoquet-immo-facile-5830730,88500
entities-1044599-2630922,397800
160967911,366033
ag671791-363143356,108000
ag681494-354431986,242000
apimo-7892016,328600
ag680286-280288706,107500
ag681237-322065495,202350
safti-1-781268,225000
ag671633-320511327,238863
ag681391-375340018,334000
immo-facile-45498764,42000
ag440414-347875344,186000
entities-1042954-3869546,324500
hektor-ELSASS2020-3082,397100
rodacom-4825082,206879
immo-facile-49874351,199800
guy-hoquet-immo-facile-4743184,151400
hektor-3ROIIMMOBILIERE-976,68700
mgc-379890665-CWE-230323-142855,254500
laforet-immo-facile-19762138,830960
entities-1044598-2681598,381978
hektor-PAQUIN2020-17,174900
safti-1-557864,192000
ag681237-312102405,213000
hektor-3ROIIMMOBILIERE-985,85000
ag670426-342304911,265000
immo-facile-35600569,478000
orpi-1-054927E1PR9I,116000
visiteonline-p_5212234,329350
hektor-robischung-2461,159000
hektor-mhimmobilier-1312,296400
visiteonline-p_5124667,287000
ag681127-318199401,99000
ag681156-331254897,159900
orpi-1-054037E20GJ9,149500
immo-facile-35960004,270400
ag671791-284122151,387000
ag681237-377249614,213000
ag681156-271249289,164900
immo-facile-48980659,40000
guy-hoquet-immo-facile-5615662,330000
ag440414-354057211,249000
orpi-1-054037E2HC1F,217000
immo-facile-49286820,197600
ag671791-290031944,106900
ag681108-278135660,239000
hektor-MAYAIMMO2020-1781,55000
ag681158-365543707,61000
ag681154-256239730,239000
immo-facile-50408558,460000
iad-france-809290,294900
entities-1044601-2758133,760100
ag681108-360164518,148000
immo-facile-37309545,424742
guy-hoquet-immo-facile-2791438,148000
laforet-immo-facile-17981392,256800
safti-1-638430,479500
rodacom-4809697,699000
iad-france-1278564,113000
155337237,325500
immo-facile-49382176,435500
mgc-356669778-C-BRU-110-OS,382400
ag681156-343378305,135000
entities-1044602-2659191,728000
guy-hoquet-immo-facile-5528876,255000
immo-facile-38950789,215500
immo-facile-52551559,250000
ag671474-238161226,110000
orpi-1-054928E1GCY8,148748
ag680734-372749331,110880
rodacom-4999049,223850
ag333464-367690606,299000
ag681158-264752222,332000
mgc-380982780-C-STA-183-100-OS3,256517
ag681237-378914056,348150
gedeon-26124767,208000
immo-facile-50837720,125000
hektor-expertiseimmo-14,275000
mgc-287381712-SJ-210201-120429,352000
gedeon-25643847,233000
hektor-cpdelta-19,282832
immo-facile-52441204,199000
immo-facile-49351972,224900
hektor-girardi-pfastatt-2876,170000
hektor-MAYAIMMO2020-1863,247900
160019067,203635
hektor-agence-efco-immo-1653,488800
adapt-immo-680081340,72080
hektor-MAYAIMMO2020-1915,141500
ag681110-234997840,200000
ag671791-304636947,447000
hektor-robischung-2306,222500
entities-1044598-2666632,296200
guy-hoquet-immo-facile-2300961,88000
hektor-lifeimmo-1713,44000
ag681332-333851388,279575
hektor-immomstrasbourg-1946,178900
ag681158-360669559,370000
160646779,242000
ag671791-372881338,99360
immo-facile-43362039,230000
mgc-323720966-pp-211119-155708,256520
snpi-5208122,347000
hektor-generalimmo-2770,268000
ag671791-285088319,185000
ag681158-324365409,167000
orpi-1-054039E2CCVG,269000
ag671791-297457017,185000
hektor-1_lerosenberg-1512,158000
nexity-GB00123519,65600
mgc-118756865_HMOBER012-HMBOLD4-121M2-HMOBER012-HMBOLD4-121M2,436000
rodacom-4426617,99000
hektor-cpdelta-4,138000
hektor-cdrieux-769,364000
hektor-cdrieux-814,113000
hektor-1_lerosenberg-1573,241500
mgc-360307315-SOULTZMATT800LP110PP,380000
immo-facile-52470921,243800
rodacom-4689923,178000
safti-1-793302,199000
guy-hoquet-immo-facile-5004217,249000
gedeon-24739262,289000
hektor-MAYAIMMO2020-690,159000
ag681391-336532371,185000
hektor-sweethomeconseil-1139,152000
ag681495-361605778,459000
immo-facile-37295372,158000
iad-france-1308985,386000
hektor-CGAIMMOBILIER-1073,360000
immo-facile-50822211,420000
immo-facile-51437984,647000
ag671791-287179976,100000
hektor-immo-wittenheim-3150,254800
immo-facile-37064601,157000
hektor-cpdelta-214,244000
iad-france-1178147,415000
orpi-1-054048E23BGY,174945
orpi-1-054038E1IGA6,230000
iad-france-1171706,245000
mgc-118756865_DMH-DMHA-DMH-DMHA,380000
ag680575-190150828,70000
orpi-1-054928E1FCAZ,283500
ag681360-351941566,210000
nexity-GB00151067,71400
immo-facile-3754503,310000
orpi-1-054037E28SPP,348000
orpi-1-054037E1YCVS,177500
ag340369-255683290,217800
ag340369-249347761,275700
ag681237-310888644,181000
hektor-dagon68390-2383,124000
150944147,212400
ag680632-258668647,88000
mgc-364215892-MKI-STEIBRUNNLEBAS-20221027,431155
ag681108-337168320,236123
apimo-7089921,462000
ag681106-345971067,298000
immo-facile-adresse-13207536,119149
orpi-1-054039E1HN1R,237000
safti-1-587296,199000
guy-hoquet-immo-facile-5832708,265000
century-21-202_3185_1211,344500
laforet-immo-facile-19172909,112350
immo-facile-47499973,429000
mgc-232863666-SJ-200107-181714,351000
hektor-immolandismunst-1084,155000
ag681212-318025860,419000
ag681108-326243493,490000
hektor-immoplusalsace-2201,572500
guy-hoquet-immo-facile-4890234,598000
orpi-1-054933E2GKO2,215800
hektor-robischung-2163,180000
iad-france-830603,210000
hektor-agcinqpattes-50,232000
ag681088-348852414,197000
safti-1-787495,219900
orpi-1-054928E1GOLH,139064
iad-france-787366,138500
ag681391-349330398,238000
century-21-202_3377_1370,170000
147434375,149000
ag681158-322209084,108000
iad-france-780277,199000
hektor-ag-orim-974,298000
ag681154-252828175,269000
mgc-333425752-pp-220217-115158,299961
orpi-1-054928E1H5RC,578000
ag681158-283644005,689000
guy-hoquet-immo-facile-5591059,260000
iad-france-1184289,114500
ag681140-379151944,367500
hektor-MAYAIMMO2020-2374,228000
ag671791-359316031,108000
ag680010-356402116,283500
ag681158-302428869,200000
gedeon-22921075,133000
ag681158-343520484,118000
safti-1-791268,49000
immo-facile-50239943,799000
rodacom-5024938,240660
149198513,342800
ag671791-304157325,122000
hektor-immoplusalsace-2158,479000
apimo-4489297,166900
mgc-260057625-MS-200719-082715,319800
hektor-sweethomeconseil-874,235000
ag440414-322553181,285498
hektor-agence-efco-immo-1526,273000
160782785,274000
orpi-1-054048E1LAJ4,280350
ag681120-363793897,474500
160070263,147000
rodacom-5108379,308790
hektor-ghisimmobilier-2027,109000
orpi-1-054927E1KUAI,281500
iad-france-1295171,169000
laforet-immo-facile-21250375,235000
safti-1-886461,249000
immo-facile-31978819,496000
ag681106-373033099,149000
immo-facile-37647694,183000
ag681154-252828217,179000
guy-hoquet-immo-facile-2266345,61000
mgc-364215898-MKI-HEIMERSDORF-20221027,360936
hektor-generalimmo-2710,369000
ag680297-359213656,297000
immo-facile-43365120,300200
orpi-1-054038E1QIBE,332400
guy-hoquet-immo-facile-4686297,197000
immo-facile-adresse-13213542,60000
rodacom-4865394,205000
safti-1-515619,189000
ag681391-375242479,170000
ag671913-355455292,88889
rodacom-4825536,169803
hektor-expertiseimmo-103,295000
hektor-alaingimmo-167,141000
hektor-cpdelta-176,221000
hektor-robischung-2271,230000
ag681158-287570270,271000
ag681158-375975664,159000
ag681158-339959928,180000
century-21-202_3185_1384,210000
hektor-1_lerosenberg-1699,318000
immo-facile-35046538,296000
ag680632-268779947,195000
ag681110-250386877,219450
141956399,229000
guy-hoquet-immo-facile-5773219,197100
guy-hoquet-immo-facile-5864982,265000
ag681391-348868485,795000
hektor-generalimmo-3165,445000
ag681154-252828139,250000
mgc-379899888-C-COL-368-85-AG2,389500
hektor-sweethomeconseil-1258,91000
ag680297-339129414,232000
hektor-lifeimmo-1920,122000
iad-france-1229813,119000
immo-facile-35810701,385000
adapt-immo-680091430,396000
ag681237-311977059,250000
ag681404-381155077,399900
gedeon-25096573,244000
hektor-moebel-immo-105,299500
guy-hoquet-immo-facile-5010589,295000
ag670426-342305121,522000
immo-facile-49931195,264000
ag671791-287180390,122000
gedeon-24148750,293500
hektor-MAYAIMMO2020-2305,258500
ag681237-303355776,649000
mgc-315546912-AP-SEPPOIS-20210726,278000
orpi-1-054927E1R8BG,237000
ag681404-364858843,91800
hektor-sweethomeconseil-1172,179900
ag681088-338643195,73000
ag680967-351939565,92650
hektor-dagon68500-2408,525000
ag671791-281745866,85000
160782767,239000
ag681542-382851021,115900
ag680967-345617157,109000
guy-hoquet-immo-facile-5991739,105000
nexity-GB00101761,130000
guy-hoquet-immo-facile-2958941,49000
ag671474-368631184,160000
ag671791-293015066,229000
hektor-1_lerosenberg-1920,273000
iad-france-999764,370000
ag681237-281459789,199000
entities-1043690-3683627,289900
hektor-sweethomeconseil-1072,235000
nexity-GB00093434,152000
immo-facile-46709414,369000
nexity-GB00154384,180000
hektor-agfreyimmo-866,315000
hektor-CGAIMMOBILIER-1113,189000
ag681088-354599392,365000
ag681358-316275258,192780
iad-france-995777,122000
mgc-168718290,230400
156214333,79500
guy-hoquet-immo-facile-5006152,99900
hektor-girardi-pfastatt-2535,230000
ag681158-301572036,468000
gedeon-24366499,210000
iad-france-1299891,340000
orpi-1-054037E1RH6I,477831
citya-immobilier-1273-TAPP473716,179000
iad-france-744680,425000
ag681158-318710913,78000
immo-facile-30626448,213200
ag671791-291021494,122000
iad-france-1088998,158000
ag671791-314159262,447000
ag671474-248331094,345000
iad-france-1294931,195000
iad-france-1151193,310000
hektor-lifeimmo-1744,238000
mgc-342993340-CWE-220510-170141,325000
ag681154-252828241,604000
hektor-moebel-immo-281,175000
gedeon-23838191,86400
guy-hoquet-immo-facile-4935462,343200
ag681158-308938005,312000
orpi-1-054041E283RJ,187000
guy-hoquet-immo-facile-2695219,421000
ag681113-313615143,169000
orpi-1-054041E11HCK,84600
guy-hoquet-immo-facile-6058289,77000
immo-facile-34840148,239200
146183113,171303
ag681104-369742507,112500
159975753,350903
ag340369-337921416,148000
ag681204-376666858,142000
mgc-357744125-CWE-220909-154138,286000
150212893,239000
hektor-agcinqpattes-20,338600
guy-hoquet-immo-facile-5600097,94000
hektor-moebel-immo-280,249000
hektor-agence-efco-immo-1778,324300
mgc-363892617-C-KIN-385-OS-2,383840
hektor-sweethomeconseil-1188,195000
guy-hoquet-immo-facile-6001056,151500
immo-facile-44341278,318600
mgc-118756865_HMNIED02B-HMSMART1-2-HMNIED02B-HMSMART1-2,328326
mgc-328799863,279000
guy-hoquet-immo-facile-4401919,349000
ag752451-364416676,143920
153081735,255000
orpi-1-054927E1PFXX,135119
immo-facile-adresse-12992219,220000
immo-facile-47892042,210000
ag671791-289639262,151000
ag681109-349826956,679000
safti-1-548217,76000
hektor-alaingimmo-407,168000
mgc-372080876-pp-230110-094152,336250
ag681106-377777125,219000
160019061,209140
adapt-immo-680091626,239400
guy-hoquet-immo-facile-4844081,195000
entities-1043690-3683491,301130
mgc-317312175-cf-val-lu-op11,252000
mgc-118756865_EK-STBERNARD-600-EK-STBERN-116-EK-STBERNARD-600-EK-STBERN-116,398500
rodacom-4425943,185000
safti-1-800186,615000
immo-facile-48297836,222000
orpi-1-054043E1D8Y5,197000
immo-facile-51680955,475000
ag681156-252595282,590200
ag681109-352333921,190000
ag681104-344977329,92500
hektor-MAYAIMMO2020-2574,717000
ag743447-324991662,178000
ag681237-320525463,274300
hektor-PAQUIN2020-11,199000
orpi-1-054927E1Q03F,256000
hektor-moebel-immo-165,276968
hektor-lifeimmo-2016,187000
apimo-7100167,299000
orpi-1-054927E29C67,451500
hektor-girardi-pfastatt-2748,102000
adapt-immo-680091292,78000
safti-1-844609,319000
hektor-PAQUIN2020-123,375000
immo-facile-45563827,318000
ag681109-356214901,90900
safti-1-642763,169000
ag311656-372087838,140000
safti-1-838703,465000
hektor-MAYAIMMO2020-2483,255000
safti-1-860247,179000
orpi-1-054041E1XRK5,174000
immo-facile-43642581,195000
ag340369-331950522,163000
ag681119-334743851,329000
ag670640-278269985,810000
immo-facile-34253838,99000
safti-1-774095,545000
ag301615-364771413,175000
mgc-368888296-0812ISSENHEIM527BK2P100,358200
mgc-263906959-CWE-200818-102409,725000
160040919,60000
hektor-MAYAIMMO2020-2132,904800
hektor-MAYAIMMO2020-2273,312000
mgc-313544418-RK_MSB_RODEREN_TM1040,442600
ag681119-353452501,117000
hektor-mhimmobilier-1218,480000
mgc-359529538-MKI-WUENHEIM-20222209,357834
iad-france-1026737,131000
ag681237-365507545,108000
ag681237-358973413,339200
ag681158-349046217,388000
iad-france-1315546,434000
apimo-5925751,380000
ag681332-335709318,182000
entities-1043690-3645063,379735
ag681210-357644671,320000
hektor-agence-efco-immo-1651,496800
laforet-immo-facile-17948602,155150
immo-facile-35045785,135200
ag681156-381819202,265000
ag671791-371146441,277000
apimo-6066798,141000
immo-facile-43587880,205000
hektor-expertiseimmo-18,217000
ag681075-382232563,116000
iad-france-1282169,255000
147434509,104800
immo-facile-49488626,209000
immo-facile-49079620,198250
ag681104-326357559,255000
nexity-GB00093794,330000
immo-facile-50835195,119800
ag681391-365796970,360000
158492407,275696
immo-facile-49440730,374400
hektor-cpdelta-2,338240
ag681119-255327676,139000
ag671791-282808640,238000
hektor-alaingimmo-393,194250
ag670426-333335133,215000
guy-hoquet-immo-facile-2721392,199700
hektor-1_lerosenberg-1968,120000
guy-hoquet-immo-facile-5836643,420000
hektor-ELSASS2020-890,274900
ag681122-275917619,262500
immo-facile-48201271,183000
iad-france-1134914,99500
orpi-1-054038E26HLR,287000
hektor-MAYAIMMO2020-2379,220000
hektor-ag-orim-1105,289000
ag671791-282808709,146500
mgc-363893904-C-BRU-155-OS-2,555900
ag754248-322009299,131000
apimo-82451493,490000
immo-facile-47868870,384800
entities-1043690-3634385,363190
hektor-girardi-blotzheim-2484,250000
mgc-376658657-SJ-230221-115458,282500
rodacom-4789594,211000
iad-france-794983,180000
iad-france-834840,280000
immo-facile-37672224,768000
ag680632-267059219,89000
guy-hoquet-immo-facile-5802237,237900
immo-facile-47682247,318556
145325651,42100
iad-france-1178084,189000
hektor-girardi-pfastatt-3327,101000
ag681360-333982032,199400
hektor-immoplusalsace-2197,336000
hektor-sweethomeconseil-1178,158300
guy-hoquet-immo-facile-2813631,74000
152309993,351000
141912273,109000
hektor-generalimmo-3076,105000
immo-facile-48250666,455000
mgc-165885536_VALLEE-NOBLE,238000
immo-facile-46622759,304000
ag680286-335169009,650000
hektor-generalimmo-2925,262000
ag671791-284122298,100000
ag681237-276785984,199900
guy-hoquet-immo-facile-5635670,170000
immo-facile-45922399,129000
hektor-MAYAIMMO2020-2507,189500
mgc-348665615-C-TUR-635-AG,486800
laforet-immo-facile-19258576,155150
safti-1-701766,228000
hektor-amsignatureimmo-57,420000
ag681237-310227918,145800
ag671791-285426926,348000
ag340369-378200926,177500
ag680297-367823902,499200
orpi-1-054927E1Q10J,220000
orpi-1-054038E2JD7U,159000
ag681237-278193227,599900
nexity-GB00141481,190000
ag681141-317870232,168000
ag681154-325702269,356900
ag670640-219972666,367000
hektor-CGAIMMOBILIER-837,136000
ag681088-377079916,319000
158630751,197000
ag681156-261726256,573000
immo-facile-49889193,90000
ag681158-372008827,579000
ag680633-383305416,210000
ag670426-333334902,312000
ag681106-381292465,206000
hektor-generalimmo-3150,227000
adapt-immo-680091325,88990
immo-facile-36003563,139000
hektor-girardi-pfastatt-2981,449000
ag340369-249347779,228200
adapt-immo-68009846,213500
hektor-moebel-immo-238,210000
hektor-immo-wittenheim-3176,79500
mgc-340984379-C-OST-450-C-AG,338000
hektor-MAYAIMMO2020-1763,255000
ag681108-333698655,598000
157949903,200000
mgc-364510471-REGUIVM-281022,435900
ag671474-260314765,165000
ag680010-278688920,112350
ag670426-343593732,252000
hektor-mhimmobilier-1221,449000
mgc-138950665,290500
laforet-immo-facile-19113169,197950
hektor-1_lerosenberg-2057,720000
immo-facile-49117659,239900
guy-hoquet-immo-facile-6046082,104000
145263171,238000
ag671791-284621954,378000
hektor-MAYAIMMO2020-1816,191700
ag681108-344647338,230000
ag671791-289074767,162000
ag680286-288418673,180000
apimo-7374814,339200
rodacom-4555429,199000
hektor-3ROIIMMOBILIERE-978,66000
apimo-5429514,390000
hektor-cdrieux-710,249000
ag060811-320053290,50000
131641777,149000
mgc-349604382-cf-altkirchid15SS750m2,437100
laforet-immo-facile-21278321,128400
hektor-MAYAIMMO2020-1850,221550
mgc-360307321-SOULTZMATT800LP2P130,395000
ag681391-365796727,300000
immo-facile-51660730,140000
mgc-377769642-C-WUE-366-95-OS,332600
hektor-girardi-blotzheim-2566,353000
iad-france-853507,437000
guy-hoquet-immo-facile-5766561,79000
ag681391-365796844,1325000
ag670426-333334842,289000
immo-facile-17320951,156000
gedeon-26470215,537000
hektor-lifeimmo-1997,260000
gedeon-24751841,349000
160967681,329609
ag681140-371989153,75974
immo-facile-52114810,385000
ag743447-352946224,69500
154209787,213900
orpi-1-054037E25RSB,572000
rodacom-4568192,125000
entities-1044598-2685968,317472
hektor-cdrieux-733,426000
gedeon-26248224,197000
rodacom-5251391,248850
immo-facile-45457921,135000
mgc-276259566-CWE-201112-125744,249000
orpi-1-054934E2H3VH,348350
hektor-agence-efco-immo-1754,306500
immo-facile-51725448,174000
ag681332-368122231,458000
ag671474-374811754,295000
orpi-1-054927E1FN6H,58000
mgc-340982066-C-GUE-620-D-AG,373200
ag670640-250580164,209000
iad-france-684834,225000
hektor-immoplusalsace-2208,659000
hektor-girardi-pfastatt-3308,272000
orpi-1-054928E2EAHT,299250
guy-hoquet-immo-facile-2348843,115400
ag681156-320353005,189900
immo-facile-50803545,225000
ag681088-375617833,262000
ag680734-364216159,142140
immo-facile-43363873,239000
hektor-girardi-pfastatt-2885,249000
hektor-valencay-immo-2582,498000
mgc-337254954-RK_MSB_RIXHEIM_TM350m,374900
guy-hoquet-immo-facile-2732209,154900
guy-hoquet-immo-facile-5775898,175000
immo-facile-44584817,219900
hektor-MAYAIMMO2020-819,292000
hektor-agfreyimmo-889,238000
guy-hoquet-immo-facile-5589798,56000
ag681391-351685240,99000
ag681391-347001447,480000
entities-1044599-2710816,312000
hektor-dagon68500-2423,380000
immo-facile-46053975,118000
ag541392-378311065,154900
hektor-sweethomeconseil-1194,192000
ag681156-380505763,473000
century-21-202_3377_1480,191489
entities-1044599-2710812,348600
immo-facile-adresse-13019519,224679
gedeon-26710574,256000
ag681122-382882016,441000
guy-hoquet-immo-facile-4853590,171600
mgc-339247116-VM-MULHOUSE-202274,414234
entities-1043690-3639116,332185
immo-facile-51772126,58000
hektor-MAYAIMMO2020-2120,468000
ag671791-298132722,78400
orpi-1-054037E1C0L9,335000
immo-facile-49822176,84780
hektor-cdrieux-841,174000
hektor-moebel-immo-129,439000
hektor-immo-wittenheim-3112,223600
hektor-lifeimmo-1760,199000
entities-1044598-2690031,385300
ag671791-291862385,348000
ag681104-363901918,249900
guy-hoquet-immo-facile-5575778,234000
guy-hoquet-immo-facile-3262511,223000
ag681088-323861703,252000
entities-1044601-2666511,799700
entities-1044599-2803294,380900
mgc-296056010-C-BUR-374-SB,228700
hektor-ELSASS2020-1948,470250
century-21-202_3377_961,72000
immo-facile-31210053,239200
ag681391-324331299,182000
ag681404-326621034,284000
immo-facile-51277985,468000
hektor-sweethomeconseil-1297,318000
entities-1043690-3789877,342180
guy-hoquet-immo-facile-2379606,379000
entities-1044598-2652760,280444
entities-1044598-2681597,417168
guy-hoquet-immo-facile-6049205,516000
orpi-1-054048E1V2IL,192600
immo-facile-48202680,275000
ag681158-326483568,148000
ag681154-252828157,202000
ag670426-338504727,275700
immo-facile-49704864,260000
guy-hoquet-immo-facile-5697951,572000
orpi-1-054039E1VCCS,266000
immo-facile-2233751,132980
mgc-233617357-RK_MSB-M_j-20_FESSENHEIM_TM551,245700
hektor-agence-efco-immo-1464,429900
safti-1-654108,260000
guy-hoquet-immo-facile-72497,135000
ag681332-354465685,150000
mgc-330833283-EK-250122-Illfurth-Lot3-Librea,447945
ag680286-266225123,185000
ag681154-252828229,398000
hektor-cdrieux-686,405000
hektor-agence-efco-immo-1761,262300
hektor-MAYAIMMO2020-2131,348000
safti-1-562441,175000
mgc-314033547-VM-MULHOUSE-2021278,446770
guy-hoquet-immo-facile-5681961,244000
hektor-CCLAUSSColmar-168,213000
immo-facile-38463383,179900
safti-1-802716,245000
nexity-0089__89080_01,188142
immo-facile-43859412,187200
immo-facile-3797119,549000
ag681088-321825474,220000
ag681391-355184377,371000
iad-france-1254303,118000
mgc-360974836-MKI-FELDBACH2-20221003,428028
orpi-1-054928E26DT0,368800
guy-hoquet-immo-facile-5754910,149900
ag681391-346572105,440000
entities-1044599-2638704,299800
ag681391-374642329,177000
ag681113-291915755,182000
mgc-382475636-pp-230417-171042,309059
ag681106-379195381,79000
immo-facile-47820771,360000
hektor-robischung-2731,173000
safti-1-739396,139900
guy-hoquet-immo-facile-2761301,148000
visiteonline-p_5137724,176000
immo-facile-48296616,246000
159426519,253204
iad-france-1209708,105000
hektor-cpdelta-148,280000
hektor-girardi-pfastatt-3307,108000
nexity-GB00167260,244000
ag681234-332549403,55000
hektor-girardi-pfastatt-3321,282000
orpi-1-054037E2JYI7,88400
ag681156-367041421,185000
mgc-382433120-SJ-230417-084848,565000
hektor-expertiseimmo-34,115000
159794611,236500
guy-hoquet-immo-facile-2605346,223000
mgc-176975237,620000
orpi-1-054927E1K69V,113400
immo-facile-34343475,176800
ag681154-256239739,230000
entities-1044599-2725463,362300
ag681145-380869501,350000
ag681110-279397640,382000
ag681110-317556666,265000
ag681237-338964513,170400
154289765,272000
ag681204-366898780,132500
ag681124-330310530,62000
ag681237-320042640,174900
century-21-202_3377_1393,110000
ag681391-329780829,222600
ag681122-265867913,199000
hektor-immolandismunst-1178,336000
orpi-1-054041E2HS9S,253000
ag681158-332856585,336000
ag681154-335155194,226000
hektor-LECEDREIMMO-145,355000
ag671791-356796577,122000
citya-immobilier-1273-TMAI123937,349000
safti-1-624390,125000
ag671791-290031908,95000
laforet-immo-facile-21526391,310000
immo-facile-42806938,148000
immo-facile-3334598,138297
150605705,215000
iad-france-792302,130000
ag681158-290840429,140000
ag680775-348104916,514500
ag681158-366202630,97000
ag671913-328102260,345000
157403551,282480
guy-hoquet-immo-facile-5806052,120800
mgc-364870379-CWE-221102-152404,264500
150943759,223950
immo-facile-51686036,208000
hektor-MAYAIMMO2020-2471,316500
guy-hoquet-immo-facile-6199489,263800
hektor-LECEDREIMMO-119,365000
ag681204-378102952,298700
hektor-mhimmobilier-1222,129500
ag681110-360445651,221000
nexity-GB00141785,120000
immo-facile-50503515,269000
mgc-294089985-SJ-210317-153509,367000
iad-france-1238134,215000
rodacom-5127049,227600
hektor-sweethomeconseil-1322,200000
immo-facile-51683477,188000
immo-facile-51983145,54800
156275475,176500
safti-1-674474,260000
hektor-expertiseimmo-1631,493000
immo-facile-51492834,540800
hektor-girardi-pfastatt-3314,216000
ag340369-360970345,342400
gedeon-24966439,409500
hektor-MAYAIMMO2020-1631,160000
hektor-robischung-2465,210000
hektor-girardi-pfastatt-2937,168000
immo-facile-51241226,498000
iad-france-1298444,314000
mgc-383466535-pp-230426-181159,302500
ag670640-200031228,276000
ag680575-376538803,166500
guy-hoquet-immo-facile-5593480,50000
nexity-GB00158351,277990
hektor-agence-efco-immo-1789,231500
citya-immobilier-1273-TAPP453396AA,139000
guy-hoquet-immo-facile-2734894,321000
ag680297-243898825,106000
hektor-ag-orim-1116,275000
ag340369-364737268,274634
ag681158-311634321,385000
hektor-CGAIMMOBILIER-1758,322504
ag680632-271041965,72000
hektor-sweethomeconseil-1145,368000
safti-1-615466,572000
ag670426-342580596,320000
entities-1043690-3889647,332000
rodacom-4420208,52000
visiteonline-p_5285280,256000
entities-1044602-2779484,653300
laforet-immo-facile-17984507,129000
ag750949-277091888,235000
guy-hoquet-immo-facile-2189162,77500
ag681158-367735735,175000
immo-facile-43364085,365000
ag680010-233873056,315000
immo-facile-49562224,505000
ag680633-256350343,83000
guy-hoquet-immo-facile-5468503,168000
guy-hoquet-immo-facile-5583974,244000
hektor-cpdelta-200,175000
safti-1-697396,529000
entities-1044601-2809033,627320
ag680967-264124838,441000
135458913,149500
apimo-6875784,249000
immo-facile-50831224,165000
rodacom-4555287,329900
mgc-366339947-MS-221116-094202,372000
159001267,60000
immo-facile-47237653,213200
hektor-moebel-immo-156,246520
apimo-8158386,167000
ag681391-365796163,215000
ag680632-226103527,38000
entities-1043690-3888173,320000
ag743447-365339893,69900
mgc-308442683-SJ-210705-164330,354000
guy-hoquet-immo-facile-5508753,523500
ag681088-380158558,232000
154935419,188000
hektor-generalimmo-2712,179000
immo-facile-50575465,249900
apimo-7616816,325000
ag681404-371168362,124200
hektor-1_lerosenberg-1423,349000
159131759,274700
hektor-LECEDREIMMO-171,335000
151800375,208200
ag680967-301666323,209000
160667305,170525
hektor-MAYAIMMO2020-2408,525000
mgc-317156555-SJ-210923-112045,368000
rodacom-4938193,214408
hektor-sweethomeconseil-1160,109000
mgc-321182490-AP-STEINBRUNN_LE_HAUT-20212710,353000
141953333,235000
iad-france-813439,220000
immo-facile-31043960,135200
ag681404-326621172,129500
ag680010-205568463,156000
hektor-immo-wittenheim-3322,147000
hektor-agence-efco-immo-2008,559000
ag680575-176911300,245000
hektor-alaingimmo-356,259000
hektor-girardi-pfastatt-3145,146000
laforet-immo-facile-21343822,189500
orpi-1-054927E1MA7R,339500
guy-hoquet-immo-facile-6201682,46000
mgc-377236130-SJ-230227-092531,327800
mgc-323624937-AP-UFFHEIM-20211811,344000
entities-1043690-3639168,339650
orpi-1-054048E2LQCP,219000
immo-facile-adresse-12802794,117700
ag681404-368747869,358700
ag440414-331408125,399900
immo-facile-50432735,132000
hektor-moebel-immo-239,182275
157403409,307830
156194305,580000
hektor-girardi-pfastatt-2993,119000
hektor-58_lloydavisbis-530,720000
hektor-sweethomeconseil-1330,160000
guy-hoquet-immo-facile-5618485,120000
ag681104-383417705,289900
immo-facile-47122353,486000
ag671791-296227419,55000
mgc-177037460,226500
141953355,103300
hektor-sweethomeconseil-1275,225000
ag340369-348059763,232800
guy-hoquet-immo-facile-5641658,580000
mgc-377965699-Maison_sur_la_commune_de_NIFFER_68680_-_Nouveaute,442700
ag681332-351828625,259000
hektor-amsignatureimmo-85,210000
ag681237-374724361,325500
ag671791-281439077,78400
ag671791-291328736,159000
orpi-1-054927E1PG1H,168818
iad-france-960683,615000
adapt-immo-680091327,374000
ag671791-313819548,130000
ag680575-222262648,173000
orpi-1-054037E2F65R,270000
ag671474-329608671,125000
ag670547-327044715,259700
ag340369-363730438,395000
hektor-ELSASS2020-3400,247000
hektor-agence-efco-immo-1703,315000
immo-facile-adresse-12676561,387000
hektor-cdrieux-753,198220
immo-facile-adresse-11036929,245000
ag750129-380941393,139500
ag681122-343657833,445000
orpi-1-054041E2CFFJ,437800
ag681158-346373526,427000
entities-1043690-3679081,339116
iad-france-1146792,375000
entities-1044599-2792265,389000
ag681158-302428812,249000
mgc-ancien-L01_0F01_071012,55500
hektor-mhimmobilier-1282,199500
hektor-girardi-pfastatt-2856,495000
iad-france-1206990,219000
immo-facile-40161256,260000
immo-facile-47468761,231900
safti-1-640987,349000
orpi-1-054927E1MG4T,399000
160339103,540000
ag671474-247382074,265000
mgc-371447996-MS-230104-101126,330000
entities-1044601-2779721,667500
hektor-MAYAIMMO2020-2039,395625
ag670426-333335037,545000
orpi-1-054926E270O8,296800
ag681332-325297932,530000
ag681404-326621088,175000
mgc-382685281-SJ-230419-083443,590000
ag681391-357441094,460000
hektor-1_lerosenberg-1300,262500
immo-facile-43361334,100000
ag671791-334601049,250000
hektor-3ROIIMMOBILIERE-997,105000
entities-1043690-3634380,345090
ag440414-275215499,548000
hektor-1_lerosenberg-1286,884000
hektor-PAQUIN2020-63,116600
iad-france-1292084,194500
hektor-MAYAIMMO2020-2537,149000
apimo-4443779,185000
ag681360-316941981,241500
gedeon-26124770,334000
mgc-368503885-VM-NIEDERENTZEN-2022125,285000
ag681156-324307380,169900
ag671791-307821537,200000
immo-facile-37311000,419900
ag681237-380234812,125000
ag681237-314751033,369250
ag681113-267224552,290000
ag671633-320661645,285498
hektor-generalimmo-2612,154700
orpi-1-054928E2681H,325000
immo-facile-50667721,266000
hektor-5_lerosenberg-1759,300000
mgc-382465263-C-BEB-420-81-AG2,337000
orpi-1-054037E1LS1I,313000
adapt-immo-680091225,136000
hektor-moebel-immo-164,168048
ag680297-332334405,163000
ag680047-278571074,133000
orpi-1-054927E25DT5,204809
hektor-moebel-immo-189,233200
hektor-immo-wittenheim-3097,322400
155327909,245000
century-21-202_3377_308,82500
hektor-ghisimmobilier-1841,126000
guy-hoquet-immo-facile-4246674,63500
ag681158-254578074,270000
mgc-378032126-CWE-230306-115955,223000
hektor-alaingimmo-406,210000
hektor-moebel-immo-193,468000
immo-facile-40820762,260000
hektor-ag-orim-1061,190000
ag681237-381944983,108000
hektor-moebel-immo-213,270690
rodacom-4554717,179000
orpi-1-054927E26ZOA,129600
ag060811-373915969,950000
ag681106-322471818,258000
ag681237-362265013,447000
161364315,70000
apimo-4503576,125000
hektor-ELSASS2020-5964,676000
entities-1044602-2766744,731600
hektor-MAYAIMMO2020-1806,249000
ag681101-326653632,225000
mgc-261835206-CWE-200731-113159,389000
immo-facile-2376025,151000
immo-facile-51782378,272500
hektor-moebel-immo-121,425000
hektor-premium-prestige-11217,370000
hektor-CGAIMMOBILIER-711,241500
151105441,312900
guy-hoquet-immo-facile-2810192,380000
iad-france-1310955,325000
ag680278-235632238,294000
immo-facile-47563227,158000
mgc-357632176-MKI-ALTKIRCH-20220809,486142
mgc-342877743-VM-FELDKIRCH-20220509,256890
gedeon-25511658,175000
iad-france-917110,145000
adapt-immo-680091551,301600
immo-facile-46622749,209100
ag681158-295069316,339500
apimo-5055571,430500
hektor-MAYAIMMO2020-2501,55000
ag671913-376656697,405000
orpi-1-054041E238NS,212800
immo-facile-49347430,171600
nexity-GB00157588,85000
guy-hoquet-immo-facile-5860974,155000
hektor-MAYAIMMO2020-1854,249000
safti-1-678053,239000
hektor-generalimmo-2727,328000
hektor-MAYAIMMO2020-2306,630000
hektor-1_lerosenberg-893,475000
immo-facile-39007453,299000
entities-1044598-2654597,290148
apimo-4874337,441000
entities-1044599-2752122,359800
ag680286-312436101,150000
entities-1044599-2744402,517800
151889643,134700
134603605,126000
orpi-1-054927E2FXB4,120400
ag681156-300738675,137000
ag681204-327271992,180000
157098859,240000
immo-facile-adresse-10507280,415000
ag671791-296227305,106900
ag670426-338504358,140000
ag681542-380384700,120860
mgc-313231658-C-ENS-327-SB,315000
hektor-robischung-2749,262000
orpi-1-054927E1SC02,276300
ag681158-323752845,486500
immo-facile-38123332,935000
apimo-8158460,419000
hektor-MAYAIMMO2020-1989,123000
ag681237-281198519,321000
160493727,240000
ag671633-331251987,255000
157403567,332160
apimo-6962545,580000
iad-france-1005609,105000
161402511,289600
safti-1-687236,239000
iad-france-1213481,470000
laforet-immo-facile-21156439,246100
orpi-1-054038E1VTDJ,99000
hektor-sweethomeconseil-1219,149900
laforet-immo-facile-21445673,133750
immo-facile-48865153,182000
151105443,245500
rodacom-4825130,196100
ag743447-372329566,315000
mgc-349600315-CWE-220701-165241,254000
ag681237-376553377,298000
ag681158-373018012,360000
mgc-363774036-C-RUS-600-A-AG-2,279800
ag680254-294776687,159000
guy-hoquet-immo-facile-2754907,105000
ag681158-368137510,105000
immo-facile-adresse-13098932,90000
gedeon-25859080,499000
hektor-girardi-pfastatt-2684,315000
ag681404-379792393,223650
apimo-4416304,238000
hektor-agence-efco-immo-1575,435660
hektor-cpdelta-22,105000
ag681110-363918241,290000
immo-facile-49550994,284900
hektor-moebel-immo-33,129300
guy-hoquet-immo-facile-4735459,99900
guy-hoquet-immo-facile-5792383,109000
orpi-1-054039E2031D,359000
146162819,189000
mgc-359013469-SL-NIEDERHERGHEIM-2022199,316772
immo-facile-46607265,425000
guy-hoquet-immo-facile-2572711,264000
ag681158-262193782,415000
apimo-8195954,158000
ag681237-277425995,230600
ag671791-294081935,229000
visiteonline-p_5238442,261000
157818467,173000
ag681158-376551964,263000
mgc-118756865_DMBRUN10-BRUN8-DMBRUN10-BRUN8,940000
161572089,444880
apimo-8158446,368400
hektor-5_lerosenberg-1985,215000
immo-facile-49262215,255000
hektor-alaingimmo-375,115000
orpi-1-054039E1KG6I,293000
hektor-CGAIMMOBILIER-1022,274900
mgc-238304352-SJ-200210-112237,313000
ag671474-366487165,299000
hektor-MAYAIMMO2020-783,179000
ag681088-354599383,120000
hektor-robischung-2482,292000
guy-hoquet-immo-facile-2156373,212000
mgc-274645124-BK_CHALAMPE,339000
158630749,145000
ag340369-365372416,210000
149060399,50000
entities-1043690-3712465,308360
visiteonline-p_5302905,335112
immo-facile-35551106,495000
152977297,149600
mgc-368083427-CWE-221201-114520,290400
hektor-MAYAIMMO2020-2191,316500
hektor-PAQUIN2020-136,188000
mgc-326796918-CHT-INGERSHEIM-20211216,419000
ag681332-321341535,367500
immo-facile-45496749,403000
ag681158-338060841,175000
160538063,289200
hektor-lifeimmo-1869,215000
hektor-PAQUIN2020-121,329000
ag681120-361170745,105000
hektor-CGAIMMOBILIER-1772,273000
apimo-6489850,275000
mgc-375577238-SJ-230210-151239,334800
immo-facile-45496635,369000
immo-facile-48347972,246000
immo-facile-52611749,243000
mgc-118756865_RFBLOD460-RF91P2GA-RFBLOD460-RF91P2GA,333500
ag680575-335053722,275000
hektor-agence-efco-immo-1593,206700
hektor-cdrieux-728,153000
ag681110-343373331,219000
hektor-girardi-pfastatt-3362,318000
mgc-189667610,261000
orpi-1-054038E0RDED,189000
guy-hoquet-immo-facile-2758872,290000
mgc-382842637-CWE-230420-151755,319000
ag671791-302861841,105000
132004575,155612
156255165,480000
entities-1044599-2679935,409000
hektor-agfreyimmo-865,168000
ag671913-367899889,325000
iad-france-872665,175000
hektor-CGAIMMOBILIER-1027,580000
mgc-382685245-SJ-230419-083144,466000
hektor-CGAIMMOBILIER-979,336000
ag681110-327135870,294000
ag671913-356065399,285000
mgc-374665993-CLM-RUSTENHART-230202,262705
161555715,249400
ag681104-361937845,315000
ag681158-359459548,499000
guy-hoquet-immo-facile-2608454,99900
hektor-PAQUIN2020-75,273000
laforet-immo-facile-19882854,148730
mgc-318506780-C-DIE-451-SB,371000
ag681444-342174915,254400
hektor-1_lerosenberg-1916,1050000
mgc-243052962-SJ-200311-100825,299000
ag340369-246797092,273400
ag670609-328449219,163000
ag681423-343370340,768600
rodacom-5142702,111000
century-21-202_3377_312,149500
ag671791-314158947,174000
ag681404-376689226,160000
mgc-362203663-ASPACHLEHAUT720LB2P130,449500
hektor-immo-wittenheim-3311,240660
immo-facile-1978062,446808
157498323,110000
pericles-36799448,229500
146183133,303829
ag680010-337055964,99000
ag440414-303103965,200000
apimo-8092896,350000
orpi-1-054041E28WR9,56000
immo-facile-48985804,260000
iad-france-831014,485000
hektor-robischung-2557,183000
ag681332-351974881,248000
immo-facile-48609373,359000
ag110472-334042497,708000
guy-hoquet-immo-facile-4709817,56000
ag680297-364682812,99000
ag680824-260227915,147000
hektor-CGAIMMOBILIER-980,174990
ag680010-358710361,70000
ag440414-199717453,332325
immo-facile-adresse-10894478,319000
158437867,253000
immo-facile-adresse-12995609,395000
guy-hoquet-immo-facile-2295052,131000
ag681101-284884592,191000
orpi-1-054927E1PMJP,243800
mgc-316700961-RK_MSB_GUEWENHEIM_TM600,322100
ag671791-312853539,105000
ag681158-368277838,399000
hektor-agence-efco-immo-1948,450000
ag671791-371969875,277000
ag681158-336236526,443778
rodacom-4690574,137800
ag681391-326264211,340000
hektor-immolandismunst-1179,280900
ag681158-327457755,154000
hektor-MAYAIMMO2020-2344,439000
ag681110-376798942,620000
immo-facile-47990923,285000
apimo-8158408,265095
mgc-ancien-070989,73800
iad-france-1107341,195000
160967269,330100
ag681156-354218812,283000
ag671474-272180051,92000
gedeon-23657417,150000
guy-hoquet-immo-facile-5807210,179000
ag681158-311399331,861120
safti-1-846335,559000
immo-facile-45796196,182000
immo-facile-48661992,364000
mgc-339209951-C-BUR-660-OS,498600
adapt-immo-680081350,222250
guy-hoquet-immo-facile-5989621,77500
safti-1-798982,199000
hektor-CGAIMMOBILIER-842,156600
ag681158-352198576,559000
immo-facile-48819192,225320
immo-facile-47961608,135200
immo-facile-48635469,210000
161402501,240000
immo-facile-45469696,218400
orpi-1-054927E1R4JQ,283500
guy-hoquet-immo-facile-5675266,66000
ag681108-351770269,699000
ag340369-359226178,126000
rodacom-4943428,67000
ag743447-331552563,188000
immo-facile-48646469,290000
adapt-immo-740281121,250000
mgc-381799962-C-TUR-533-125-AG1,456700
ag681391-345823149,469000
immo-facile-3352367,324469
guy-hoquet-immo-facile-3680438,119900
ag681425-330520794,70000
laforet-immo-facile-20927430,295000
immo-facile-45828894,290000
rodacom-4470273,165000
iad-france-882597,365000
ag681109-381414622,180000
immo-facile-51042551,189000
148821523,152000
apimo-82229302,549497
guy-hoquet-immo-facile-2631159,135000
160782777,240800
hektor-5_lerosenberg-1409,195000
immo-facile-18755357,130000
immo-facile-51909108,323300
apimo-82487922,790000
ag671913-359626678,159000
ag680575-284833625,175000
ag743447-328632057,96000
apimo-4047138,225000
mgc-276813158-RK_MSB-M_JU20_CERNAY_TM335,284500
ag743447-329078370,215000
gedeon-22503864,391000
mgc-334611386,208000
ag680297-259789174,367500
iad-france-1292119,235000
safti-1-598708,99000
ag680632-184410694,225000
ag681444-344791002,247000
immo-facile-49897258,1200000
snpi-5234592,349000
161402503,365000
citya-immobilier-36-TAPP491511,78000
160770029,424000
orpi-1-054039E244HN,313500
safti-1-747764,174000
ag440414-295602917,365000
ag670426-343593768,299000
orpi-1-054928E1GEFG,186375
ag670627-226902226,235400
153896285,159750
guy-hoquet-immo-facile-6300636,320000
151847187,200700
ag681425-363478414,490000
century-21-202_3377_1232,280000
ag681158-302727252,99000
guy-hoquet-immo-facile-6052645,171500
hektor-MAYAIMMO2020-2206,187000
guy-hoquet-immo-facile-2731342,130000
mgc-118756865_DAGVIE114-DAGM006-DAGVIE114-DAGM006,319000
ag681145-383218625,109500
hektor-MAYAIMMO2020-2179,577500
safti-1-709619,465000
ag060811-328481883,322400
ag671474-378563953,357000
157416685,118688
entities-1044598-2713087,345225
ag681391-358347658,375000
guy-hoquet-immo-facile-5557844,88000
guy-hoquet-immo-facile-5440123,209000
ag681075-350781595,378000
orpi-1-054037E1N7UK,382268
ag060811-329847240,780000
guy-hoquet-immo-facile-3761109,66000
159581565,186600
ag681158-365543650,232000
immo-facile-34067709,82760
ag681332-338229939,390350
ag670426-343593678,131300
guy-hoquet-immo-facile-6091748,225000
immo-facile-51228561,148000
entities-1044601-2646164,702000
ag680575-176911513,230000
immo-facile-50399393,119000
immo-facile-38755266,182000
151944739,208300
immo-facile-33176971,93800
immo-facile-49681783,399300
157648941,70000
hektor-ELSASS2020-5554,397100
ag681391-323977455,477000
orpi-1-054048E2FC2O,318000
hektor-robischung-2464,232000
ag670426-333335118,260000
ag671791-313592349,240000
hektor-agence-efco-immo-1865,679000
ag681404-336730431,58300
immo-facile-46882607,218400
ag681158-298168992,209000
hektor-MAYAIMMO2020-1882,211000
159131749,279250
guy-hoquet-immo-facile-2761296,269000
hektor-sweethomeconseil-1187,285000
iad-france-833996,220000
ag671791-306021162,122000
mgc-357284698-OLTINGUE800LP110PP,329000
mgc-377391458-SJ-230228-140758,346600
157320091,166000
ag340369-348075519,486500
ag681234-317177169,326000
safti-1-712049,96000
ag671791-322429614,110000
rodacom-4401714,510000
orpi-1-054041E1W2WQ,64000
entities-1044601-2802090,721080
orpi-1-054932E20OUZ,276000
141948565,183000
safti-1-534293,110000
rodacom-5130487,520000
ag681158-312772545,243000
ag900057-323792658,472500
laforet-immo-facile-21314591,278200
hektor-robischung-2735,123400
iad-france-865913,220000
159094817,320000
ag671633-347617779,263999
immo-facile-51709214,110000
ag340369-303985587,137500
ag681106-368934181,169000
mgc-100370908-EK-20171402-MuespachV2-Keog,344658
152506951,182000
ag333464-351849427,229000
hektor-PAQUIN2020-60,380000
hektor-agence-efco-immo-1582,149000
ag681113-255578881,45000
guy-hoquet-immo-facile-2361245,79000
ag680297-276860438,159600
mgc-340509513-ALTKIRCH870VVPP130,410000
150943765,233178
ag671791-312177465,160000
149198965,274500
immo-facile-1067960,163000
hektor-ELSASS2020-3167,75000
laforet-immo-facile-17923241,197950
hektor-girardi-pfastatt-2835,335000
hektor-mhimmobilier-1237,283000
snpi-5316307,189000
immo-facile-34082341,69800
citya-immobilier-1273-TAPP501970,249000
157949927,130000
hektor-generalimmo-3332,190000
149523753,42000
orpi-1-054928E24TA1,97200
orpi-1-054039E1VTIK,179500
ag681237-346008306,181000
hektor-5_lerosenberg-1612,312000
orpi-1-054928E1GDSB,361400
apimo-4980486,160000
ag670640-186106429,209000
ag681332-317201208,434700
mgc-367975747-CLM-OBERENTZEN-20221125,269980
mgc-168718264,177200
immo-facile-44292109,198000
hektor-girardi-blotzheim-2517,265000
ag671791-328570722,169000
citya-immobilier-1273-TAPP430271,173000
adapt-immo-680091633,80000
apimo-4388197,210492
iad-france-735393,260000
hektor-MAYAIMMO2020-2268,129600
century-21-202_3185_1432,255900
ag681158-337007358,79000
160967889,298700
entities-1043690-3683117,299640
guy-hoquet-immo-facile-4913766,225000
150550509,172000
ag680297-314292486,220500
hektor-ag-orim-1158,465000
immo-facile-45498332,449000
safti-1-765891,449000
apimo-82320652,290000
ag681404-326894676,159900
ag671791-363451744,89100
immo-facile-47868331,360000
hektor-girardi-pfastatt-3112,540000
hektor-girardi-pfastatt-2984,52000
hektor-girardi-pfastatt-2657,292000
hektor-immolandismunst-1016,87200
iad-france-1309092,305000
immo-facile-adresse-12959729,115560
immo-facile-1842507,143617
hektor-moebel-immo-28,566000
immo-facile-46652433,92500
ag681156-268922675,278000
hektor-CGAIMMOBILIER-1743,342182
ag681104-274454369,155000
immo-facile-34376749,425000
hektor-MAYAIMMO2020-1981,514500
hektor-expertiseimmo-2056,226600
immo-facile-43697345,275000
nexity-GB00165683,76700
immo-facile-51457212,171600
ag681106-339082419,232000
ag681391-365796103,155000
safti-1-844071,230000
immo-facile-51205266,249900
immo-facile-48980406,198000
ag681404-326620872,96000
ag681110-361434592,138000
immo-facile-49995498,349000
immo-facile-45828990,397200
immo-facile-42030373,77000
ag671791-335505810,250000
gedeon-25925929,142000
hektor-PAQUIN2020-155,549500
ag681158-341215254,315000
mgc-334142211-cf-_mas-elo3-lot-,307650
gedeon-25511666,168000
iad-france-1096186,208000
ag680297-270711173,130500
gedeon-22928155,72000
immo-facile-3304680,186170
guy-hoquet-immo-facile-5652154,359000
guy-hoquet-immo-facile-5607819,243000
immo-facile-33494643,692000
mgc-354884810-pp-220817-103826,410612
hektor-girardi-pfastatt-2893,85000
ag681391-326933199,235000
hektor-robischung-2799,440000
safti-1-626694,180000
ag681237-297756948,379800
orpi-1-054933E2K9XM,84000
guy-hoquet-immo-facile-5525614,170000
ag681158-362600038,166000
immo-facile-38035115,399000
orpi-1-054048E23HGG,124200
hektor-MAYAIMMO2020-780,254000
ag440414-279109658,148000
hektor-amsignatureimmo-89,80000
guy-hoquet-immo-facile-5518264,72000
ag680575-267993038,167000
entities-1043690-3577355,518335
ag671791-285088190,80000
nexity-GB00162099,145000
161143617,110000
immo-facile-adresse-12876447,275000
rodacom-4581945,259000
ag681158-330952170,223000
iad-france-916266,115000
ag671791-302544336,159750
hektor-generalimmo-2920,240000
hektor-girardi-pfastatt-3106,495000
laforet-immo-facile-21168245,349800
guy-hoquet-immo-facile-2610003,395000
ag681391-378826513,910000
hektor-moebel-immo-258,399000
apimo-6284522,435000
rodacom-5155666,427000
immo-facile-35372313,114800
hektor-robischung-2758,212000
safti-1-602477,128000
immo-facile-48744482,291200
immo-facile-39905419,283500
immo-facile-51134261,57000
rodacom-4612425,259000
ag680254-363041425,243800
immo-facile-38432961,134160
151410809,170000
ag671474-371609299,250000
orpi-1-054038E1HV6Q,210000
ag681332-343300011,469000
ag681404-346530243,443100
immo-facile-35081211,113800
ag681119-370241887,147000
iad-france-1167191,99999
hektor-girardi-pfastatt-3348,168000
safti-1-759792,289000
orpi-1-054039E2AZ11,118000
safti-1-607975,516000
apimo-3588125,950000
gedeon-23501387,278250
hektor-alaingimmo-349,291200
gedeon-24848548,143000
ag671646-325839891,270000
safti-1-588117,80500
ag680331-324991505,98000
guy-hoquet-immo-facile-2321514,61500
ag671791-308879631,159750
hektor-agence-efco-immo-1421,185500
guy-hoquet-immo-facile-3498233,180000
ag440414-334291251,470000
ag681234-357362368,198000
orpi-1-054041E1OBD4,158000
immo-facile-40119686,208000
safti-1-765411,364900
ag680286-262748513,240000
hektor-dagon68500-2421,365000
immo-facile-19125601,260000
ag680575-176911462,240000
entities-1044601-2812016,782000
ag681237-276785840,190800
mgc-334059974-C-ISS-527-B-AG,360000
hektor-lifeimmo-1816,158000
hektor-cpdelta-52,237816
guy-hoquet-immo-facile-5845258,300000
rodacom-5127061,220200
hektor-ELSASS2020-2361,241500
mgc-118756865_RFDIET339A-RF97TPGADI-RFDIET339A-RF97TPGADI,335000
hektor-generalimmo-2726,380000
ag681210-374961631,399000
guy-hoquet-immo-facile-2723189,174000
ag671791-311967534,116000
orpi-1-054927E1NJJL,104000
guy-hoquet-immo-facile-6057469,188200
ag681391-342555483,884000
immo-facile-52060158,299000
ag670547-378709084,119000
guy-hoquet-immo-facile-6314426,82500
hektor-3ROIIMMOBILIERE-1002,259000
ag681158-303977127,220000
hektor-MAYAIMMO2020-1813,125000
apimo-5108615,171200
160646787,253270
entities-1044601-2682543,791700
hektor-PAQUIN2020-139,549000
hektor-cdrieux-743,222600
laforet-immo-facile-19913012,318000
apimo-8158151,546006
ag681210-380129884,349000
hektor-generalimmo-2932,260000
orpi-1-054041E1QWYX,150000
entities-1044601-2695417,617900
ag681156-318932865,575000
ag680010-278688971,241500
iad-france-734000,298000
160617289,347840
guy-hoquet-immo-facile-4817510,200000
gedeon-26710575,505000
orpi-1-054927E1PHDU,148891
hektor-cpdelta-109,351750
apimo-8158272,160038
rodacom-5206073,267200
mgc-323959442-CWE-211122-151423,234000
ag680010-305432583,283500
ag681109-351648874,167000
immo-facile-35718172,162200
hektor-girardi-pfastatt-3100,230000
156275151,196900
mgc-373779690,229000
iad-france-675140,235000
ag681158-305887305,305000
hektor-robischung-2750,545000
immo-facile-50635589,319000
ag680010-249929323,128400
mgc-363766026-C-ORB-620-AG-2,312900
orpi-1-054927E2BRBJ,119000
ag681156-268922582,150626
entities-1044601-2629602,815620
hektor-expertiseimmo-92,125000
ag680010-278576459,320250
immo-facile-50614459,415000
iad-france-1020671,375000
ag671791-318000510,106900
iad-france-1058891,610000
ag671474-254598891,153000
rodacom-4591095,160000
hektor-girardi-pfastatt-2495,262000
ag671474-346159092,127000
mgc-357130883-CWE-220905-150342,306000
ag681391-343022790,388500
iad-france-925061,265000
ag671791-283067642,447000
iad-france-1317002,210000
iad-france-1196484,82000
apimo-6156211,289000
mgc-355364944-2GALFINGUE500LB2P130,410699
immo-facile-48206565,475000
immo-facile-40843969,159900
ag440414-334788855,495000
nexity-GB00086641,72000
hektor-robischung-2480,252000
entities-1044601-2814159,578000
hektor-immo-wittenheim-3205,249600
rodacom-4879329,199000
ag681156-341511951,169900
hektor-cdrieux-713,190000
safti-1-855245,490000
iad-france-1269181,695000
148361695,329000
orpi-1-054039E1LW31,187000
orpi-1-054041E2MB0R,239000
immo-facile-49956785,99000
ag681158-347456910,206000
ag681158-281179088,99000
ag681237-316425870,278000
safti-1-667383,395000
ag681404-373437127,60000
hektor-MAYAIMMO2020-2232,410000
entities-1044601-2749569,700900
citya-immobilier-1273-TAPP495837,79000
guy-hoquet-immo-facile-6061766,286500
orpi-1-054927E1PG1Z,148748
ag681106-367288465,170000
immo-facile-49300090,530000
rodacom-4840695,188663
ag681237-373613584,263750
ag681154-252828232,569000
nexity-GB00118748,97000
safti-1-610359,210000
ag743447-378813385,338000
hektor-moebel-immo-157,241810
hektor-valencay-immo-2636,196100
145892843,295000
ag680734-372750576,135000
guy-hoquet-immo-facile-5029640,89000
ag681145-333049488,329392
ag671171-360507835,79000
ag681158-365037088,315000
immo-facile-39613980,140000
orpi-1-054038E1LFMI,203000
immo-facile-adresse-11396949,99900
ag670426-343593660,192000
ag670426-343593759,377500
149938581,253200
citya-immobilier-1273-TAPP422566,62300
guy-hoquet-immo-facile-3913292,210000
apimo-7463198,156600
ag681106-382866383,579000
ag671791-307371093,105000
ag681237-381788581,316500
rodacom-5258172,478500
ag681119-317197973,255000
immo-facile-48613636,114800
hektor-MAYAIMMO2020-1950,269000
iad-france-913156,124000
hektor-immoplusalsace-3314,495000
ag680278-243142219,175000
mgc-278008499-VM-ENSISHEIM-20202411,335048
immo-facile-48007784,319000
hektor-ifeaimmo-796,265096
citya-immobilier-36-TAPP456486,98900
immo-facile-44938421,173680
ag681332-318567672,439000
ag681110-349024929,266000
hektor-robischung-2142,371000
guy-hoquet-immo-facile-5676069,212400
hektor-immolandismunst-1149,160500
hektor-MAYAIMMO2020-2174,319000
immo-facile-43335550,224900
ag680824-253906566,228800
hektor-generalimmo-3152,99000
rodacom-4465366,230000
ag670426-343593696,370000
ag680047-225369826,112000
ag681391-328087614,480000
iad-france-1272839,245000
hektor-MAYAIMMO2020-2392,485000
hektor-sweethomeconseil-1272,125000
hektor-sweethomeconseil-1346,267000
iad-france-962886,139000
ag681237-315164430,181050
ag671913-353513110,579000
ag671791-292692413,149000
ag681108-352826827,219000
ag681404-379077502,197025
rodacom-4568018,319000
gedeon-24119015,323000
century-21-202_3185_1179,193000
ag680010-379470730,420000
hektor-MAYAIMMO2020-2294,291000
immo-facile-36947295,228800
immo-facile-adresse-12835646,165850
immo-facile-43776918,306800
ag754248-381946531,269000
ag681106-347283048,291000
hektor-immo-wittenheim-3137,244400
gedeon-22079945,322400
ag671791-321176598,263000
ag681158-258006940,873000
ag681391-334383555,357500
immo-facile-52447192,481750
ag333464-306604446,464000
orpi-1-054048E29SSY,472500
hektor-immolandismunst-1081,81750
immo-facile-49588199,146350
immo-facile-47623864,205600
orpi-1-054041E1B58Y,199000
ag681158-320095911,439000
mgc-293232498-SJ-210311-164415,333000
immo-facile-51624923,99990
ag671474-383095982,294000
150943959,208540
hektor-alaingimmo-398,132000
hektor-CGAIMMOBILIER-744,297000
immo-facile-51680894,743600
immo-facile-42011236,236500
entities-1044598-2652764,340080
ag681113-292914614,575000
ag681237-368640970,415000
ag340369-298994328,346500
ag681122-297579933,724500
rodacom-4436981,210000
ag680047-203537460,152000
161344809,513333
ag671791-323950149,95000
ag671791-291329579,695000
mgc-334610972,285000
ag671474-377140306,60000
immo-facile-43361945,115000
iad-france-1013138,319000
immo-facile-adresse-13240711,120000
rodacom-5237917,258000
142611321,225900
ag681423-358050178,80000
immo-facile-52126862,468000
orpi-1-054039E0SVNB,137000
century-21-202_3377_733,229900
mgc-343138165-CWE-220511-191714,389000
guy-hoquet-immo-facile-2758970,319000
hektor-MAYAIMMO2020-2014,337000
hektor-cpdelta-72,252000
ag681444-374851999,290000
orpi-1-054036E205JP,149000
hektor-robischung-2785,231000
apimo-82322912,314000
iad-france-1158898,130000
152028491,104000
ag681391-330720153,480000
ag680967-281483576,189000
mgc-342199344-RK_MSB_FLAXLAND_TM650,445100
135458867,134000
mgc-358318315-RK_MSB_DANNEMARIE_TM540,339700
hektor-MAYAIMMO2020-1827,460000
ag440414-267755186,394122
safti-1-464719,161000
guy-hoquet-immo-facile-5828037,99000
immo-facile-35705679,260000
guy-hoquet-immo-facile-2175544,289500
immo-facile-34355715,350000
147601709,143200
immo-facile-35481456,195000
hektor-CGAIMMOBILIER-1777,262500
ag671791-296051589,122000
160967781,345100
iad-france-945451,259000
ag681158-289751669,319000
153331881,170558
immo-facile-52421415,599000
ag671791-360960883,277000
entities-1044599-2772409,376000
immo-facile-47083854,291200
immo-facile-52257915,120500
ag671791-303514680,159000
immo-facile-adresse-12026640,99400
hektor-agfreyimmo-900,179000
hektor-CGAIMMOBILIER-1120,572000
adapt-immo-680091324,610000
ag681106-379069426,193000
hektor-agence-efco-immo-2013,107000
hektor-robischung-2862,128400
ag751938-308322978,275000
ag671717-371144812,365000
rodacom-4675525,299900
ag340369-246806998,171423
ag680297-328330779,115000
mgc-118756865_EK-0610-LEY-850-EK-LEYM-BOL14-EK-0610-LEY-850-EK-LEYM-BOL14,666200
ag680632-263461241,74100
hektor-CGAIMMOBILIER-816,137000
orpi-1-054037E23W1E,377000
rodacom-3919400,198000
orpi-1-054037E2J5FY,297000
ag333464-304305567,464000
safti-1-805415,250000
ag440414-292091162,126990
rodacom-4329768,315000
hektor-girardi-pfastatt-2768,168000
hektor-girardi-pfastatt-2901,166000
citya-immobilier-1273-TAPP459963A,99000
ag060811-319684587,300000
145616849,187400
hektor-agence-efco-immo-1906,716000
immo-facile-39231061,248000
iad-france-1146284,125000
hektor-sweethomeconseil-1265,219000
immo-facile-50674811,202800
ag671633-314867601,245261
ag681158-291872678,164000
mgc-313228337-C-ENS-332-AG,260000
ag681120-334389633,629000
iad-france-1122573,158000
ag681332-336216213,390000
hektor-amsignatureimmo-64,213022
ag670426-339870279,249700
hektor-ELSASS2020-5648,273000
immo-facile-46818313,169000
immo-facile-52477386,419000
ag681156-268922753,449000
immo-facile-49962974,372000
immo-facile-adresse-11064829,355000
ag681113-285922967,460000
immo-facile-34081768,265000
orpi-1-054036E2C5HM,103960
orpi-1-054039E1O1PH,157100
ag681158-330952176,274000
158669937,357000
ag681156-268922657,572000
ag681158-341343726,357000
immo-facile-47690021,495000
ag681332-320954736,180000
ag681237-276785876,213000
immo-facile-3465553,220500
immo-facile-40711901,217000
immo-facile-46245945,249600
mgc-366338504-MS-221116-093339,314000
citya-immobilier-1273-TMAI124384,215000
gedeon-24848551,198000
145812983,66000
ag681332-316356306,198000
ag671474-379878157,310000
hektor-PAQUIN2020-7,399000
mgc-332555466-EK-090222-Atten-6A-Keog-D,455653
hektor-girardi-pfastatt-2756,171000
nexity-GB00130968,200000
hektor-girardi-pfastatt-3008,365000
ag681158-374905627,165000
hektor-cpdelta-91,417334
ag680010-278688758,161700
mgc-344782749,292000
entities-1044598-2771724,379900
hektor-moebel-immo-117,673000
hektor-robischung-2544,307250
gedeon-26586567,389000
entities-1043690-3671189,335376
ag681237-377639713,421989
immo-facile-43066331,176800
guy-hoquet-immo-facile-6279973,215000
immo-facile-47873235,468000
ag680575-331575033,186600
157403557,291100
immo-facile-35601051,124800
hektor-deuxmm-72,63000
hektor-ifeaimmo-2065,225000
hektor-agence-efco-immo-1585,299250
hektor-MAYAIMMO2020-1527,169500
visiteonline-p_5230611,321960
entities-1044601-2779719,738150
ag681391-343130295,260000
citya-immobilier-36-TAPP484768,110000
ag671791-285425354,112000
guy-hoquet-immo-facile-2814541,207500
immo-facile-2297290,148936
ag670640-202103874,330000
161684079,90000
hektor-mhimmobilier-1372,210000
159581605,214500
immo-facile-49794525,225000
mgc-160231512,223860
ag671791-288887555,238000
ag681391-348868449,217300
hektor-robischung-2290,47000
ag680010-358710355,80000
ag671791-296975838,122000
adapt-immo-680091624,192500
guy-hoquet-immo-facile-5707698,73000
hektor-1_lerosenberg-1320,312000
hektor-CGAIMMOBILIER-815,211500
guy-hoquet-immo-facile-5830937,315000
ag671791-301204800,105000
ag681158-379907065,362000
hektor-girardi-blotzheim-2597,287500
immo-facile-48997568,199900
citya-immobilier-36-TAPP485187,122000
guy-hoquet-immo-facile-5697029,181000
ag370631-364886218,225000
ag681391-361581481,315000
hektor-sweethomeconseil-1151,278000
iad-france-1175387,86000
ag681391-347001474,135700
146172971,154000
hektor-girardi-pfastatt-3159,203000
immo-facile-50202738,134000
iad-france-1249163,830000
mgc-204755081-pp-190625-102236,284564
hektor-MAYAIMMO2020-2405,280000
apimo-5245720,285000
157464829,150000
mgc-118756865_DAGHEIM150-DAGM005-DAGHEIM150-DAGM005,409000
hektor-LECEDREIMMO-136,445000
ag671791-291021323,140000
ag671791-297131658,106900
guy-hoquet-immo-facile-5614641,146200
mgc-239066100-pp-_200214-132202,259163
hektor-girardi-pfastatt-2969,139000
161436213,235500
hektor-MAYAIMMO2020-1839,229000
ag681158-336057513,237000
orpi-1-054927E1JXC9,94800
nexity-GB00158951,160500
ag671791-281161202,135000
immo-facile-45370930,260000
hektor-MAYAIMMO2020-2381,514000
ag681120-374464420,335000
guy-hoquet-immo-facile-5639311,218000
ag671791-310859793,110000
rodacom-4598948,227000
hektor-cdrieux-740,180000
guy-hoquet-immo-facile-5018468,526000
citya-immobilier-1273-TMAI125766,239000
hektor-girardi-pfastatt-3072,208000
ag681404-378154627,250000
pericles-36850488,199000
ag060811-366472489,425000
hektor-lifeimmo-1980,168000
immo-facile-49706187,148400
guy-hoquet-immo-facile-2645614,199500
hektor-PAQUIN2020-120,447200
gedeon-24848554,135000
orpi-1-054036E2B8OS,154000
hektor-immolandismunst-1102,265000
immo-facile-45538332,152000
mgc-341867997-RK_MSB_KINGERSHEIM_TM596,443800
141957375,224000
rodacom-4955943,270000
immo-facile-51610361,305000
guy-hoquet-immo-facile-4878018,125600
rodacom-5125280,200000
ag681158-368771875,367000
visiteonline-p_5389251,315000
immo-facile-49817728,321000
ag670547-220148220,80000
ag681237-335813238,140400
pericles-36394375,347000
hektor-sweethomeconseil-1199,93000
iad-france-1166232,190000
entities-1042950-3798800,288500
ag681237-362090068,630890
guy-hoquet-immo-facile-2628415,158000
guy-hoquet-immo-facile-2346397,76000
ag670426-342635916,171000
hektor-valencay-immo-2618,210000
iad-france-1240325,599000
160967515,423800
ag681088-374969188,899000
ag680010-376176442,231000
mgc-334062695-C-ISS-530-B-AG,440000
160967427,268500
hektor-ag-orim-1166,270000
immo-facile-49897362,360000
ag681391-361421860,255000
ag681237-303116451,369250
orpi-1-054927E1Q0D3,420000
guy-hoquet-immo-facile-2558761,192300
ag681237-277472207,390350
ag671791-285088460,67200
hektor-immolandismunst-1130,472500
ag681104-373789828,153000
immo-facile-38953367,171000
ag681122-279773756,138000
ag680010-184160902,220500
mgc-378133013-pp-230307-091500,293674
orpi-1-054041E1Q00M,286200
hektor-PAQUIN2020-147,280000
hektor-immo-wittenheim-3320,142000
ag681332-358824169,294000
rodacom-4955941,199000
ag681404-364858888,60500
apimo-6525746,146000
rodacom-3228607,169000
immo-facile-43360366,134000
hektor-sweethomeconseil-1121,362000
immo-facile-39682661,280800
immo-facile-52270447,429000
ag681423-350012227,449400
ag681237-366203911,844000
mgc-118756865_EK-0610-OTT-2-EK-0610-OTT2-101-EK-0610-OTT-2-EK-0610-OTT2-101,383425
hektor-cdrieux-853,225000
hektor-mhimmobilier-1388,315000
immo-facile-44593091,304900
153025823,213900
157320059,156000
rodacom-4324511,135000
hektor-MAYAIMMO2020-2447,221000
hektor-sweethomeconseil-1277,256800
hektor-immo-wittenheim-3185,141750
orpi-1-054039E205F0,221000
ubiflow-easybusiness-220562790,209000
immo-facile-35917627,159750
nexity-GB00114122,65500
ag671791-303690966,447000
mgc-363772648-VM-WILLER_SUR_THUR-20222410,279250
iad-france-805138,312000
hektor-MAYAIMMO2020-2556,284850
immo-facile-43656951,239200
immo-facile-31110634,218400
mgc-272073176-VM-BLODELSHEIM-2020913,379498
ag250493-317588058,75600
hektor-ghisimmobilier-1595,170000
mgc-349769794-RK_MSB_NIEDERENTZEN_TM280hte,305000
guy-hoquet-immo-facile-2723637,89900
immo-facile-25055110,183000
141957203,139000
hektor-agence-efco-immo-1752,345300
ag681391-344990907,318000
161402491,289600
ag333464-298130544,178020
hektor-PAQUIN2020-98,322350
rodacom-4694454,210686
guy-hoquet-immo-facile-5530344,88000
rodacom-4401724,444000
hektor-sweethomeconseil-1048,367500
guy-hoquet-immo-facile-5982989,295000
mgc-118756865_GGBUSCHFLEUR450-GGKELL-GGBUSCHFLEUR450-GGKELL,454000
hektor-mhimmobilier-1275,93600
hektor-generalimmo-3298,139000
ag333464-358043920,153000
ag681088-373925203,232000
immo-facile-47554618,400000
iad-france-823248,135000
ag681404-341480484,197100
hektor-agence-efco-immo-1842,478400
orpi-1-054041E1XJ0K,169000
guy-hoquet-immo-facile-6200668,229000
guy-hoquet-immo-facile-6123211,280000
guy-hoquet-immo-facile-6028965,94000
160404537,160800
ag680254-356403442,298000
guy-hoquet-immo-facile-5743996,255000
hektor-agence-efco-immo-1741,209000
gedeon-24739117,194000
immo-facile-50447999,273000
hektor-LECEDREIMMO-175,273000
ag340369-335782140,251500
149212803,241000
hektor-mhimmobilier-1429,294000
hektor-MAYAIMMO2020-802,119000
guy-hoquet-immo-facile-6071959,156000
nexity-GB00141095,98000
guy-hoquet-immo-facile-5022997,66000
iad-france-1217019,679000
ag681158-336057507,97000
ag680010-309483033,278250
ag681110-229898125,420000
ag681110-343373520,185500
ag342805-296769642,67000
orpi-1-054048E2338J,436500
145263209,261000
ag680286-290130365,235000
immo-facile-50653520,343000
immo-facile-39313577,164000
ag671913-376619374,347700
hektor-sweethomeconseil-1343,400000
orpi-1-054043E1IVM8,175000
160182105,350000
ag440414-333460035,301000
ag681156-268922618,499900
hektor-girardi-pfastatt-3154,55000
ag681158-342599334,177000
apimo-8158379,229200
orpi-1-054041E1P3HZ,55000
ag671913-324580284,120000
hektor-CGAIMMOBILIER-686,368000
ag681391-373908433,690000
hektor-MAYAIMMO2020-1622,442000
ag671791-307371282,171000
immo-facile-52476640,346500
gedeon-23009740,118000
156526987,525000
iad-france-1026122,115000
apimo-82219779,189500
ag681108-280120409,349000
immo-facile-46729358,235000
140252237,235000
ag681158-274822106,169000
entities-1044602-2781118,770300
orpi-1-054037E26RD1,108316
century-21-202_3185_8,102200
ag681391-348958473,392200
orpi-1-054038E29RK4,349000
ag681391-369998242,657000
iad-france-1146696,152000
ag680632-253748263,192000
rodacom-4932003,233000
immo-facile-50432268,572000
guy-hoquet-immo-facile-2782258,315000
hektor-agence-efco-immo-1882,499000
orpi-1-054037E1NK9V,179000
guy-hoquet-immo-facile-2321894,160000
entities-1043690-3730572,411430
orpi-1-054934E2GNRT,114450
gedeon-24173286,330500
safti-1-657686,270000
160967395,229500
rodacom-4461426,297000
ag681391-348958434,573500
hektor-girardi-pfastatt-3180,136000
hektor-agence-efco-immo-1891,439000
hektor-robischung-1770,128400
150707099,171000
hektor-MAYAIMMO2020-1803,672000
mgc-290282505-C-GEI-568-F-AG,303900
hektor-dagon68500-2390,219000
ag681391-365796694,371000
ag670426-338504283,340000
ag750949-305875725,335000
ag681156-319668771,219000
ag681237-311977068,299000
hektor-girardi-blotzheim-2756,386000
mgc-381364278-C-ALG-452-112-AG1,324000
ag681391-348916812,229000
guy-hoquet-immo-facile-2810543,105000
ag671791-288887978,122000
immo-facile-36995823,760000
hektor-girardi-pfastatt-3068,392000
hektor-robischung-2447,138000
rodacom-4503939,240000
citya-immobilier-36-TAPP457433,89000
hektor-lifeimmo-1827,215000
ag681332-366099721,269000
guy-hoquet-immo-facile-5644685,106900
guy-hoquet-immo-facile-2800791,180000
hektor-girardi-pfastatt-3335,260000
nexity-GB00154072,150000
ag680967-328461258,225000
century-21-202_3185_1244,90000
156497449,215537
immo-facile-35200212,119800
safti-1-779397,350000
hektor-MAYAIMMO2020-2007,241500
immo-facile-50781421,147000
135458885,125000
hektor-cdrieux-818,335000
161359823,230000
157544269,389350
150943781,235400
guy-hoquet-immo-facile-2373064,85000
mgc-271980824-VM-FESSENHEIM-20201310,315415
ag681156-252595285,799760
pericles-36629962,273500
151236487,348000
guy-hoquet-immo-facile-2774558,139000
hektor-generalimmo-2771,253000
orpi-1-054037E2BTV6,143000
ag681158-367337362,380000
mgc-337422694-SJ-220324-161613,328000
pericles-36799446,345000
hektor-PAQUIN2020-4,165000
ag670547-293243534,169000
ag680632-241139620,130000
iad-france-817950,220000
hektor-sweethomeconseil-1242,162000
hektor-PAQUIN2020-125,249900
ag681156-342134817,380000
hektor-expertiseimmo-2183,192400
hektor-MAYAIMMO2020-769,199000
hektor-5_lerosenberg-1648,140000
ag681237-317852976,311225
ag440414-371654275,259000
ag681158-378770590,326000
mgc-118756865_EK-MUESPHT-996-EK-MUESP996-120-EK-MUESPHT-996-EK-MUESP996-120,458100
guy-hoquet-immo-facile-4741607,125600
ag681391-350172256,137800
laforet-immo-facile-21268613,144450
ag681237-330475236,269000
immo-facile-35639927,199900
hektor-3ROIIMMOBILIERE-963,82500
immo-facile-45446693,223000
entities-1044601-2802091,792000
mgc-325693932-AP-BRUEBACH-2021712,546500
apimo-4338372,202000
ag680575-176911489,410000
entities-1043690-3639160,321630
ag671791-294238514,55000
rodacom-4323806,77000
ag681237-379328560,191700
iad-france-1080481,260000
entities-1043690-3612816,369865
hektor-MAYAIMMO2020-2156,273000
hektor-girardi-pfastatt-2989,298000
immo-facile-33656316,76900
151357071,259000
guy-hoquet-immo-facile-2163428,122000
entities-1044602-2779487,730500
apimo-8158392,97000
ag670426-343593771,188500
rodacom-5020029,228623
hektor-girardi-pfastatt-2683,129000
immo-facile-52476682,212000
ag670426-333334896,188500
laforet-immo-facile-17950417,171200
iad-france-879746,145000
hektor-generalimmo-3424,182000
hektor-alaingimmo-321,95000
rodacom-4472790,159400
guy-hoquet-immo-facile-5987167,380000
hektor-1_lerosenberg-1844,279000
hektor-generalimmo-2938,315000
ag681158-312957240,645000
ag671474-323365872,349000
immo-facile-35610293,280000
ag671791-297131850,78400
hektor-MAYAIMMO2020-1629,467000
hektor-neoconceptimmo-4863,290000
hektor-robischung-2710,525000
ag671791-348669624,295000
161344803,449290
iad-france-849792,149000
ag750949-300561966,145000
apimo-55633,65000
ag671791-295577291,447000
ag671474-272463596,264660
hektor-MAYAIMMO2020-806,68000
apimo-7102912,233000
ag681106-381292504,459000
immo-facile-45185388,239200
orpi-1-054036E2ECTF,184200
ag681103-334880387,149800
ag340369-379274629,130000
laforet-immo-facile-21080414,329000
ag681120-362891842,205725
immo-facile-52175130,110000
iad-france-1244994,220000
ag671474-315679143,320000
hektor-LECEDREIMMO-35,179900
safti-1-501188,99900
ag681104-274454315,147500
apimo-7429590,335000
apimo-4935166,698250
orpi-1-054043E1D00D,99500
ag681088-374328298,89000
160967227,372800
hektor-CGAIMMOBILIER-764,180200
mgc-334059164-C-ISS-553-C-AG,385000
hektor-girardi-pfastatt-2645,168000
ag681391-373028815,350000
immo-facile-49681661,630000
immo-facile-49252172,127000
immo-facile-50474245,96000
entities-1043690-3836329,300000
mgc-360605083-2RUMERSHEIMLEHAUT94LP2P130,386000
hektor-MAYAIMMO2020-2390,550000
entities-1043690-3679052,278675
ag670547-279850079,120000
ag681156-373921291,398000
ag681158-375213904,221000
rodacom-4475503,105840
ag681106-351947119,249000
hektor-CGAIMMOBILIER-1463,559000
159131715,423900
immo-facile-46691580,235000
ag671791-306304122,695000
hektor-girardi-pfastatt-3121,196000
citya-immobilier-1273-TAPP451076A,187000
ag680297-342191439,263500
ag670426-334999716,319000
orpi-1-054932E230B5,369000
guy-hoquet-immo-facile-2732402,140000
ag681119-327131395,235000
orpi-1-054041E2480Y,69000
mgc-380228727-C-OBE-450-85-AG1,296000
mgc-382059066-C-ENS-322-84-AG2,273600
orpi-1-054038E2DIP1,389000
immo-facile-47818586,332000
hektor-sweethomeconseil-1202,136000
hektor-expertiseimmo-1548,112000
ag333464-292859939,178020
immo-facile-51909116,349000
ag681110-360491878,405600
ag681103-351782610,179000
ag680633-235909462,319000
ag671791-318817500,106900
ag680632-277986830,55000
immo-facile-52478165,212000
hektor-immo-wittenheim-3245,245000
orpi-1-054037E29PKY,339794
ag671791-281161415,185000
mgc-242113278-pp-200305-101820,199689
laforet-immo-facile-21341730,450000
ag680010-278688854,241500
ag681109-375011566,191000
mgc-381394424-CWE-230406-154651,258750
guy-hoquet-immo-facile-5548370,80000
rodacom-5226857,299500
iad-france-1291565,125000
hektor-MAYAIMMO2020-2542,99000
ag750949-319666674,106500
adapt-immo-75008124889,700000
ag681404-347313072,239650
guy-hoquet-immo-facile-6002334,46000
immo-facile-47509008,209600
ag370631-376333453,161700
ag681425-330520818,318000
ag680010-278715554,173250
ag671791-336338538,250000
guy-hoquet-immo-facile-4182041,240000
ag671791-299806425,200000
immo-facile-52117802,280000
guy-hoquet-immo-facile-2776115,180000
ag681145-372122908,399000
ag681158-322844523,333000
hektor-girardi-pfastatt-2861,289000
mgc-340058895-MANSPACH550VV2P,290000
ag681158-296383620,72000
immo-facile-48167596,246100
rodacom-4475070,270000
orpi-1-054933E2HZLP,1104000
mgc-362203699-2HOUSSEN743JCTP165,697000
ag681542-379641729,104900
ag671633-315178743,130000
immo-facile-51660707,239200
ag681104-365693506,230000
ag671913-380687251,198000
ag671474-364591351,64800
hektor-cdrieux-521,72000
orpi-1-054048E1PSAP,376000
immo-facile-37610867,350000
orpi-1-054927E1HHYR,457600
hektor-5_lerosenberg-1076,189000
entities-1044599-2798784,423840
orpi-1-054048E299U6,330000
ag681237-293397398,295000
rodacom-4640834,143000
immo-facile-47808840,265200
hektor-1_lerosenberg-1784,549000
mgc-377659500-C-TUR-500-115-AG,446500
ag681145-375973501,395000
iad-france-1204093,305000
gedeon-26431642,406000
gedeon-24147516,285000
apimo-82388354,129000
gedeon-24643525,292350
immo-facile-48058924,239200
orpi-1-054933E20AXS,247000
hektor-girardi-pfastatt-3022,195000
gedeon-23728757,366500
ag681391-356358751,286000
ag681106-371363449,193000
hektor-robischung-2508,325000
immo-facile-44213017,168000
iad-france-1095692,229900
ag681088-328474635,87000
iad-france-993956,127500
ag680010-278688872,82500
safti-1-572451,93000
immo-facile-50596892,354000
ag671633-331252593,157000
immo-facile-42861662,325000
hektor-dagon68390-2369,214000
entities-1044602-2807088,753000
gedeon-23728773,219000
orpi-1-054927E1TJW7,150500
immo-facile-46693676,265000
immo-facile-46237660,340000
hektor-moebel-immo-54,279000
orpi-1-054927E17E7L,108000
immo-facile-2344917,70000
iad-france-1074314,129000
hektor-LECEDREIMMO-182,441000
mgc-361701430-BATTENHEIM690LB2P130,477700
151105447,178500
hektor-sweethomeconseil-1288,329000
157940465,254000
ag680775-382435630,282000
immo-facile-49590662,100000
rodacom-4582841,324348
ag681158-357208144,349000
hektor-agcinqpattes-55,134750
guy-hoquet-immo-facile-4402565,235000
hektor-immolandismunst-1124,172000
guy-hoquet-immo-facile-5992071,115600
guy-hoquet-immo-facile-6038988,99500
safti-1-777450,97000
immo-facile-33996292,119800
entities-1043690-3678295,298195
ag250493-250725637,338000
mgc-325017849-AP-MAGSTATT_LE_BAS-2021111,420600
mgc-357086233-FORTSCHWIHR467LP2P130,425000
gedeon-23682679,240000
hektor-girardi-pfastatt-3376,318000
hektor-girardi-pfastatt-3152,269000
mgc-ancien-L01_0F01_067641,67700
mgc-370662340-RK_MSB_JETT_TM386,273800
iad-france-1263301,165000
ag670547-289075904,240000
hektor-immo-wittenheim-3081,343200
apimo-7219501,55000
immo-facile-47847711,136200
hektor-sweethomeconseil-1134,119900
apimo-2532808,152000
ag680824-242517691,130000
ag753274-364886746,169000
hektor-agence-efco-immo-1501,220000
gedeon-22837744,64800
safti-1-873138,460000
ag681110-343373145,241500
156954025,176000
entities-1043690-3634347,278270
mgc-382190624-MS-230414-102249,352000
immo-facile-adresse-12802863,286200
mgc-382025215-VM-DIDENHEIM-2023134,365000
ag671791-324715926,116000
guy-hoquet-immo-facile-1709004,316000
orpi-1-054927E1T6Y3,160500
iad-france-1279885,259000
adapt-immo-680091304,389000
hektor-MAYAIMMO2020-2358,199000
orpi-1-054037E1PL5L,392271
immo-facile-48189221,145900
ag681120-372348421,149900
hektor-girardi-pfastatt-3151,272000
immo-facile-49171080,894400
156203157,180000
157403315,254200
iad-france-1175302,83000
ag681158-369564016,258000
ag671913-357001777,117900
ag670426-343593852,325000
entities-1044601-2814491,736000
161068485,110000
rodacom-4607652,208000
safti-1-788125,375000
ag751938-303840540,269990
guy-hoquet-immo-facile-5769465,421000
hektor-5_lerosenberg-1722,280000
orpi-1-054039E1M2MZ,359000
apimo-4425558,577000
orpi-1-054928E28XJO,296800
immo-facile-50217350,99000
entities-1044599-2800108,422800
apimo-5729280,299000
hektor-MAYAIMMO2020-2194,649000
guy-hoquet-immo-facile-2716009,140000
immo-facile-48316286,270000
ag680278-241267333,351750
safti-1-660638,230000
safti-1-712090,189000
immo-facile-2461023,143617
laforet-immo-facile-19704459,140000
orpi-1-054038E2FFPR,228000
mgc-318964676-MS-211008-155850,336000
hektor-MAYAIMMO2020-2334,252000
orpi-1-054038E2KJZ4,179900
immo-facile-34208225,270000
orpi-1-054037E0MQP9,172000
ag681391-365796835,210000
laforet-immo-facile-21303972,311000
hektor-robischung-2633,230000
entities-1044599-2651053,287000
ag681158-367686028,292000
hektor-dagon68390-2434,113000
152858151,148698
iad-france-1302461,265000
ag671791-294574574,109000
iad-france-1282087,237500
ag671791-354098107,102600
mgc-363150700-CLM_-_RIBEAUVILLE_-_20221019,447700
mgc-297578937-RK_MSB_GUEWENHEIM_TM1000,393500
safti-1-622267,495000
orpi-1-054043E1GAE0,395000
rodacom-4552227,470250
orpi-1-054037E1ZR3P,233000
ag681332-322465686,399000
guy-hoquet-immo-facile-5564596,136000
orpi-1-054927E1KRO7,254000
immo-facile-adresse-10903121,279000
orpi-1-054928E1UKQK,603200
ag671791-316649424,447000
152834951,149000
mgc-348258385-SJ-220621-190910,418000
hektor-valencay-immo-2572,693000
ag681110-344958951,312000
hektor-MAYAIMMO2020-1861,509600
ag681158-334660494,169000
immo-facile-50677401,234913
ag681106-324490362,48000
130863217,460000
hektor-1_lerosenberg-1381,240000
ag671791-305218998,159750
guy-hoquet-immo-facile-2603464,61000
hektor-robischung-2693,220000
hektor-MAYAIMMO2020-1609,345000
immo-facile-49984149,109000
ag671474-290930708,153000
hektor-MAYAIMMO2020-1808,112000
orpi-1-054036E2CBJ3,167900
ag681158-347534445,367000
apimo-4548640,205000
guy-hoquet-immo-facile-5017406,150000
orpi-1-054932E1WKXU,237000
ag440414-334906362,339000
155970941,161300
159579873,334200
mgc-298750268-SJ-210420-152630,379500
immo-facile-45676913,399000
immo-facile-3412549,575000
148717567,364000
safti-1-880662,184000
immo-facile-2293299,253200
ag681204-363758146,239000
ag681237-343693968,163236
ag333747-354300511,69900
hektor-ifeaimmo-1657,368500
guy-hoquet-immo-facile-2779161,286500
hektor-cpdelta-39,270000
ag681104-347281902,432500
immo-facile-50731518,194400
mgc-363771870-C-RUS-435-B-AG-2,260000
laforet-immo-facile-17722121,171200
ag681088-363623668,153000
ag681109-337429815,228800
century-21-202_3185_971,339000
hektor-PAQUIN2020-28,149900
ag671791-318273840,79800
immo-facile-50103764,338000
hektor-MAYAIMMO2020-1759,199500
immo-facile-52055274,317200
ag681106-321897699,240000
rodacom-4681456,261000
ag671791-282402029,185000
hektor-agcinqpattes-37,249000
guy-hoquet-immo-facile-6280440,240000
hektor-CGAIMMOBILIER-1769,299775
152034283,156000
ag681158-266799902,65000
ag340369-362968384,60000
ag340369-348075531,190500
iad-france-1151503,412000
orpi-1-054932E1VV2O,237000
hektor-3ROIIMMOBILIERE-959,225000
orpi-1-054037E1J4Q8,195000
orpi-1-054927E1PFJQ,134172
ag681055-297613050,96300
immo-facile-47502213,199900
ag681158-359345206,690000
ag681391-323976585,188000
mgc-375979616-SJ-230214-181858,335000
apimo-4210576,135680
ag681404-326621103,249900
ag680010-278688983,99000
entities-1042950-3885249,338000
immo-facile-49835851,495000
guy-hoquet-immo-facile-6216686,105000
ag681237-372141646,299620
mgc-346943331-2CARSPACH450LP4P120,355750
ag680575-262230982,199500
safti-1-796878,162000
ag681332-364361377,349000
immo-facile-46134166,192000
nexity-GB00131539,135000
ag671474-373434742,142500
orpi-1-054036E2AOVF,85350
ag440414-380625145,232100
laforet-immo-facile-18329800,245000
orpi-1-054041E21T8H,169000
iad-france-1195634,127500
pericles-36629963,275000
ag681444-344791122,289000
ag340369-341157660,420000
rodacom-4604170,268500
hektor-girardi-pfastatt-3114,75000
ag681210-336617574,353600
century-21-202_3377_177,336000
immo-facile-adresse-12689624,149990
ag680775-376778620,490000
iad-france-1251497,370000
entities-1044602-2659192,826000
apimo-5925752,689000
ag671791-383297537,99360
ag680775-381102442,213000
158957333,519000
hektor-mhimmobilier-1322,189000
154894271,84000
immo-facile-49784205,450000
ag681141-343916601,410000
guy-hoquet-immo-facile-4245173,161800
hektor-moebel-immo-306,593000
144650015,205400
entities-1043690-3888205,350000
ag681158-379523521,229000
iad-france-1151834,259900
orpi-1-054037E1JHEA,252000
mgc-340059066-BATTENHEIM690VVTP,465000
ag671791-308425260,117000
adapt-immo-680091540,297916
guy-hoquet-immo-facile-3761935,232000
ag671474-282219599,82000
mgc-363764349-C-BAL-500-AG-2,302000
guy-hoquet-immo-facile-5799110,192000
ag671633-318868074,238863
guy-hoquet-immo-facile-5973067,199900
immo-facile-50704111,176800
ag680460-331648691,111000
hektor-MAYAIMMO2020-1551,349500
iad-france-847456,450000
144412327,183570
ag311656-347751753,150000
ag681088-328947894,235000
153331847,204000
hektor-generalimmo-3320,741000
ag681158-361609633,394000
hektor-girardi-pfastatt-2692,222000
158802361,370000
ag671791-312177474,105000
immo-facile-30598041,486400
160182115,385500
orpi-1-054037E1KDP7,225000
hektor-moebel-immo-182,440000
immo-facile-51269876,335000
rodacom-4568043,325000
entities-1044598-2713080,405600
rodacom-5151757,252500
ag680297-332334429,229000
ag681154-325702263,247900
hektor-cdrieux-675,425000
guy-hoquet-immo-facile-5529277,296500
guy-hoquet-immo-facile-5989431,130600
ag671791-302544399,230000
hektor-lifeimmo-1956,108000
entities-1044599-2800101,354750
ag680010-307285836,370000
gedeon-24148763,395000
hektor-MAYAIMMO2020-1860,85000
ag681122-330254226,294000
mgc-360312269-SJ-220928-153955,346000
ag671791-308292732,171000
immo-facile-32542625,109800
hektor-MAYAIMMO2020-2270,225000
gedeon-24394092,274900
guy-hoquet-immo-facile-76624,128400
ag671913-367020589,140000
mgc-367975738-CLM-fortschwihr-20221125,315740
hektor-PAQUIN2020-94,273000
nexity-GB00068334,99500
safti-1-531357,169000
ag060811-371712862,139750
hektor-generalimmo-3401,817000
ag680297-233876161,755000
ag680010-335951337,183750
adapt-immo-680091347,142000
ag671474-312321879,389000
entities-1042950-3869680,366038
ag750949-307973946,312000
ag680967-249214813,78750
hektor-1_lerosenberg-656,349000
immo-facile-42267496,110000
hektor-amsignatureimmo-53,540800
ag680010-205568469,199000
hektor-MAYAIMMO2020-1964,590000
ag681120-342526389,310000
hektor-MAYAIMMO2020-2333,364000
apimo-4211803,175000
ag671913-375748375,499000
safti-1-583785,190000
rodacom-4722187,233000
ag681158-368235487,347000
ag671791-321450051,227900
ag681158-299691438,118000
citya-immobilier-1273-TMAI130871A,395000
ag681113-242905471,135000
ag681212-322163355,350000
iad-france-1116778,210000
ag681158-307711413,205000
entities-1044601-2814157,687000
guy-hoquet-immo-facile-2597167,421000
ag681156-297795417,795000
immo-facile-51199609,329000
mgc-169948102,327000
entities-1044601-2656571,786900
ag671913-327825945,236559
hektor-ELSASS2020-883,294000
ag681158-314329293,884000
rodacom-3699878,191000
immo-facile-37654474,96800
ag681158-329696043,237000
apimo-7294642,540000
ag681140-328182435,750000
hektor-ifeaimmo-828,128000
ag681120-321481995,735000
159174247,100000
ag680286-318867975,380000
ag671474-366400036,219000
immo-facile-49309511,295000
161402833,201670
ag680632-251888038,68000
ag681158-364354480,222000
laforet-immo-facile-16566499,171200
hektor-immo-wittenheim-3145,147000
hektor-MAYAIMMO2020-2516,287000
orpi-1-054041E1GF1Z,181900
ag681101-315299262,192000
immo-facile-36470004,148000
145751285,274000
ag680010-348122055,241500
hektor-CGAIMMOBILIER-726,325500
mgc-383183851-pp-230424-091152,293080
hektor-immolandismunst-1114,437000
rodacom-3951375,181000
guy-hoquet-immo-facile-5819750,390000
hektor-ELSASS2020-2269,324900
ag681158-373695424,173000
mgc-279430335-MS-201203-155604,329500
hektor-PAQUIN2020-78,174900
mgc-340656194-C-BRU-470-B-OS,349600
ag681332-346670523,495000
hektor-alaingimmo-329,122000
ag681156-269150210,649000
hektor-girardi-blotzheim-2755,168000
ag671474-377559652,85000
hektor-generalimmo-3432,294000
iad-france-798077,107000
immo-facile-40492780,239200
iad-france-992733,245000
hektor-girardi-pfastatt-2718,199000
entities-1044598-2771715,329900
safti-1-431758,340000
hektor-isabelle-immo-179,195000
snpi-5312633,344900
safti-1-876732,250000
ag680632-250445179,115500
orpi-1-054037E1TZ0D,241322
ag681391-343130310,305000
entities-1044599-2752474,392300
safti-1-622734,389000
rodacom-3228280,219000
orpi-1-054927E20YLV,420000
hektor-PAQUIN2020-111,649900
immo-facile-46464238,265000
hektor-cpdelta-97,354418
ag340378-260234884,193417
149319109,75200
ag671913-347752086,317600
gedeon-24739104,285000
mgc-233915208-pp-200114-163723,207780
hektor-immo-wittenheim-3232,384800
hektor-lifeimmo-1971,265000
iad-france-1088191,375000
ag681106-334632651,740000
ag681158-288670463,364000
mgc-233709939-pp-200113-111617,207354
ag680632-265711427,219800
immo-facile-3636688,399000
guy-hoquet-immo-facile-6099105,255000
ag681542-378876582,445000
immo-facile-32380138,125000
ag681444-350268331,157000
hektor-premium-prestige-11216,392000
iad-france-874634,251000
guy-hoquet-immo-facile-2691025,161500
hektor-dagon68390-2413,325500
ag210591-329476329,314250
apimo-7612041,556600
adapt-immo-680091602,142485
orpi-1-054043E1J4J4,200000
guy-hoquet-immo-facile-5778540,207300
132004601,120445
gedeon-25511656,243000
hektor-girardi-blotzheim-2555,207000
ag681391-336608502,359000
apimo-5697472,172000
ag743447-347627073,546000
ag440414-320682663,74990
guy-hoquet-immo-facile-5574364,156300
apimo-82230516,280000
hektor-agence-efco-immo-1480,148400
century-21-202_3185_1368,128700
hektor-immoplusalsace-2206,269900
ag670426-343593708,227900
apimo-7313970,689000
hektor-robischung-2838,252000
ag681119-285575742,100000
apimo-8158269,152205
iad-france-1246492,85000
guy-hoquet-immo-facile-5515504,129900
mgc-342125557-CWE-220503-101456,367000
entities-1043690-3676853,294116
158864261,298650
ag681113-296967393,325000
mgc-305972387-SJ-210616-075626,417000
guy-hoquet-immo-facile-2759984,155000
entities-1044602-2807089,594000
ag681391-352647133,477000
orpi-1-054039E2HG72,250000
ag110472-320516445,174900
ag440414-374085316,304000
immo-facile-51502143,193000
immo-facile-45484990,215000
ag333747-343585926,367080
immo-facile-46522667,414500
orpi-1-054038E21RXD,239000
ag681156-350016268,169600
entities-1044601-2812017,829700
apimo-82321870,315000
guy-hoquet-immo-facile-5652525,415000
ag681108-337168314,168048
ag671474-365181232,122000
orpi-1-054041E1JNN1,118000
ag681088-330588837,195000
immo-facile-50664412,280000
orpi-1-054037E1U9WB,241322
safti-1-649116,109500
152845407,189700
hektor-3ROIIMMOBILIERE-994,200000
entities-1044601-2695410,620250
immo-facile-50605869,500000
guy-hoquet-immo-facile-3701639,125000
mgc-369980574-C-GUE-130-OS-2,428640
hektor-generalimmo-2969,223700
ag670426-333334884,186000
ag680254-241094572,132500
immo-facile-45352468,695000
rodacom-4008993,680000
guy-hoquet-immo-facile-5827179,99000
apimo-6962531,210000
hektor-MAYAIMMO2020-2370,215000
adapt-immo-680081344,85600
mgc-296007081-C-HIR-588-SB,255300
guy-hoquet-immo-facile-5792884,165800
hektor-MAYAIMMO2020-2460,440000
hektor-immo-wittenheim-2992,296400
hektor-moebel-immo-55,649000
immo-facile-52300452,322400
rodacom-5257723,65000
hektor-CGAIMMOBILIER-770,169600
ag681158-348820707,81000
guy-hoquet-immo-facile-5978550,115600
immo-facile-47554527,224500
guy-hoquet-immo-facile-5552621,60000
entities-1043690-3772664,305050
ag681237-321209559,40000
guy-hoquet-immo-facile-6078932,232000
ag340369-328991124,624000
hektor-MAYAIMMO2020-2472,285000
hektor-5_lerosenberg-1954,199500
ag681391-336608508,2500000
hektor-sweethomeconseil-1344,371000
immo-facile-43597061,297000
immo-facile-47599671,150000
guy-hoquet-immo-facile-5744149,243000
rodacom-4325910,543900
ag681404-326620923,272000
entities-1043690-3734028,286970
hektor-ghisimmobilier-1906,98000
ag681404-326621064,499000
ag681158-300081612,149000
hektor-moebel-immo-41,267138
ag681109-375012895,266000
hektor-agence-efco-immo-1528,278250
ag681156-363024643,198000
132004633,201329
hektor-girardi-blotzheim-2763,168000
immo-facile-49515202,227500
hektor-CGAIMMOBILIER-930,126000
ag681210-331393569,198000
orpi-1-054041E25KTC,265000
gedeon-23072589,190000
apimo-7098974,199000
hektor-agence-efco-immo-1462,621000
apimo-7482257,620000
ag670640-241481440,193000
mgc-356361923-CWE-220830-140443,253000
safti-1-617646,47000
orpi-1-054041E1KAMZ,159100
157403541,255130
mgc-361466086-RK_MSB_LEBONHOMME_TM727,234900
mgc-319344857-C-KIN-471-OS,336400
iad-france-840784,95000
rodacom-4694498,148000
orpi-1-054039E1KGV1,365000
orpi-1-054933E2N5N5,315000
guy-hoquet-immo-facile-5590338,202500
hektor-MAYAIMMO2020-1957,289000
immo-facile-50731538,189000
safti-1-598852,248500
rodacom-4819345,202940
ag060811-289539707,340000
hektor-girardi-blotzheim-2537,146000
158369917,134000
ag681391-336608682,392200
150550525,489000
iad-france-1275396,95000
immo-facile-3567855,263000
ag681158-304837272,199000
safti-1-749435,149000
hektor-girardi-pfastatt-3298,135000
ag680010-339846336,178500
orpi-1-054039E1SAEN,59000
hektor-MAYAIMMO2020-2047,69000
hektor-sweethomeconseil-1068,165000
citya-immobilier-1273-TAPP487887A,93000
hektor-girardi-pfastatt-2601,450000
hektor-cdrieux-829,225000
rodacom-5115402,265000
ag671791-303231081,80000
ag671791-322695864,263000
ag681358-352409464,315650
orpi-1-054037E231KV,271860
immo-facile-49779571,299250
apimo-4348338,260000
ag671791-281439719,325000
hektor-PAQUIN2020-158,379900
hektor-MAYAIMMO2020-1584,303000
hektor-agcinqpattes-30,370000
immo-facile-49171014,239200
ag671791-293569790,185000
ag671717-371144695,269000
immo-facile-52477324,245000
ag671791-301205052,171000
hektor-alaingimmo-376,142000
ag681113-268154660,55000
ag681156-307682496,281000
safti-1-458914,127000
ag681158-354432532,499000
immo-facile-adresse-12454785,115000
ag671791-301959462,447000
guy-hoquet-immo-facile-2784962,112000
pericles-36043237,299000
ag250493-243127924,85000
ag671791-356358367,102600
ag670547-224130175,179760
immo-facile-36930270,183400
hektor-immolandismunst-1075,165850
hektor-generalimmo-3425,275000
gedeon-26044722,164300
ag921790-350148745,169900
iad-france-1142744,169000
nexity-GB00151865,60000
ag681237-298011135,219000
apimo-82485579,229000
orpi-1-054038E26R5A,139000
ag751938-296239143,298000
ag671474-373163293,315000
hektor-1_lerosenberg-1753,235000
gedeon-23682692,196000
immo-facile-33657567,345800
immo-facile-40327741,330000
hektor-MAYAIMMO2020-2107,238000
ag671791-344433906,225780
hektor-agfreyimmo-798,97000
gedeon-26360905,78000
apimo-6889919,182000
orpi-1-054927E1PFD6,185676
immo-facile-50141589,424900
mgc-238452528-SJ-200211-092023,228900
mgc-378531779-CWE-230310-135112,288500
ag671791-282401756,104000
orpi-1-054039E1HF1A,330000
ag670609-328449204,260000
ag681158-364354477,305000
mgc-118756865_HMBLOD001-HMSMART1-2-HMBLOD001-HMSMART1-2,303118
safti-1-639372,180000
hektor-cdrieux-789,69000
safti-1-760814,99900
hektor-sweethomeconseil-1087,219000
ag681404-350772754,86400
ag681106-332600484,179000
guy-hoquet-immo-facile-6232802,222600
mgc-348379191-VM-HIRTZFELDEN-2022226,410946
mgc-118756865_RFSAUS424-RF94TPGA-RFSAUS424-RF94TPGA,365000
immo-facile-22602735,134700
ag681237-276785963,223650
ag681404-350720377,400900
154289907,349000
iad-france-1293033,311000
entities-1044601-2785365,685000
mgc-383564526-MS_rantzwiller_27_04_23,430000
entities-1044599-2758129,429300
mgc-349900564-LM-MUESPACHLEHAUTKEOG-20220704,406134
apimo-82484948,159900
mgc-357977845-RK_MSB_MANSPACH_TM860id15,449000
ag671791-305065035,122000
ag671791-327916239,169000
iad-france-1293308,834000
rodacom-5029673,137000
immo-facile-49119480,339000
mgc-147783265,246250
ag681332-316356432,314000
guy-hoquet-immo-facile-4847971,189500
ag440414-377531320,430000
155410055,283500
iad-france-1080186,120000
iad-france-1249291,122000
ag681237-338183346,122000
hektor-mhimmobilier-1276,239200
ag681391-356086219,450000
apimo-7304070,125000
adapt-immo-680091459,246000
orpi-1-054933E23K3V,299000
immo-facile-39277581,450000
ag681088-336151734,179000
immo-facile-adresse-11036020,168000
ag671791-294404984,159000
citya-immobilier-1273-TAPP420519,77000
ag671791-331780632,260000
ag681120-343921710,170000
hektor-MAYAIMMO2020-2108,304000
guy-hoquet-immo-facile-5676071,495000
immo-facile-45318107,114800
ag681237-365435899,197000
hektor-girardi-pfastatt-2841,450000
ag681158-358321720,149000
ag681120-366105382,465000
nexity-GB00165448,76700
156134507,167000
orpi-1-054928E21669,253500
149391403,100000
145263189,315000
iad-france-1302961,284000
ag681404-332799276,107500
ag681158-356197051,330000
guy-hoquet-immo-facile-5533301,402000
immo-facile-44803712,228000
ag681237-277454558,369000
orpi-1-054932E1HJQN,350000
immo-facile-adresse-11075591,224700
ag671913-374114602,275000
ag671474-346854990,299000
immo-facile-52168211,280000
ag681158-364106566,215000
ag681156-383222594,122500
century-21-202_3377_1204,336000
immo-facile-3367383,95800
safti-1-538203,130000
ag681106-328559481,285000
apimo-3999296,215000
nexity-GB00135665,100000
ag340369-314127528,510328
ag670426-333334968,228600
mgc-378271190-SJ-230308-103631,322800
hektor-LECEDREIMMO-173,413000
immo-facile-adresse-13107785,278000
147434377,371500
immo-facile-49523703,129000
ag680824-376279846,180000
immo-facile-35600561,210000
ag671791-321913818,263000
ag681158-380487982,217000
immo-facile-49189665,495000
ag681423-363782110,252000
ag681404-352398880,495850
ag681237-371750284,207600
147434557,226300
hektor-LECEDREIMMO-192,900000
ag681423-350012263,315000
safti-1-476953,83000
ag681104-338803071,185000
ag681237-296278557,141750
mgc-177145328,344500
snpi-5213754,249000
immo-facile-48227450,155000
entities-1043690-3645065,407325
orpi-1-054041E1V8EZ,250000
apimo-4971541,200000
hektor-franckberna20-30,259700
iad-france-1155284,224000
mgc-258233674-VM-SPECHBACH_LE_BAS-202056,229800
ag681158-290160194,320000
hektor-mhimmobilier-1065,117700
guy-hoquet-immo-facile-6205948,107800
immo-facile-47780671,500160
ag681237-381770962,527000
safti-1-774053,325000
rodacom-3730068,286000
ag671791-281161610,498000
ag680633-282067775,89000
safti-1-684587,145000
apimo-4616513,595000
adapt-immo-680081327,85600
guy-hoquet-immo-facile-5033091,289000
ag681156-378311077,260000
hektor-expertiseimmo-1733,130000
immo-facile-45664196,218400
ag681158-319766208,229000
ag060811-362291062,255000
nexity-GB00146382,120000
150550515,341000
hektor-generalimmo-3103,188000
immo-facile-adresse-12847816,150000
safti-1-629766,73000
hektor-agence-efco-immo-1544,354000
hektor-3ROIIMMOBILIERE-1000,77000
156366987,240000
153048879,157500
immo-facile-44510496,169000
ag681088-379906408,136000
immo-facile-47773842,187000
138812477,241000
ag671791-312653301,159750
hektor-CGAIMMOBILIER-1652,156880
safti-1-784465,360000
orpi-1-054036E29XZ3,416200
orpi-1-054927E1KP2I,355000
entities-1043690-3634305,377408
immo-facile-45490353,138000
laforet-immo-facile-21483643,428000
guy-hoquet-immo-facile-5022851,180000
apimo-8226387,125000
demathieu-bard-immobilier-1578477366555,252500
ag671913-315896544,429000
immo-facile-33582817,234500
hektor-LECEDREIMMO-114,187000
entities-1043690-3634379,304145
ag670547-234094504,179760
immo-facile-45965532,199900
hektor-cdrieux-832,340000
mgc-377013167-pp-230224-104439,313120
ag671791-319513302,93950
entities-1043690-3634372,271556
mgc-381129909-C-RUE-1742-110-OS,404775
hektor-MAYAIMMO2020-1852,420000
hektor-sweethomeconseil-1205,388500
guy-hoquet-immo-facile-5603221,188000
ag671791-306453870,171000
hektor-1_lerosenberg-1834,884000
iad-france-1258919,97000
160173271,270000
safti-1-700447,135000
mgc-382325668-RK_SCHWOBEN-TM534,314800
guy-hoquet-immo-facile-5562014,232600
immo-facile-37984224,203300
iad-france-1251219,249500
mgc-381237029-CWE-230405-111551,296000
gedeon-23804200,161000
iad-france-1195765,285000
immo-facile-3533204,349000
135755803,495500
immo-facile-adresse-12256659,449350
immo-facile-51416346,84800
orpi-1-054934E2H7KX,69900
orpi-1-054039E2B313,118000
hektor-cdrieux-777,286200
mgc-308742714,204500
mgc-366337120-CLM-NIEDERHERGHEIM-20221115,277550
immo-facile-43086328,132900
hektor-robischung-2770,355000
ag671913-376656934,235000
orpi-1-054038E2FWQX,449000
immo-facile-44681518,145600
entities-1044599-2687951,369900
hektor-MAYAIMMO2020-1753,250000
159794617,187385
ag680286-296778120,339000
entities-1043690-3577377,265051
immo-facile-46281156,699000
ag671791-281283719,146500
mgc-285377235-SJ-210119-083448,358000
ag681360-350864077,246750
150796607,276000
hektor-ghisimmobilier-1820,176000
mgc-359293457-pp-220921-095426,430580
immo-facile-50653085,429000
immo-facile-1080170,157000
ag681156-268922642,435750
apimo-8158401,538000
hektor-franckberna20-9,99500
immo-facile-40800641,283500
immo-facile-49075171,338000
hektor-cpdelta-149,222000
hektor-girardi-pfastatt-2877,345000
immo-facile-49014737,213417
mgc-268065474-SJ-200917-095324,434000
ag681391-347997711,447200
mgc-197456540-SJ-190509-095417,323600
immo-facile-26350506,421000
mgc-288074520-C-PFA-545-AG,320000
hektor-robischung-2859,160000
mgc-349414525-SJ-220630-095639,357000
guy-hoquet-immo-facile-6044807,374000
entities-1042950-3895955,376825
iad-france-849190,298000
apimo-6170416,370000
orpi-1-054037E21UMO,183246
immo-facile-45338502,75000
entities-1044598-2652763,266500
ag680633-220909076,162000
hektor-sweethomeconseil-1262,152000
hektor-MAYAIMMO2020-2145,365000
hektor-agcinqpattes-51,350000
immo-facile-49476820,187200
safti-1-887067,197600
ag681110-268972052,743000
immo-facile-46083855,50800
entities-1044601-2746358,860000
ag681088-363623692,293000
ag671791-312177567,174000
immo-facile-50412711,380000
155302903,233100
ag671791-283067249,100000
hektor-girardi-pfastatt-3046,227000
hektor-robischung-2143,282000
144650019,146810
rodacom-4472930,229400
gedeon-25511655,225000
hektor-5_lerosenberg-1500,189000
safti-1-664714,259000
hektor-immoplusalsace-2163,162500
immo-facile-48773008,429946
ag681404-326620848,129600
immo-facile-30966859,60800
immo-facile-33582057,353600
guy-hoquet-immo-facile-5696137,238000
mgc-277764606-CWE-201123-161148,615000
145263001,219000
hektor-LECEDREIMMO-184,384800
159292973,60000
ag681237-365037157,349900
hektor-MAYAIMMO2020-2098,197000
orpi-1-054038E1Y1IO,297000
ag681156-318171000,164000
immo-facile-47815690,195000
ag681140-382844846,420000
ag680010-205568418,265000
hektor-generalimmo-3058,232000
hektor-homeettoits-131,274900
pericles-36629976,349900
immo-facile-52477252,172800
orpi-1-054039E1JMGA,181000
immo-facile-3489657,320250
guy-hoquet-immo-facile-6035612,195000
ag681423-345731235,399000
immo-facile-49701120,440000
ag671989-349619613,338000
entities-1043690-3634294,338366
147811593,146810
hektor-MAYAIMMO2020-2181,269000
ag681104-367288102,190000
guy-hoquet-immo-facile-2819743,88500
iad-france-762077,78000
immo-facile-52048133,345800
gedeon-23682694,292600
hektor-generalimmo-3130,167000
hektor-5_lerosenberg-1752,250000
ag681110-347495505,241500
hektor-robischung-2536,262000
rodacom-4963587,211000
mgc-381124877-SJ-230404-145805,357500
ag671474-358034899,297000
immo-facile-50389360,318000
ag671791-281589551,230000
ag671474-374983552,125000
ag340369-381792844,425000
hektor-robischung-2191,490000
hektor-1_lerosenberg-2060,243000
ag681108-287165273,103000
hektor-immolandismunst-1163,160500
citya-immobilier-36-TAPP424822,66600
immo-facile-51277971,199500
immo-facile-adresse-12526073,117700
hektor-amsignatureimmo-88,112350
guy-hoquet-immo-facile-4822859,415000
immo-facile-3623551,489000
immo-facile-51655657,210000
immo-facile-44362500,84700
hektor-5_lerosenberg-1741,240000
hektor-1_lerosenberg-1404,280000
ag681108-282181880,235000
ag681494-377404897,249000
ag681391-368950213,630000
immo-facile-49207526,274000
safti-1-763916,499200
gedeon-24045452,158000
ag681158-346689018,170000
guy-hoquet-immo-facile-4741706,95000
ag681360-321062532,210400
ag681542-378877137,73000
orpi-1-054036E2C524,205900
ag680632-258897457,89500
gedeon-25096568,235000
hektor-EXCELIMO-1026,190000
mgc-283756146-pp-210107-095356,257986
hektor-3ROIIMMOBILIERE-1003,180000
guy-hoquet-immo-facile-5687122,321000
151847193,234900
ag681088-373687924,148000
nexity-GB00147650,71300
safti-1-660689,180000
hektor-MAYAIMMO2020-2198,520000
ag681158-297001251,299000
hektor-robischung-2771,108000
135755831,156600
ag680010-328841688,399000
154636731,175000
ag681391-325564044,220500
iad-france-1039592,209000
iad-france-1304869,254000
guy-hoquet-immo-facile-4037345,234000
immo-facile-27982714,218400
immo-facile-49885295,66000
ag681332-344220183,191700
hektor-agence-efco-immo-1878,299000
ag671791-299328204,447000
safti-1-853748,271000
151071607,105000
ag340369-297632667,191860
hektor-lifeimmo-1930,121000
safti-1-644976,445000
immo-facile-51415400,239200
guy-hoquet-immo-facile-4998565,104000
rodacom-5214614,129000
citya-immobilier-1273-TAPP467326,79000
immo-facile-52126990,120400
iad-france-953974,299000
nexity-GB00158653,115900
ag681075-338352903,125000
ag670426-335000289,478800
ag681104-345416928,252500
hektor-mhimmobilier-1439,315000
hektor-1_immoteam-3430,390000
mgc-340059276-Zaessingue512VVPP,320000
hektor-cpdelta-178,363000
iad-france-774441,250000
safti-1-782896,143000
ag670426-333335073,140000
apimo-7892705,349000
orpi-1-054927E1QHOE,226800
hektor-generalimmo-3274,810000
ag681158-323752890,299500
ag681158-298624584,350000
ag671474-362524363,250000
ag671791-317592822,95000
immo-facile-50577764,209600
ag681156-354343834,295000
immo-facile-46085795,208000
rodacom-4456143,238795
ag680974-287110919,81000
ag681088-379285879,305000
laforet-immo-facile-20805911,365000
ag681120-343374984,467000
ag681104-320888883,239000
hektor-MAYAIMMO2020-1939,198000
ag681156-349014828,440000
ag681391-379236745,1325000
orpi-1-054048E2I9LK,355350
ag671791-305092887,55000
immo-facile-48439185,187200
nexity-GB00107837,150000
orpi-1-054038E1I41D,212000
apimo-8158312,452400
hektor-immolandismunst-1050,197950
guy-hoquet-immo-facile-6193400,134800
ag680010-249401614,262500
mgc-332649868-MS-220210-095114,372000
ag681106-370949977,220000
entities-1043690-3698966,302460
hektor-sweethomeconseil-1212,249000
ag681158-297679854,105000
century-21-202_3377_859,174500
immo-facile-40318742,350100
hektor-generalimmo-2772,189700
guy-hoquet-immo-facile-4913456,104000
immo-facile-49694126,177000
guy-hoquet-immo-facile-2718858,257000
century-21-202_3377_383,546000
ag681055-365411638,447200
apimo-6640264,91500
safti-1-543946,149000
ag681237-354132145,160980
iad-france-1095860,118000
adapt-immo-680091620,185000
mgc-255238483-MS-200619-073221,408500
hektor-lifeimmo-1908,275600
ag681158-297324945,292000
ag680254-350318038,144450
entities-1043690-3639153,230340
guy-hoquet-immo-facile-6056965,56000
immo-facile-50631845,111000
ag681332-324998925,133750
mgc-372991223-MS-230118-104321,291632
immo-facile-49002627,129350
hektor-generalimmo-2589,186000
orpi-1-054039E1UWM8,140000
hektor-agence-efco-immo-1596,363500
ag681104-261495828,325000
mgc-369722050-1612GALFINGUE500LBPP,365000
ag681158-382831373,237000
ag681110-306608541,149800
apimo-7284165,451500
immo-facile-47728107,99000
ag440414-327361236,208000
rodacom-4501500,248000
ag680632-228393190,135000
hektor-ag-orim-940,521000
immo-facile-51319094,301600
immo-facile-52194230,146000
apimo-7317024,222600
ag750665-255378516,527900
ag681158-312531669,588000
immo-facile-47623175,149000
immo-facile-46692042,167000
ag680297-353032432,150000
guy-hoquet-immo-facile-5503758,525000
entities-1043690-3678297,315730
158534417,251200
hektor-generalimmo-3074,200200
hektor-alaingimmo-326,167000
ag681158-331572690,489000
ag681210-369923806,398300
ag340369-253176022,239300
guy-hoquet-immo-facile-6015569,138000
ag681156-297295854,149900
visiteonline-p_5323229,369000
hektor-agcinqpattes-63,401000
156497373,171591
apimo-4643751,207500
apimo-3311903,244000
immo-facile-40448634,424999
hektor-generalimmo-3257,246700
safti-1-630571,315000
apimo-7275399,409000
guy-hoquet-immo-facile-5370497,77500
hektor-generalimmo-3205,206000
entities-1043690-3705913,307316
ag671791-300391323,117000
iad-france-791902,195000
apimo-8158413,244000
apimo-7426307,988000
ag681088-321825453,252000
mgc-343919257-CWE-220518-093404,254000
orpi-1-054041E2FLZH,118800
hektor-immolandismunst-1062,135000
guy-hoquet-immo-facile-5519452,77500
157901247,255410
immo-facile-47440262,372750
ag671791-283262786,98000
immo-facile-44797545,94800
ag681088-383601401,317000
157403463,304285
iad-france-1110126,297500
152584441,186200
orpi-1-054934E2K7TB,71500
ag681088-369165439,240000
apimo-4393340,432000
mgc-342983991-LM-ROSENAU-20220510,429500
ag680286-306152979,76000
hektor-sweethomeconseil-1217,214000
hektor-1_lerosenberg-2076,648000
ag671633-335128932,157000
guy-hoquet-immo-facile-4469970,186900
ag680286-319007802,630000
ag681158-311366544,230000
guy-hoquet-immo-facile-2798421,88500
hektor-girardi-pfastatt-2881,565000
laforet-immo-facile-17884756,321000
immo-facile-44367815,282880
hektor-cdrieux-874,540000
iad-france-1294719,319000
ag681158-272011550,66000
161436223,412000
ag680575-284833646,275000
mgc-365272168-RKL_MSB_OBER_TM428,289500
immo-facile-38774128,260000
immo-facile-50575440,249900
citya-immobilier-1273-TAPP485511,141500
ag670426-343593843,197000
snpi-5317552,310000
guy-hoquet-immo-facile-2728868,200000
hektor-alaingimmo-400,195000
hektor-mhimmobilier-1108,218000
safti-1-789299,156000
guy-hoquet-immo-facile-5816457,320000
immo-facile-50602931,319000
guy-hoquet-immo-facile-2690286,66500
safti-1-628317,119000
guy-hoquet-immo-facile-4251574,175000
ag681158-354927514,81000
147923347,175725
orpi-1-054048E1T3OR,139100
ag671633-322165539,285498
immo-facile-50631711,332800
ag671791-283790945,78400
ag681156-268922570,56000
160770043,349500
151923941,66000
hektor-girardi-pfastatt-3050,97000
ag680633-262347550,316000
hektor-alaingimmo-433,116000
hektor-MAYAIMMO2020-1877,367500
ag681237-344661624,247925
ag681237-366532111,617000
safti-1-744957,351900
ag671633-320661462,245261
hektor-girardi-blotzheim-2760,340000
safti-1-757209,590000
immo-facile-46494374,337000
ag681332-358224949,191700
hektor-robischung-2632,475000
orpi-1-054041E233YA,239000
ag681120-352886179,463000
entities-1044598-2788937,327000
149185207,181000
mgc-345426954-SL-WECKOLSHEIM262022531,288600
ag681237-303496470,253200
hektor-dagon68500-2460,77000
gedeon-26619774,319000
immo-facile-31367976,364000
hektor-mhimmobilier-1358,135000
century-21-202_3185_1328,192000
hektor-MAYAIMMO2020-2027,150000
153101937,307000
ag671791-323005755,174000
mgc-182634644,250500
citya-immobilier-36-TAPP463403,110000
ag671791-325515381,95000
guy-hoquet-immo-facile-5810562,389000
mgc-357745718-CWE-220909-155156,229000
immo-facile-52477228,114900
ag671791-282925562,78400
orpi-1-054041E2ET1H,214000
147434511,222500
ag671791-327590421,174000
mgc-380987757-C-SOU-400-112-AG2,394000
ag681110-279895628,128000
ag671913-342353574,287000
hektor-robischung-2426,270000
ag671791-289788503,315000
ag671791-341954370,225780
immo-facile-47740883,231600
ag340378-249593113,353000
iad-france-1148314,167000
apimo-7988614,89100
ag743447-369306307,379500
guy-hoquet-immo-facile-6201632,76000
hektor-agence-efco-immo-1550,299250
rodacom-4401713,255000
hektor-PAQUIN2020-153,310000
157796035,233125
ag340369-308088285,335750
hektor-girardi-pfastatt-2794,585000
ag681106-380011033,519000
apimo-8016030,599000
hektor-MAYAIMMO2020-1855,115580
safti-1-561762,265000
iad-france-962564,209500
ag681106-359046901,419000
orpi-1-054039E1JLEL,75000
rodacom-4325521,169000
mgc-353219630-SJ-220801-180805,381500
entities-1044602-2659295,527800
orpi-1-054933E2N20J,530000
hektor-MAYAIMMO2020-1819,194250
visiteonline-p_5114380,167500
ag681237-369266659,157900
hektor-ifeaimmo-1628,160000
hektor-sweethomeconseil-1293,61000
visiteonline-p_5529745,260000
orpi-1-054041E1UXIN,97000
147158385,230000
hektor-MAYAIMMO2020-2492,315000
ag671913-316300233,215000
rodacom-5116528,149000
ag681158-347311797,253000
orpi-1-054039E1HP48,215053
hektor-generalimmo-3112,620000
ag681404-326620971,749050
orpi-1-054037E23IGJ,214508
hektor-amsignatureimmo-66,112350
ag681158-355955560,165000
orpi-1-054038E1JB9G,119000
ag671791-333830406,116000
guy-hoquet-immo-facile-2533324,339000
guy-hoquet-immo-facile-1717511,332000
century-21-202_3185_1336,235000
iad-france-1186722,59900
iad-france-1256226,489000
hektor-moebel-immo-124,299000
ag681237-277454579,165000
81155777,204000
immo-facile-34118128,89800
mgc-379547429-230320-161805,438000
ag680632-265501058,155000
hektor-ag-orim-1060,357000
hektor-sweethomeconseil-1257,162700
entities-1044602-2779483,602600
orpi-1-054927E2GYKO,50050
immo-facile-48227337,211000
hektor-girardi-pfastatt-3063,126000
ag681158-308937492,223000
rodacom-4758501,279000
mgc-340093292,235000
ag681106-380010952,150000
gedeon-23682677,215000
immo-facile-48271341,265000
safti-1-782206,187000
immo-facile-50681181,30000
hektor-cpdelta-205,211000
snpi-5144552,230000
ag681332-328922448,170000
ag671474-380649130,199000
guy-hoquet-immo-facile-2789469,290000
hektor-girardi-pfastatt-3094,81000
ag681158-360957364,125000
hektor-ag-orim-1050,320000
ag681075-375323734,152250
immo-facile-47716581,485000
mgc-342814183-CWE-220509-114655,342000
rodacom-5167566,460500
ag340369-347593800,155000
guy-hoquet-immo-facile-6110035,629000
adapt-immo-75008113887,90000
ag680010-363181162,128400
ag440414-333973632,315000
safti-1-646209,465000
150615853,374000
hektor-agence-efco-immo-1657,540800
snpi-5286527,475000
mgc-382728874-CWE-230419-170242,414000
guy-hoquet-immo-facile-5497725,259000
145263193,329000
citya-immobilier-1273-TAPP432659,98000
nexity-GB00162584,110000
hektor-robischung-2769,470000
ag671791-304636758,105000
iad-france-869073,370000
hektor-sweethomeconseil-1147,360000
immo-facile-51352660,256000
ag680824-328218066,116000
151009707,365000
hektor-agfreyimmo-821,263000
hektor-CGAIMMOBILIER-1031,142800
rodacom-4637100,246100
hektor-MAYAIMMO2020-2167,260000
guy-hoquet-immo-facile-4690834,578000
155100991,295800
hektor-237_EXPERTIMO22-119833,567000
ag681391-343708284,159000
guy-hoquet-immo-facile-2504149,179000
ag681237-277454570,185500
ag680575-341122695,167000
mgc-372081467-pp-230110-095505,349517
ag680632-220497090,55800
apimo-4732019,155000
ag681110-321286968,395000
hektor-robischung-2346,290000
hektor-46_riif-immo-6102,103000
ag680775-376778614,117700
mgc-374288417-pp-230130-100909,320840
ag680010-242556925,189000
hektor-sweethomeconseil-1302,154000
hektor-CGAIMMOBILIER-1075,304500
ag681237-361285423,242000
ag671791-322303029,174000
apimo-3881280,115000
iad-france-833993,85000
ag681119-355552165,238000
hektor-1_lerosenberg-1588,425000
ag681237-276785864,181050
ag681108-266728157,314000
hektor-lifeimmo-1853,34000
ag681075-347289930,162750
immo-facile-adresse-11973480,238500
rodacom-4943684,254400
entities-1043690-3634352,288285
mgc-359301032-CWE-220921-111200,291300
immo-facile-41049980,291200
hektor-MAYAIMMO2020-1904,121000
157306985,160000
safti-1-711263,144000
immo-facile-34589509,660000
entities-1044599-2798786,348900
immo-facile-51460378,129000
ag681075-348508380,136500
ag681106-371611441,424000
160935631,297500
ag681404-326620932,169600
hektor-MAYAIMMO2020-2437,299000
immo-facile-50979179,220500
rodacom-4760443,347000
150944115,217000
hektor-MAYAIMMO2020-2086,348150
ag680286-363333733,59000
hektor-mhimmobilier-1273,520000
ag681404-355160395,449000
guy-hoquet-immo-facile-2717325,347500
immo-facile-51337374,190000
rodacom-4694579,310150
hektor-cpdelta-126,520000
ag681444-375978010,282900
ag440414-300164028,269000
hektor-sweethomeconseil-1140,424000
ag680632-243926182,74000
safti-1-605854,277000
gedeon-23682680,389000
156467739,665000
entities-1044602-2716741,637600
hektor-CGAIMMOBILIER-802,168000
159876025,299730
ag681104-292817975,187500
immo-facile-44716312,365000
ag133675-283548284,158500
iad-france-1200046,329000
ag681391-350300566,349275
mgc-279208584-SJ-201202-091829,419000
immo-facile-46693346,90000
hektor-robischung-2159,210000
rodacom-4441583,108000
entities-1043690-3639157,348250
guy-hoquet-immo-facile-2718756,76000
laforet-immo-facile-19626675,310300
iad-france-972105,129000
mgc-118756865_EK-HUNDS-1102-EK-HUNDS138--EK-HUNDS-1102-EK-HUNDS138-,491200
immo-facile-48216565,110000
gedeon-25192808,181600
ag681156-316537326,149000
ag751938-290452988,325000
hektor-MAYAIMMO2020-2177,335000
hektor-5_lerosenberg-1517,50000
orpi-1-054039E1JL73,229000
guy-hoquet-immo-facile-57163,370000
guy-hoquet-immo-facile-6221425,245000
guy-hoquet-immo-facile-3557893,100000
orpi-1-054928E1QJE3,441000
apimo-8158171,279000
apimo-82485639,556500
hektor-girardi-pfastatt-2903,675000
mgc-326555292-VM-HIRSINGUE-20211412,364000
135458899,129000
ag681158-265706978,325000
ag671791-305552385,105000
mgc-378171949-CF-PP01-Dann-750,380260
rodacom-4855403,249000
iad-france-1000687,229000
hektor-agence-efco-immo-1919,199000
guy-hoquet-immo-facile-2724771,136000
ag681158-312314577,141000
hektor-girardi-pfastatt-2536,114000
hektor-immolandismunst-1136,87200
hektor-girardi-pfastatt-2942,110000
ag681158-379523416,394000
ag681332-338511075,455000
ag671791-289461737,85000
ag681158-366943504,189000
immo-facile-40343778,195000
immo-facile-46963360,390000
ag671791-383205839,277000
hektor-cdrieux-737,196100
immo-facile-37466234,194480
hektor-robischung-2768,210000
mgc-342132641-C-HEC-660-B-OS,498600
citya-immobilier-1273-TAPP438519,255000
gedeon-25876781,342000
rodacom-4338108,189000
ag681120-375330238,124900
safti-1-689904,445000
hektor-generalimmo-3211,243000
hektor-agence-efco-immo-1403,335000
hektor-MAYAIMMO2020-799,185000
160019077,217465
nexity-GB00124938,167000
ag680824-286372199,179900
ag681156-252595312,294000
orpi-1-054927E21YQC,248000
ag680974-298391724,172567
immo-facile-50677420,1873050
orpi-1-054926E21YIO,139100
ag680010-287032343,183750
ag340369-318428730,629899
ag333464-349196673,719000
hektor-PAQUIN2020-46,169600
iad-france-976860,95000
157972969,124000
hektor-3ROIIMMOBILIERE-993,170000
hektor-generalimmo-3132,219000
hektor-amsignatureimmo-48,468000
ag681204-350411926,104000
ag681154-321934185,210000
ag671791-290855021,315000
guy-hoquet-immo-facile-2461889,139000
ag680254-267062345,145000
ag681332-322913889,190800
rodacom-4212419,137000
safti-1-774461,210000
ag681120-357635770,199900
apimo-6346862,110000
orpi-1-054927E1KBWT,305000
ag680278-224677543,599000
hektor-CGAIMMOBILIER-685,404000
ag681210-328083924,100000
safti-1-608990,169000
hektor-generalimmo-3196,229000
hektor-sweethomeconseil-996,251000
hektor-robischung-2789,420000
guy-hoquet-immo-facile-5792429,129800
orpi-1-054041E1JWA5,296800
immo-facile-37200184,225000
orpi-1-054927E1HVHU,212000
ag680967-266047421,183600
140489399,149000
guy-hoquet-immo-facile-4879873,542500
hektor-agence-efco-immo-1773,312000
safti-1-692280,195000
ag340369-301087068,637674
ag680632-277792253,83700
hektor-moebel-immo-339,580000
ag671791-287402726,117000
160173275,257150
146173099,280000
ag681404-352058443,124956
ag681127-361727395,340000
hektor-generalimmo-2960,182000
ag681108-337168329,432000
hektor-MAYAIMMO2020-1601,260000
mgc-274981364-EK-20200311-UFFH-CARRE4-LUM,449844
156096739,137000
ag681391-334314201,134500
132800635,219000
mgc-328291899-VM-MASEVAUX-202241,355000
160646847,205140
hektor-ELSASS2020-3427,164000
entities-1044598-2654596,343978
orpi-1-054037E1N06U,287852
hektor-robischung-2752,415000
ag681444-344791176,299000
ag680297-334396740,157000
rodacom-5232610,1675000
entities-1043690-3678986,336480
hektor-generalimmo-3403,175000
immo-facile-39231096,360000
ag671791-305218551,106900
entities-1044602-2708219,590800
iad-france-1090965,229000
ag671913-354510061,139900
ag681158-360718003,226000
safti-1-567832,335000
157403577,350500
immo-facile-36933140,220080
nexity-GB00147969,87500
hektor-moebel-immo-320,368400
ag681158-304287492,89000
entities-1044599-2630921,417000
pericles-36799740,192000
mgc-367630837-VM-BITSCH-20221127,429000
hektor-MAYAIMMO2020-2271,175000
orpi-1-054927E1J2ZG,259500
iad-france-1110289,45000
ag681237-357113116,320000
ag671791-295228499,55000
hektor-girardi-pfastatt-3017,252000
guy-hoquet-immo-facile-2557888,192300
apimo-3717262,335000
immo-facile-1875625,229787
immo-facile-46915898,197600
hektor-robischung-2715,108000
guy-hoquet-immo-facile-4667187,374000
immo-facile-41048916,171600
immo-facile-50409947,385000
immo-facile-49772113,218400
immo-facile-48825793,399000
ag680297-245898838,145000
gedeon-24426045,234000
hektor-cpdelta-86,398000
ag680047-279984467,59000
hektor-immo-wittenheim-3264,188240
153025829,232900
iad-france-1090837,207500
ag671791-292177139,162000
orpi-1-054048E1WHXP,339000
hektor-ELSASS2020-4668,200000
hektor-moebel-immo-329,336000
safti-1-616968,265000
mgc-370662337-VM-ROSENAU-20221226,439000
rodacom-4131151,450000
apimo-6771054,160500
136601695,263750
mgc-363890076-C-WUE-155-OS-2,470100
immo-facile-35639803,99900
159581519,228430
ag680297-328200579,160000
hektor-girardi-pfastatt-2779,280000
ag671791-318817755,116000
entities-1044602-2807090,842000
161016525,253800
mgc-335330244-RK_MSB_ROGGENHOUSE_TM620libr,419000
155617055,329000
hektor-agence-efco-immo-1598,229950
safti-1-714081,250000
safti-1-757738,145600
ag680633-253877568,110000
ag681158-359288626,135000
immo-facile-34675693,130000
ag680734-379864668,120278
160182113,371600
hektor-alaingimmo-434,280000
ag751938-379293949,275000
hektor-girardi-pfastatt-2884,116000
ag670426-343593855,287000
citya-immobilier-1273-TAPP463320,99000
ag681237-376322188,102600
entities-1044601-2755587,738150
ag671791-318273876,498000
entities-1043690-3676851,256470
rodacom-4690572,288170
guy-hoquet-immo-facile-2733493,140000
ag671474-372775459,293260
ag681391-359716774,890000
gedeon-24366556,92000
ag671791-286643951,122000
orpi-1-054039E1I3W7,285000
155053051,780000
guy-hoquet-immo-facile-2112956,220000
adapt-immo-680091658,242500
immo-facile-40504813,161200
iad-france-1158222,149800
ag671474-250441042,250000
orpi-1-054041E2AC6M,348150
orpi-1-054039E2ETX8,216000
161417207,167860
iad-france-1001489,65000
rodacom-4644061,465000
ag681494-354991114,96500
157818459,262000
150394587,60000
ag681158-306890388,692000
safti-1-631606,110000
ag681075-352384945,131250
157305065,210000
hektor-CGAIMMOBILIER-1765,198000
immo-facile-47447654,760000
ag680286-375427108,265000
150233155,116000
iad-france-1166552,99000
ag681120-338827260,174900
adapt-immo-680081300,80560
safti-1-788555,120000
hektor-immo-wittenheim-3093,186900
ag681404-326621109,234300
ag750129-368443567,76500
mgc-199132410,267150
ag671791-290483855,75000
hektor-expertiseimmo-1609,315000
immo-facile-51180543,329000
hektor-agence-efco-immo-1779,228000
ag671791-294238202,106900
immo-facile-44304350,180000
mgc-357488368-MKI-ILLFURTHB-20020709,392185
152584443,198400
hektor-MAYAIMMO2020-1982,395625
ag681156-319661007,674900
hektor-MAYAIMMO2020-2565,275000
ag681088-356953246,247000
guy-hoquet-immo-facile-6332821,131100
ag681108-284761130,95000
guy-hoquet-immo-facile-5573822,251400
iad-france-1178247,184000
ag680632-235592164,64000
hektor-cdrieux-732,426000
guy-hoquet-immo-facile-2733695,285000
hektor-MAYAIMMO2020-2071,254000
ag681109-337429719,281000
mgc-360310562-SJ-220928-151435,388000
hektor-5_lerosenberg-2079,290000
mgc-356534310,219000
immo-facile-46917970,84800
entities-1044602-2780485,691600
ag681391-379473139,399500
hektor-MAYAIMMO2020-1867,294000
ag681108-350570488,269000
ag681088-343987860,365000
ag681108-271374200,410000
mgc-334847353-MS-220302-103624,198000
immo-facile-45742719,99000
ag680297-245794108,302000
guy-hoquet-immo-facile-2775293,97500
ag681106-328913838,266000
apimo-6890524,190000
ag671791-292517864,157000
apimo-6501131,213000
safti-1-718660,198000
hektor-CCLAUSSColmar-241,319000
mgc-380717832-C-VOG-805-85-AG1,389900
safti-1-843327,155000
ag671913-382527724,259000
hektor-sweethomeconseil-1214,447000
orpi-1-054933E1WF0B,219000
hektor-1_lerosenberg-1820,262000
gedeon-23682690,261000
hektor-girardi-pfastatt-3311,178000
guy-hoquet-immo-facile-5638047,318000
immo-facile-48010766,469800
ag670426-342304812,146000
entities-1043690-3683494,488695
snpi-5311403,455900
hektor-robischung-2621,436000
ag751938-380728492,160000
hektor-PAQUIN2020-143,520000
apimo-4240631,299000
immo-facile-44620281,219900
citya-immobilier-1273-TAPP490737,99500
hektor-expertiseimmo-2758,288000
ag671913-353131465,215000
rodacom-4425205,320250
guy-hoquet-immo-facile-4960663,145000
151050119,193800
ag671791-285270050,98000
orpi-1-054041E1P48H,212800
151216847,199000
hektor-arateau-31,173000
ag681088-365280496,128000
iad-france-1084876,262000
hektor-robischung-2399,510000
hektor-cpdelta-217,224700
safti-1-724003,190000
ag681158-308452464,799000
orpi-1-054038E20XJV,319000
hektor-ghisimmobilier-1480,125000
147637887,212500
hektor-LECEDREIMMO-223,260000
immo-facile-adresse-13209823,99500
immo-facile-adresse-11254159,90000
guy-hoquet-immo-facile-6045702,105200
ag681423-332706558,350000
ag681108-344790309,420000
hektor-girardi-pfastatt-2848,265000
nexity-GB00122867,212900
ag440414-258627439,222600
pericles-35994306,540000
ag680286-266730455,330000
158644471,199000
ag680297-306732099,315000
entities-1043690-3679285,254310
hektor-CCLAUSSSelestat-440,366340
ag680286-303961233,75000
ag333464-310087041,173200
rodacom-4592932,291000
159724571,140000
hektor-agencedelill-12904,265000
ag681158-254578149,64000
mgc-361581264-C-HIR-105-OS,299700
immo-facile-42461436,420000
mgc-335804047-CWE-220310-154507,299000
guy-hoquet-immo-facile-6035604,195000
immo-facile-48509374,108000
ag681158-287470019,149000
pericles-36630264,260000
immo-facile-45800889,180000
hektor-dagon68390-2442,320000
161016531,326350
hektor-5_lerosenberg-776,450000
mgc-375577172-SJ-230210-151050,388000
pericles-36035079,199600
iad-france-1239014,189000
safti-1-698715,145000
hektor-dagon68390-2340,328000
rodacom-4819256,199000
ag671791-290662028,151000
iad-france-1014624,235000
160782791,266500
ag680967-250915366,315000
ag681122-287402393,299000
hektor-1_lerosenberg-1792,680000
ag681404-350745211,90000
immo-facile-43625624,313400
immo-facile-49588006,129000
immo-facile-42690459,84800
ag681237-365684875,471450
hektor-immo-wittenheim-3211,228800
immo-facile-52457630,345000
immo-facile-38932532,199000
ag681404-326620914,190000
hektor-immo-wittenheim-3149,126000
citya-immobilier-36-TAPP478428,94000
guy-hoquet-immo-facile-5998952,69500
147461153,148000
ag671791-378895972,99360
hektor-immoplusalsace-2200,249900
apimo-8196356,205000
immo-facile-50395872,390000
rodacom-4704671,146000
159933959,50000
hektor-girardi-blotzheim-2547,159000
immo-facile-46186088,549900
immo-facile-47791242,130000
ag681104-347794692,132500
immo-facile-51782356,748800
century-21-202_3377_527,84240
160250095,180000
adapt-immo-680091580,209800
ag440414-262208107,91990
160070265,208500
ag681108-287165267,441000
immo-facile-49950098,110000
hektor-generalimmo-2801,189500
gedeon-24652181,294925
ag681404-372220861,369250
ag681104-356349256,215000
apimo-7439463,225000
hektor-MAYAIMMO2020-2193,279575
hektor-cdrieux-696,254400
ag670001-332815110,256800
guy-hoquet-immo-facile-2626675,249000
ag680297-359213650,189000
ag681237-288641390,140400
hektor-immolandismunst-1135,286200
safti-1-599829,298000
immo-facile-51909153,405000
apimo-8058398,175000
immo-facile-52258654,194000
entities-1043690-3639164,292374
hektor-mhimmobilier-1285,241500
ag681332-364861669,247925
hektor-immo-wittenheim-3227,80000
ag440414-347875347,228000
ag681391-365796637,212000
rodacom-4840295,99000
ag681119-234261093,181000
immo-facile-adresse-13108755,77000
mgc-290897166-CWE-210223-183109,279000
guy-hoquet-immo-facile-5579192,129000
160750957,120000
guy-hoquet-immo-facile-4037011,240000
hektor-generalimmo-3049,336000
immo-facile-adresse-12962246,375000
ag671791-369975661,277000
160190743,280000
mgc-340509447-Balschwiller1034VV2P130,445000
iad-france-931351,159000
immo-facile-49333682,778000
iad-france-1306404,470000
hektor-ag-orim-1117,398000
gedeon-24751814,265095
century-21-202_3185_1456,158000
ag681158-316249086,294000
ag743447-373697029,144500
hektor-robischung-2719,555000
ag440414-323824146,238500
orpi-1-054927E1MAY4,382000
hektor-expertiseimmo-2165,348000
ag671791-353688487,122000
orpi-1-054038E2EZXC,349000
ag752451-375356854,230520
ag681237-290674673,118800
orpi-1-054932E1XYJR,320000
ag680824-248600830,147000
iad-france-1017383,149000
hektor-sweethomeconseil-1357,485000
guy-hoquet-immo-facile-5776692,88500
ag681158-378770596,703500
laforet-immo-facile-20936444,243800
hektor-MAYAIMMO2020-2432,398000
ag671791-327116913,110000
hektor-agfreyimmo-897,71000
ag681404-326621175,334900
hektor-cdrieux-877,205000
ag340369-382350823,218000
immo-facile-49570072,675000
hektor-CGAIMMOBILIER-1038,165000
ag680297-321361026,232000
ag681391-323977080,620000
guy-hoquet-immo-facile-5566994,76500
entities-1044598-2652767,387070
151612687,252500
ag681425-330520785,134500
ag681104-338073933,259900
entities-1044598-2770888,338520
ag681404-348986928,255600
orpi-1-054039E1GULO,105000
century-21-202_3377_613,201400
guy-hoquet-immo-facile-2795082,88500
ag671633-318171969,299000
mgc-357152605-4BURNHAUPTLEHAUT810LBPP100,399599
ag681391-325539258,294800
159975763,254500
immo-facile-43694299,99500
ag670426-335000028,260000
mgc-118756865_RFGUEB430-RF112P2GA-RFGUEB430-RF112P2GA,398000
hektor-mhimmobilier-1323,77800
iad-france-1237136,299000
entities-1044602-2648706,836000
ics-lba_CITYALBA_tra-TAPP85713,172000
mgc-268324961-CT-202009186-COLMAR,413740
guy-hoquet-immo-facile-2713225,215000
iad-france-1213070,396000
ag670426-333335049,280000
ag440414-256082817,139000
mgc-382561442-pp-230418-094158,266504
guy-hoquet-immo-facile-2759653,308000
guy-hoquet-immo-facile-1665870,280000
hektor-MAYAIMMO2020-2159,295000
immo-facile-45816160,249600
rodacom-4746714,282000
ag681391-336608382,134500
ag681122-268263584,210000
ag681158-353179180,50000
148878145,89900
hektor-immolandismunst-1156,367500
ag681158-344649450,199000
ag681119-362990773,148000
immo-facile-50519390,499000
hektor-robischung-2200,230000
immo-facile-50211599,293000
mgc-298750094-SJ-210420-152253,415000
hektor-MAYAIMMO2020-2413,175000
orpi-1-054927E2LG12,66316
entities-1043690-3678245,260110
ag681110-362518069,262500
ag333464-338940489,400000
immo-facile-52185417,125000
hektor-alaingimmo-318,85000
ag680286-338087709,280000
ag671791-282925451,106900
hektor-cpdelta-108,99510
iad-france-1008074,79900
entities-1043690-3671986,360180
ag681237-360716821,129600
ag680575-260228062,189000
immo-facile-adresse-12915476,227000
immo-facile-48227506,259000
laforet-immo-facile-21018460,182000
iad-france-1079671,609900
hektor-immo-wittenheim-3134,152250
citya-immobilier-1273-TAPP428230,189000
hektor-MAYAIMMO2020-2115,572000
ag681332-363760543,369250
nexity-GB00147921,60000
ag681158-375213883,492000
158599097,345000
hektor-MAYAIMMO2020-1837,239625
mgc-378756791-MS-230313-100429,356800
citya-immobilier-1273-TAPP465969,75000
hektor-MAYAIMMO2020-1785,348000
guy-hoquet-immo-facile-5873146,82500
ag671791-304306734,159750
immo-facile-46488501,82000
ag681158-254578179,287500
mgc-197727262,247250
safti-1-733589,255000
hektor-immoplusalsace-2144,149900
mgc-370345753-2212LPDIETWILLER6504P140,601250
mgc-369251997-C-ISS-096-AG,281900
keller-williams-1-34_1_29-110417,60000
immo-facile-42835992,119800
immo-facile-51909067,214000
apimo-8010357,240000
ag681088-321825447,139000
orpi-1-054927E295TN,92000
guy-hoquet-immo-facile-4994016,176000
iad-france-1203594,222500
safti-1-707550,515000
apimo-6552430,95000
hektor-CGAIMMOBILIER-603,355500
immo-facile-34046563,183000
entities-1044599-2744398,319000
guy-hoquet-immo-facile-2811096,212500
ag680824-330369831,173000
hektor-girardi-pfastatt-3161,262000
immo-facile-43836322,234000
ag681127-340268712,231000
orpi-1-054036E1KU2H,274500
ag681391-357762985,235000
ag671791-380374819,99360
ag671474-360677812,249000
guy-hoquet-immo-facile-5836750,104500
hektor-sweethomeconseil-1005,341000
160967865,298500
ag681237-383000024,140000
ag671791-287772467,238000
ag681088-366496387,159000
hektor-5_lerosenberg-1311,210000
153101935,109000
iad-france-1186508,272500
hektor-girardi-pfastatt-3324,400000
ag681110-375576448,179000
entities-1044599-2726813,464000
hektor-LECEDREIMMO-133,410000
visiteonline-p_5054765,155000
ag681158-359345194,159000
ag681423-352512541,210000
mgc-118756865_HMBLO011-HMBARTHLY100M2PVS-HMBLO011-HMBARTHLY100M2PVS,305583
entities-1044601-2638017,590700
immo-facile-51124291,650000
157949857,190000
immo-facile-35996571,303900
orpi-1-054037E0JJ4W,325000
immo-facile-50426032,162000
ag681158-326649171,245000
hektor-girardi-pfastatt-2752,239000
ag680286-324346599,535900
immo-facile-49320085,154990
161377279,302835
safti-1-889056,173000
ag680286-345985326,625000
hektor-generalimmo-3115,184000
ag681210-365060059,172000
hektor-CGAIMMOBILIER-1044,216000
immo-facile-49640451,185000
entities-1043690-3771562,313360
immo-facile-48863406,790000
mgc-326113845-AP-SPECHBACH_LE_HAUT-20211012,350300
entities-1044601-2802089,870180
ag541392-350113078,84000
ag681391-339086976,480000
157403405,306700
immo-facile-47263235,139400
citya-immobilier-36-TAPP487882,105000
iad-france-830060,310000
gedeon-24751926,247000
ag671791-308129589,695000
orpi-1-054933E21WFR,165000
immo-facile-52209606,185000
mgc-348256321-SJ-220621-185709,352000
hektor-CGAIMMOBILIER-1690,294000
hektor-premium-prestige-12136,300000
hektor-immoplusalsace-2125,470000
ag671791-302974515,117000
160770039,481333
ag440414-304643790,139000
mgc-333930611-C-HOU-330-AG,272000
guy-hoquet-immo-facile-5740442,212500
hektor-mhimmobilier-1361,367500
ag340369-316937325,189000
guy-hoquet-immo-facile-5790687,370000
immo-facile-44300746,806000
orpi-1-054039E20XH1,79000
orpi-1-054039E2BDOR,59000
mgc-165885535_HAMOASPACHLEBAS,262000
mgc-118756865_RFOBER558-RF112P2GA-RFOBER558-RF112P2GA,426000
guy-hoquet-immo-facile-3162133,249900
hektor-girardi-pfastatt-3076,230000
152034989,117000
hektor-agence-efco-immo-1862,174900
laforet-immo-facile-21566896,127000
immo-facile-44212291,67000
ag681391-365796979,499000
apimo-4441801,124200
orpi-1-054037E25RT1,632000
immo-facile-51351485,325000
ag370631-372907663,436050
151216853,235000
guy-hoquet-immo-facile-6300608,348000
rodacom-4861269,498000
iad-france-1305474,450000
iad-france-1154829,359000
guy-hoquet-immo-facile-5657670,170000
immo-facile-40090234,116800
ag681122-343824972,795000
immo-facile-50844010,99000
hektor-MAYAIMMO2020-1599,339000
apimo-4885779,191000
entities-1044598-2705191,329800
hektor-mhimmobilier-1386,84800
ag681391-331334361,330000
ag671791-300739521,122000
iad-france-969759,265000
ag680575-294149858,185000
ag681391-332963670,316000
hektor-lifeimmo-1826,230000
ag670426-343593786,319000
ag681109-344775867,210000
guy-hoquet-immo-facile-5667029,395000
immo-facile-46060575,235400
ag681391-365796184,235000
gedeon-26353350,231000
safti-1-811758,312700
orpi-1-054038E2JWPE,215000
immo-facile-35845184,187000
ag671474-372684220,97000
guy-hoquet-immo-facile-2760635,150000
ag681119-314058848,74000
immo-facile-31753011,100760
ag681088-338655561,127600
hektor-5_lerosenberg-1439,280000
156756623,273000
immo-facile-52003657,399000
ag681124-343419726,286000
ag681119-294050526,218000
hektor-girardi-pfastatt-2953,170000
mgc-381243125-CWE-230405-115628,223500
hektor-robischung-2835,202000
hektor-girardi-blotzheim-2743,335000
hektor-expertiseimmo-74,62000
hektor-moebel-immo-62,272000
ag681156-377139487,620000
guy-hoquet-immo-facile-4710686,191100
immo-facile-46103589,283500
mgc-360307381-3SCHLIERBACH626JC2P130,422200
hektor-moebel-immo-340,287000
immo-facile-1902064,300000
apimo-7154791,104000
guy-hoquet-immo-facile-6222090,270000
gedeon-24441734,511800
immo-facile-48819896,190000
124111511,188900
immo-facile-51720023,359000
apimo-8059535,250000
ag681404-357159529,86500
iad-france-828469,365000
immo-facile-35609451,189600
orpi-1-054927E252G9,130000
ag681109-367071160,447000
mgc-187499913,468000
ag671791-288496820,151000
iad-france-1258425,115000
iad-france-1125647,136500
immo-facile-43608459,127700
160667313,219020
hektor-agfreyimmo-854,169000
immo-facile-43420498,253000
mgc-240512844-CWE-200224-112839,325000
ag060811-381507325,145125
hektor-sweethomeconseil-1312,215000
apimo-8158192,354000
immo-facile-47951066,298000
mgc-338092398-RK_MSB_TRAUBACH_TM1241h,414800
guy-hoquet-immo-facile-5362837,275000
ag680632-235017217,70000
entities-1043690-3682712,302630
hektor-MAYAIMMO2020-1847,699500
mgc-284273459-EK-HAGBA-11-LibrD-20211101,519200
immo-facile-48745892,157500
immo-facile-50565872,150000
ag743447-324986988,159000
ag680323-235703287,340000
157050049,220400
orpi-1-054039E28ROI,372000
guy-hoquet-immo-facile-5554826,130000
ag680010-250781386,367500
hektor-PAQUIN2020-19,520000
immo-facile-50592961,362520
ag681104-381823822,170000
immo-facile-47944808,135000
158272471,254000
safti-1-779685,289900
hektor-mhimmobilier-1250,89000
orpi-1-054048E1I8IV,128520
entities-1043690-3712491,317400
immo-facile-50200555,220000
laforet-immo-facile-21585171,424000
hektor-girardi-blotzheim-2628,99000
safti-1-858047,598000
orpi-1-054039E1IGMP,115000
ag671791-281438669,192000
apimo-4409340,283795
ag340369-289942196,196500
orpi-1-054927E1GLVM,257200
ag680331-336072457,315000
ag671791-306303762,159000
apimo-82256906,150000
gedeon-23657407,345000
ag681332-345093411,305000
hektor-robischung-2500,210000
immo-facile-51028606,290000
rodacom-4593715,176000
hektor-alaingimmo-309,245000
ag670609-329450706,169600
ag671791-353688460,80775
rodacom-4426834,499200
hektor-valencay-immo-2593,91800
orpi-1-054039E1IIPI,205000
ag681391-339546942,437000
hektor-robischung-2257,148000
hektor-sweethomeconseil-1273,77000
ag680974-270071468,45000
hektor-MAYAIMMO2020-2052,74000
ag681237-292049636,197000
ag680010-366203152,117700
immo-facile-45930203,238500
ag440414-357918064,227600
iad-france-1001229,285000
157493477,347480
immo-facile-45854134,486500
ag680297-302537304,96000
ag670426-333335097,319900
guy-hoquet-immo-facile-2724186,265000
mgc-365524865-pp-221108-152606,345930
ag681391-359003701,205000
hektor-MAYAIMMO2020-2169,205700
hektor-immo-wittenheim-3325,176000
guy-hoquet-immo-facile-5867203,92000
immo-facile-44612707,475000
entities-1044602-2807092,596000
161417203,264180
ag681237-308180907,443100
hektor-sweethomeconseil-1130,345000
ag060811-313021344,117660
iad-france-1157486,199000
hektor-3ROIIMMOBILIERE-964,100000
apimo-6843666,264000
ag250493-231602152,121750
ag681110-356380261,206700
safti-1-739876,832000
immo-facile-48546534,289000
hektor-girardi-pfastatt-2866,85000
guy-hoquet-immo-facile-2581229,360000
entities-1044601-2747302,804000
150988425,235000
hektor-generalimmo-3053,273500
safti-1-722268,339900
ag681110-229897072,224640
ag681391-343527840,132000
hektor-sweethomeconseil-1102,168000
hektor-agence-efco-immo-1563,525000
iad-france-881677,108000
mgc-362870509-MKI-STEINBRUNNLEBAS-20221017,420135
ag681122-281459987,267500
entities-1044598-2681601,357800
pericles-36363659,240000
orpi-1-054038E1GCTH,555000
ag671791-282665759,85000
hektor-CCLAUSSRIEDISHEIM-445,368000
orpi-1-054036E2EK07,139400
hektor-moebel-immo-61,279000
century-21-202_3377_206,169600
hektor-sweethomeconseil-1313,298000
ag681088-374673673,298000
immo-facile-44425776,157500
ag681444-344791170,219000
citya-immobilier-1273-TAPP475333AA,99500
immo-facile-48978153,383000
hektor-lifeimmo-1790,56000
158977553,259169
ag681106-344382540,239000
gedeon-25511652,179000
hektor-agence-efco-immo-1815,231000
hektor-1_lerosenberg-2086,590000
hektor-ag-orim-1040,190000
ag681332-354344077,145800
orpi-1-054927E1Y0II,425250
mgc-377965702-RK_MSB_NIFFER_TM660m,411800
ag671791-282545885,98000
ag681237-378393277,505000
150241887,399000
hektor-ghimmobilier-24,123500
immo-facile-2235504,196810
hektor-agence-efco-immo-1781,273500
immo-facile-48389854,556400
hektor-mhimmobilier-1150,315000
immo-facile-35643616,172000
ag340369-345197031,139920
ag671791-332676405,169000
ag681154-325702245,322500
apimo-6731399,240000
ag681140-356341330,96000
guy-hoquet-immo-facile-5019852,187200
hektor-girardi-pfastatt-3171,398000
147661857,200000
157949847,170000
immo-facile-2466522,196800
ag671791-375063892,277000
iad-france-1141601,255000
immo-facile-52477310,220000
rodacom-5256451,460500
safti-1-780005,530000
160967753,286620
orpi-1-054048E253WB,349900
161402521,287680
hektor-lifeimmo-1990,140000
hektor-immolandismunst-1145,192600
mgc-118756865_RFWITTEN553-SMART4-1-1-RFWITTEN553-SMART4-1-1,373000
orpi-1-054039E2CPYR,152000
hektor-girardi-pfastatt-3044,249000
laforet-immo-facile-20907116,160500
mgc-381361559-pp-230406-095137,333940
hektor-robischung-2526,439000
mgc-315685488-AP-BRUEBACH-2021109,537000
hektor-dagon68500-2381,388500
hektor-cpdelta-198,282000
160195547,315500
mgc-165885535_HAMOMUNWILLER,254000
ag681158-254578182,499000
rodacom-5231077,139000
apimo-5346784,577000
hektor-robischung-646,70000
mgc-338487934-CWE-220401-111748,280000
immo-facile-50432491,149000
ag671474-370892221,122000
hektor-MAYAIMMO2020-2124,260000
mgc-377763750-C-ESC-611-151-OS,569952
immo-facile-43165223,296400
immo-facile-51709467,130000
ag681156-366210874,367000
gedeon-24848550,149000
iad-france-1205621,640000
entities-1044599-2640648,469000
iad-france-1035683,570000
adapt-immo-68009146,170000
hektor-1_lerosenberg-2006,380000
ag681391-365796058,277500
hektor-mhimmobilier-1229,189000
immo-facile-44887784,446000
ag670426-343593681,415000
pericles-36630261,249900
hektor-cdrieux-823,285000
immo-facile-adresse-12092477,118000
immo-facile-46234622,99800
immo-facile-52271153,441000
iad-france-1278541,295000
ag680254-258291319,160500
hektor-cpdelta-28,215936
ag681423-370315615,126000
ag671791-286101854,109000
mgc-360307309-3COLMAR743JCTP165,698000
ag680632-271041980,115000
mgc-365506333-2JUNGHOLTZ500BK,396000
hektor-girardi-pfastatt-3078,130000
mgc-165885536_ALCOVE,274000
161436211,442680
hektor-moebel-immo-171,299000
ag680010-308639334,120000
158977561,349000
mgc-324125886-AP-SEPPOIS_LE_BAS-20212311,268160
nexity-0089__05760,328000
ag680047-280990709,226000
immo-facile-43946930,315000
hektor-generalimmo-3105,291000
guy-hoquet-immo-facile-2867612,66000
hektor-girardi-pfastatt-3007,272000
hektor-girardi-pfastatt-2928,142000
immo-facile-43839279,169000
hektor-girardi-pfastatt-2734,148000
hektor-alaingimmo-432,60000
orpi-1-054933E24PQV,220500
ag670426-333335019,249000
apimo-82485584,317200
ag670426-333335130,194000
orpi-1-054039E2LBN8,359000
immo-facile-38472334,299000
ag681109-363482029,518000
hektor-girardi-pfastatt-2949,143000
ag681124-331383597,425000
iad-france-958635,215000
iad-france-1252742,125000
ag681425-335392215,75000
orpi-1-054927E256I0,359000
mgc-184077750,253500
guy-hoquet-immo-facile-6009391,110000
ag681156-257212201,451500
safti-1-736384,190000
immo-facile-35992728,281000
citya-immobilier-1273-TMAI119479,297000
apimo-6255085,360000
immo-facile-40272081,140000
guy-hoquet-immo-facile-6005037,400000
orpi-1-054927E2ABZ0,95000
hektor-immo-wittenheim-3259,413400
ag681391-332963634,315000
citya-immobilier-1273-TMAI113172,270000
immo-facile-3783185,338000
ag681154-252828130,246000
ag671851-313361595,233200
immo-facile-50430059,182000
immo-facile-49480899,109800
mgc-371568416-MS-230105-104423,293000
orpi-1-054041E1F53I,80900
mgc-288510696-pp-210208-160917,233084
ag681391-345009597,180200
ag681122-333234747,95000
hektor-robischung-2609,365000
ag680323-235703260,149000
gedeon-23657409,174000
hektor-immolandismunst-1093,367500
immo-facile-35524381,318000
immo-facile-46280329,174000
immo-facile-43179291,238000
iad-france-774614,229500
mgc-296009691-C-BAT-542-B-SB,404740
apimo-4115098,245000
ag680010-205568382,284000
ag340369-370352905,269000
iad-france-1004820,228500
gedeon-22757154,205000
apimo-8158404,249000
ag680575-362163550,104940
immo-facile-48557298,60500
rodacom-5249509,148000
guy-hoquet-immo-facile-4895590,105000
ag672210-383205161,99900
orpi-1-054048E24W5O,235400
century-21-202_3185_1028,198600
ag681391-365892037,286000
gedeon-24225585,239000
apimo-4402423,194000
hektor-immoplusalsace-2202,350000
ag681237-327319878,86400
immo-facile-47554751,120000
ag440414-366037342,190500
145576055,199500
ag340369-304775685,430000
hektor-1_lerosenberg-2058,445000
ag671791-292020827,572000
immo-facile-50675313,199800
ag680297-339281235,520000
immo-facile-adresse-12847853,217300
guy-hoquet-immo-facile-4928731,66000
hektor-homeettoits-136,273000
immo-facile-49653275,90000
151357065,259000
hektor-robischung-2824,450000
immo-facile-48636123,312000
immo-facile-37617134,399500
mgc-382845736-CWE-230420-154248,299000
guy-hoquet-immo-facile-5741707,553000
gedeon-24075242,159000
ag060811-263193452,364000
orpi-1-054927E1QAFH,145800
hektor-girardi-pfastatt-3031,297000
hektor-MAYAIMMO2020-1831,414000
iad-france-1210094,259000
entities-1043690-3705901,414511
apimo-8050282,212000
safti-1-865978,95000
hektor-immo-wittenheim-3161,63000
orpi-1-054927E24FBF,462000
visiteonline-p_5293262,154116
entities-1044601-2755586,801650
hektor-generalimmo-2855,272000
ag681391-332963691,299000
guy-hoquet-immo-facile-6300625,80000
adapt-immo-680091382,173000
adapt-immo-680091565,513000
mgc-ancien-L01_0F01_071020,62200
immo-facile-40709932,179140
guy-hoquet-immo-facile-3342273,88500
ag681237-371750221,207600
safti-1-784322,239000
ag681237-361438993,260925
ag681104-343256838,552500
hektor-robischung-2638,335000
immo-facile-46286493,172900
immo-facile-3252149,250000
immo-facile-52283642,230000
apimo-5803622,1076
safti-1-604830,159000
entities-1043690-3683505,315232
ag681210-378716011,364000
ag680297-362601124,111000
guy-hoquet-immo-facile-4864616,199000
nexity-GB00105573,91000
gedeon-21753931,299000
guy-hoquet-immo-facile-4164904,244900
hektor-cpdelta-197,145000
ag681391-365796142,196000
immo-facile-44020213,135200
ag681237-356525074,99360
ag681425-343041144,418700
hektor-girardi-pfastatt-3294,190000
ag671791-292517684,75000
ag671791-295228301,78400
160627523,392950
ag671791-322429887,95000
hektor-sweethomeconseil-1203,465000
hektor-sweethomeconseil-1222,292000
ag671791-291171923,78400
ag681158-289957508,137900
ag681391-343824345,231000
nexity-GB00147875,108600
mgc-360605095-4MORSCHWILLERJC3472P120,365000
ag671989-356221417,172500
ag681234-317177151,254400
ag681158-296278695,414000
safti-1-736259,570000
hektor-lifeimmo-2031,81000
ag671791-326752839,169000
hektor-3ROIIMMOBILIERE-981,189000
iad-france-1162730,46000
entities-1044598-2788941,393200
orpi-1-054039E1XIWL,137000
ag681154-289268372,399000
ag671791-282401918,110000
161402507,263000
160967635,369760
ag681444-344791011,272000
ag671791-303371604,78400
153418501,287000
nexity-GB00104504,135000
hektor-agence-efco-immo-1654,520000
mgc-338206401-VM-LAUW-2022303,461400
ag681104-319000743,182000
ag671791-322303179,79800
immo-facile-47133540,631500
visiteonline-p_5221363,150198
mgc-378944353-MKI-ILLFURTH-230314,393210
hektor-MAYAIMMO2020-2094,199500
ag680632-260191096,235000
hektor-ag-orim-1078,125000
safti-1-764868,109000
161572087,331340
orpi-1-054037E1MAI0,140000
nexity-GB00166160,343200
guy-hoquet-immo-facile-6222388,156300
ag681210-353483188,364000
ag681237-347735502,466400
ag681156-303846951,110000
ag671474-262231207,249000
hektor-MAYAIMMO2020-1859,111700
ag681156-354218785,328000
iad-france-955435,290000
ag671791-301647324,80000
hektor-lifeimmo-1831,230000
ag681210-366117838,353600
visiteonline-p_5230605,354526
orpi-1-054932E1VGJO,308000
immo-facile-47847850,182000
hektor-mhimmobilier-1299,79800
iad-france-684976,169000
ag681119-283804029,175000
hektor-CGAIMMOBILIER-1760,246044
safti-1-795322,125000
guy-hoquet-immo-facile-2541448,139000
hektor-MAYAIMMO2020-2238,144000
orpi-1-054048E1LJRO,294000
immo-facile-30993706,249600
immo-facile-48163605,199000
iad-france-1051697,302000
hektor-agence-efco-immo-1921,246500
ag681237-347804196,443900
apimo-8126539,199900
ag681158-338718303,540000
mgc-342680160-Soppe-le-Bas758VVPP,375000
rodacom-4778727,395000
immo-facile-43360618,208000
guy-hoquet-immo-facile-4694774,184500
guy-hoquet-immo-facile-5616399,132900
safti-1-769327,125000
immo-facile-35871425,100000
mgc-325516374-AP-WALDIGHOFEN-2021612,455600
hektor-cpdelta-57,332800
hektor-MAYAIMMO2020-2311,315000
hektor-sweethomeconseil-1179,157000
mgc-366515446-MERXHEIM368LBTP105,325000
safti-1-791909,260000
immo-facile-46717262,399500
ag681158-341591646,419000
guy-hoquet-immo-facile-2328708,255000
hektor-sweethomeconseil-1081,130000
hektor-agfreyimmo-933,125000
orpi-1-054048E1LLV3,231000
151236507,352000
ag671474-371609317,485000
mgc-348380230-MS-220622-154240,322000
immo-facile-44239632,104800
immo-facile-49200603,166320
entities-1044599-2637212,331300
hektor-ifeaimmo-624,364000
guy-hoquet-immo-facile-4864563,115000
ag681088-337782351,138000
immo-facile-51991412,127200
immo-facile-43177587,150000
mgc-374557238-pp-230201-104046,296322
ag681204-364164928,410000
ag680254-295424720,70500
orpi-1-054041E29G84,60000
160967761,250100
hektor-alaingimmo-279,145000
hektor-sweethomeconseil-1042,157000
iad-france-926241,80000
iad-france-1324542,371000
hektor-lifeimmo-1791,69000
mgc-371296595-SJ-230103-134550,360000
ag680286-272157050,115000
ag681119-353440990,99000
orpi-1-054927E23SGS,77000
ag681391-365796982,890000
entities-1044601-2812019,735300
immo-facile-adresse-11064839,190000
entities-1044602-2637191,642700
guy-hoquet-immo-facile-5974246,56000
hektor-moebel-immo-140,188552
mgc-330170709-EK-190122-Waldigh-1279m-keog,476490
ag671913-333902157,595000
guy-hoquet-immo-facile-6021928,240000
mgc-307604966-pp-210629-103604,304360
hektor-MAYAIMMO2020-2038,93000
ag681444-344791140,199000
orpi-1-054039E1SEFO,239500
immo-facile-47742952,195000
ag681088-341110626,78000
mgc-233910957,153000
hektor-sweethomeconseil-1216,255000
135458865,181000
150943735,242900
immo-facile-45646516,125700
mgc-382561724-pp-230418-094643,243504
ag681391-332963580,475000
hektor-robischung-2194,290000
ag680297-299703093,133000
ag681120-340853364,183000
ag340369-378754336,315000
ag671791-316356912,159750
ag681088-363623683,335000
ag681360-318533976,241000
hektor-alaingimmo-379,300000
ag970168-280753382,262500
century-21-202_3377_391,500000
apimo-4348297,270000
immo-facile-2369781,356400
orpi-1-054038E2J11F,199000
guy-hoquet-immo-facile-2628317,158000
entities-1044598-2777886,378500
ag681237-317026035,321000
ag681332-344220198,267750
orpi-1-054048E1K51V,183000
mgc-314804702-SJ-210903-110057,277000
ag670547-351733795,169000
mgc-306462752-SJ-210619-183251,358000
rodacom-4552217,131000
safti-1-823789,54800
entities-1044601-2638018,571800
entities-1044602-2722703,679800
mgc-177145309,140500
ag671717-371144782,197000
immo-facile-adresse-10732338,365000
century-21-202_3377_570,71500
ag681237-367294039,244950
mgc-337423261-SJ-220324-161849,278000
immo-facile-42024735,353600
hektor-cpdelta-102,360000
laforet-immo-facile-21180402,325000
ag681109-334971741,451000
orpi-1-054041E2DWNR,192500
mgc-364987448-CWE-221103-104927,292000
mgc-381898253-pp-230412-092627,358150
orpi-1-054927E1I5J6,192600
ag681158-375819703,320000
ag681141-361947313,299000
hektor-dagon68390-2399,108000
ag680278-235337443,169600
guy-hoquet-immo-facile-2655085,165000
ag681391-375433609,462800
hektor-MAYAIMMO2020-2062,520000
iad-france-1091582,141600
160967317,398500
156738191,110000
immo-facile-48770066,197600
immo-facile-40274275,180000
ag681109-348972339,212100
iad-france-748742,139500
guy-hoquet-immo-facile-6235307,430000
ag681404-352084864,260925
hektor-agfreyimmo-884,282000
guy-hoquet-immo-facile-5579439,255000
gedeon-24982383,86000
ag671791-281283371,238000
ag681391-368904940,318000
mgc-196628444,350000
hektor-girardi-pfastatt-3344,316000
mgc-358100269-VM-SOPPE_LE_BAS-2022129,457600
158794979,369000
immo-facile-1720325,228730
ag670426-343593822,280000
immo-facile-47215494,239200
ag681140-327310266,394000
161295591,374900
immo-facile-46494243,510000
ag681106-332600511,370000
ag681088-344390991,61000
hektor-alaingimmo-421,138000
hektor-immolandismunst-1070,275600
161278487,214000
hektor-moebel-immo-197,233408
apimo-4542939,90000
ag671791-306925482,200000
ag681404-375078931,226000
ag680297-334396737,68000
entities-1043690-3734031,263910
bouygues-immobilier-030-268C62,189021
ag671474-354089377,655000
entities-1043690-3626990,585776
immo-facile-48696330,192000
orpi-1-054048E1S5ON,551250
hektor-sweethomeconseil-1073,235000
ag680633-280626992,178990
safti-1-623419,161000
mgc-373785476-CWE-230125-110935,274000
hektor-MAYAIMMO2020-2041,44000
apimo-3463753,177000
iad-france-803516,85000
ag681122-328449210,267500
hektor-5_lerosenberg-1934,189000
hektor-agence-efco-immo-1696,275000
ag671791-281746295,67200
iad-france-1084919,145000
160967893,254500
hektor-robischung-2266,325000
immo-facile-38603594,92500
ag681210-365059957,228800
159724573,60000
ag681158-330845676,113000
ag681106-318055140,545000
rodacom-4490677,265000
laforet-immo-facile-21252593,395000
iad-france-1112675,154000
ag440414-379215742,161800
hektor-girardi-pfastatt-2899,131000
ag671633-300881061,219000
entities-1043690-3705936,277400
pericles-36630268,298000
guy-hoquet-immo-facile-4817549,348000
immo-facile-30436508,197600
laforet-immo-facile-21352842,262500
ag681106-376584745,170000
apimo-6715851,189000
ag681404-326620938,829000
entities-1042950-3896158,487451
immo-facile-30256890,197600
hektor-immo-wittenheim-3032,100700
iad-france-1341921,232000
entities-1044601-2785362,681500
visiteonline-p_5222886,134000
guy-hoquet-immo-facile-2095981,456000
immo-facile-3333162,265957
ag671791-282402437,307000
ag681106-363796567,315000
orpi-1-054927E21I6A,259000
immo-facile-35159908,109000
guy-hoquet-immo-facile-5517514,369000
immo-facile-51439591,168400
guy-hoquet-immo-facile-4694039,161700
hektor-immo-wittenheim-3062,322400
ag681495-354343909,129000
ag671791-320339880,263000
immo-facile-51748623,339200
immo-facile-51013886,114000
ag340369-246790891,423384
hektor-ag-orim-1155,336000
mgc-358495828-4Hesingue888JCPP120,586000
hektor-MAYAIMMO2020-2430,546000
160394981,240000
ag681210-365332237,117000
mgc-339788540-C-HEC-360-B-OS,244000
ag681119-299051894,312000
gedeon-25192804,183600
ag671717-379553899,284000
nexity-GB00137277,95000
immo-facile-52524648,415000
ag541392-329236098,239000
mgc-369722047-1612Habsheim430LP100PP,431000
hektor-PAQUIN2020-38,449000
guy-hoquet-immo-facile-2632620,117000
mgc-374558921-pp-230201-110010,268322
immo-facile-51400346,143000
orpi-1-054927E1PG0X,139987
safti-1-801685,242000
hektor-moebel-immo-73,284000
immo-facile-49679040,174900
ag681104-321915843,86000
ag671791-307876821,130000
157717503,235931
ag680575-141791251,470000
guy-hoquet-immo-facile-2747972,335000
mgc-377788692-C-BUR-1270-88-OS,387800
century-21-202_3377_701,425000
160722071,299500
ag680297-310335681,379000
ag681156-268922666,498000
mgc-331267474-MS-220128-152844,442000
immo-facile-51904311,399000
immo-facile-51989512,336000
guy-hoquet-immo-facile-2758671,159000
ag340369-328639755,231000
orpi-1-054927E1TQ9F,146880
hektor-valencay-immo-2549,148000
gedeon-24751892,219000
orpi-1-054932E1IWHP,119900
ag681110-373671142,91500
hektor-MAYAIMMO2020-1955,173000
apimo-6338965,499000
safti-1-598697,110000
hektor-immo-wittenheim-3236,247520
ag681106-358079098,550000
ag681088-381819115,215000
hektor-ghisimmobilier-685,355000
orpi-1-054933E27H7S,361030
ag681158-378154951,352000
ag681124-338065467,130000
ag681108-369146671,209000
rodacom-4470267,295438
guy-hoquet-immo-facile-5773515,374000
138585521,209000
century-21-202_3185_988,134500
ag681391-348868476,371000
hektor-agence-efco-immo-1511,325000
adapt-immo-75008117233,203700
ag681156-358363705,199000
ag670609-329450604,342800
hektor-mhimmobilier-1196,367500
citya-immobilier-1273-TAPP457846A,85000
hektor-ethiqu-8812,46000
apimo-4066001,315500
hektor-CGAIMMOBILIER-838,205800
hektor-CGAIMMOBILIER-830,265000
ag681075-378188707,164300
ag340369-383553317,966000
iad-france-815162,157000
mgc-316700967-RK_MSB_JETTINGEN_TM966,448500
hektor-immoplusalsace-2191,230000
immo-facile-50257058,149900
safti-1-681321,49900
ag681088-338655576,273000
hektor-girardi-blotzheim-2688,210000
ag671791-365149528,89100
hektor-ag-orim-1054,95000
entities-1042950-3483539,241800
century-21-202_3185_1493,134000
ag681106-364536397,102000
safti-1-736182,149000
ag681158-284008937,254000
hektor-alaingimmo-308,85000
immo-facile-48528338,406000
visiteonline-p_5213511,302450
entities-1043690-3679253,359408
hektor-franckberna20-6,299000
orpi-1-054037E2AOB3,371500
immo-facile-44180096,214000
hektor-robischung-2424,166000
iad-france-752089,105000
immo-facile-51134811,439000
orpi-1-054048E1L8WV,176550
ag743447-324987012,391800
safti-1-578977,369000
hektor-immoplusalsace-2185,374000
iad-france-1264300,85500
iad-france-792619,118000
hektor-ag-orim-1043,345000
hektor-ag-orim-1146,420000
entities-1044598-2727662,323956
immo-facile-28386628,285000
immo-facile-51640413,310000
ag681108-273170702,240000
iad-france-998693,119900
ag681158-321299394,225000
ag681120-371761357,925000
ag743447-356957809,412000
orpi-1-054038E1ZVHM,87000
immo-facile-adresse-11066717,205000
rodacom-3951240,112000
citya-immobilier-36-TAPP461551,126000
iad-france-896110,215000
iad-france-766009,250000
ag681113-332324955,238000
orpi-1-054037E1DKK6,172468
ag671633-324459147,255000
mgc-308742672,228000
safti-1-755947,228800
ag440414-267616307,170000
hektor-sweethomeconseil-1263,328600
hektor-MAYAIMMO2020-1870,93000
immo-facile-48256233,550000
ag681391-336816966,325000
guy-hoquet-immo-facile-761639,129000
ag681121-262591979,147000
mgc-240497226-SJ-200224-090928,215000
132004635,177592
laforet-immo-facile-21418644,156500
immo-facile-51198402,158000
ag680632-262784477,64000
guy-hoquet-immo-facile-2748337,340000
rodacom-4420199,65000
safti-1-670782,150000
hektor-cdrieux-693,525000
safti-1-765281,113900
orpi-1-054039E1K4D4,114000
immo-facile-49332060,404900
immo-facile-50419185,589000
orpi-1-054039E1Z1C7,285200
visiteonline-p_5213934,202070
immo-facile-51909104,319000
151970189,515000
immo-facile-adresse-13088847,355000
ag670547-343527954,355000
immo-facile-51408044,395000
safti-1-799770,220000
gedeon-24848556,236000
laforet-immo-facile-21333807,280000
hektor-robischung-2324,395000
hektor-agence-efco-immo-1954,272500
immo-facile-52598611,65000
entities-1044602-2708217,466600
ag681237-375076471,239625
iad-france-1262708,369000
hektor-mhimmobilier-1448,299250
apimo-82427950,400000
ag681332-331779087,40000
mgc-321284141-MS-211028-095644,236000
immo-facile-43335343,119800
hektor-girardi-pfastatt-2799,415000
ag681119-285238725,140000
immo-facile-33609378,79800
hektor-lifeimmo-1809,118000
hektor-girardi-pfastatt-3085,77000
apimo-7641941,110000
hektor-lifeimmo-1868,85000
nexity-GB00128481,78000
ag680254-229309759,75000
immo-facile-50731563,239000
ag671913-376656478,99000
hektor-mhimmobilier-1316,294000
iad-france-1229800,88000
ag671791-363760768,277000
ag671791-307979829,106900
immo-facile-50820946,175000
ag311656-370191013,118000
rodacom-4951416,342000
immo-facile-48338814,649000
ag681156-289661678,179900
ag671791-366641812,89100
ag681542-382936914,105000
ag671791-284650169,122000
ag681158-254578056,545000
ag680254-369558619,79900
orpi-1-054038E1VHTB,98000
hektor-MAYAIMMO2020-2190,168500
adapt-immo-680091372,282000
entities-1044599-2725470,331000
gedeon-24581622,246000
immo-facile-48651054,320000
ag681158-381405295,97000
immo-facile-adresse-11209364,217000
ag671791-291172523,159750
hektor-CGAIMMOBILIER-1739,378000
guy-hoquet-immo-facile-5663720,212500
ag681106-353313772,310000
immo-facile-44767812,715000
hektor-moebel-immo-116,421000
hektor-mhimmobilier-1402,399000
iad-france-704633,209500
gedeon-25781016,318800
ag681113-233339143,249000
mgc-361576615-ILLZACH550LPPP97,381000
ag681108-288924374,398000
ag670547-289074974,65000
iad-france-902392,68000
safti-1-818061,125000
entities-1044598-2771720,419000
ag681391-383093861,177000
ag670547-223803850,119840
immo-facile-52006607,245000
immo-facile-49658078,273000
guy-hoquet-immo-facile-6081826,264900
158751597,309000
ag671989-356221423,260000
immo-facile-3592137,133000
hektor-sweethomeconseil-1063,298000
visiteonline-p_5170615,206500
immo-facile-45432751,152250
ag060811-253843309,249000
iad-france-1164614,251000
hektor-moebel-immo-15,331600
ag671913-332211117,289000
hektor-1_lerosenberg-1493,287145
immo-facile-43420671,215000
ag681124-323976135,380000
mgc-328641381-EK-060122-Ferrette892-ID416,326290
mgc-115181719-EK-20171807-Spechbach-OP6,235435
149199071,639000
hektor-MAYAIMMO2020-1811,210000
148821519,81000
ag671791-322028010,106900
orpi-1-054048E1IWFS,198220
157493511,373580
ag681104-318850023,92500
guy-hoquet-immo-facile-4309319,109500
immo-facile-38374859,273000
ag681158-371533831,273000
mgc-382556307-C-ESC-535-125-OS4,458853
158437971,376000
hektor-premium-prestige-12135,277000
mgc-379275318-C-NIE-381-137-AG1,364800
ag671791-286102571,185000
ag671913-380606062,281000
safti-1-737481,276925
ag681108-330996705,431000
ag671791-351771001,122000
hektor-immo-wittenheim-3251,151000
ag670426-342304878,229900
entities-1044598-2771721,382900
guy-hoquet-immo-facile-5743211,189500
guy-hoquet-immo-facile-2790005,56000
pericles-36364076,299918
immo-facile-51747776,269000
apimo-82464421,318000
adapt-immo-680081174,350000
rodacom-4616505,294000
ag681088-315856221,649000
mgc-166958658,243400
ag671791-285751142,523000
hektor-agcinqpattes-41,214000
ag670426-343593606,125800
apimo-7665810,208650
hektor-mhimmobilier-1162,189000
ag671474-318348090,215000
ag670547-277839344,169000
iad-france-1154508,129900
ag681237-345979266,99900
iad-france-998742,114900
hektor-1_lerosenberg-1842,228500
hektor-cpdelta-159,550000
bouygues-immobilier-030-268C58,305700
hektor-girardi-pfastatt-3341,193000
guy-hoquet-immo-facile-5505709,140000
safti-1-616009,219000
immo-facile-adresse-12312407,325000
hektor-1318_EXPERTIMO22-118933,99000
ag670426-333335010,209000
immo-facile-52477349,277500
guy-hoquet-immo-facile-2625961,549000
safti-1-722230,95000
apimo-4302407,400000
guy-hoquet-immo-facile-2757009,131000
guy-hoquet-immo-facile-4182950,379000
mgc-110707859,239159
rodacom-4563755,920000
ag680575-371798335,198000
mgc-332555478-EK-090222-Betten-Keog,416093
ag440414-293413286,375000
visiteonline-constructeur-p_5217042-l_9722429,214798
mgc-369722083-1612Merxheim368LPTP100,336000
mgc-287364351-SJ-210201-100053,364000
immo-facile-52299483,251000
nexity-GB00109355,33000
hektor-generalimmo-2706,279000
laforet-immo-facile-18583889,208000
iad-france-1241538,195000
ag680010-242224477,239500
hektor-lifeimmo-1810,210000
entities-1044598-2742385,331990
entities-1044602-2697495,938000
ag681106-355935493,441000
146281757,299000
guy-hoquet-immo-facile-2792570,285000
ag681101-332648373,392000
161417183,226380
guy-hoquet-immo-facile-5606698,114000
iad-france-1265692,312000
ag681158-352382821,66000
iad-france-1089313,435000
orpi-1-054037E2IS3B,113000
ag681156-335635998,199900
entities-1043690-3678286,313295
safti-1-549571,325000
orpi-1-054037E2C8VA,482000
hektor-CGAIMMOBILIER-1042,144000
orpi-1-054037E1XIG2,110526
ag671791-298888170,122000
hektor-dagon68390-2425,60000
hektor-MAYAIMMO2020-2398,156000
mgc-341867964-RK_MSB_KINGERSHEIM_TM385op7b,328000
160967221,290200
apimo-4320715,76500
guy-hoquet-immo-facile-5711623,305000
ag681494-354431989,169500
apimo-3706396,143000
immo-facile-49488599,120000
ag671474-347687697,616000
orpi-1-054038E1M0WD,349000
immo-facile-48759621,148000
158639683,328900
orpi-1-054928E19XAU,177420
immo-facile-49449149,291200
pericles-36629968,319900
guy-hoquet-immo-facile-5509597,77500
guy-hoquet-immo-facile-1996246,49000
mgc-232841634-SJ-200107-155456,324000
iad-france-864125,162000
rodacom-5117432,345600
iad-france-1115169,515000
ag680278-245451799,873600
ag681156-311128269,499900
rodacom-4675219,263880
ag681158-341717181,349000
guy-hoquet-immo-facile-2911108,232000
hektor-CGAIMMOBILIER-1049,346500
immo-facile-49586240,239000
immo-facile-52142673,441000
nexity-GB00118749,130000
hektor-girardi-pfastatt-3079,295000
ag680254-356403448,305000
147033701,206604
entities-1044601-2695414,636950
iad-france-830739,341000
guy-hoquet-immo-facile-6273560,61000
hektor-alaingimmo-369,185000
161402519,268360
160967689,321489
ag671791-286643135,238000
citya-immobilier-1273-TAPP457587,60500
orpi-1-054927E1PG2I,183255
ag750665-251466376,290000
hektor-MAYAIMMO2020-1913,239625
ag681075-366932152,346500
ag680632-266942330,59000
apimo-4502752,160000
ag670426-338504748,249900
immo-facile-48756905,320640
orpi-1-054048E2HYWE,151940
immo-facile-adresse-12785378,350000
immo-facile-46245322,222600
entities-1044598-2716901,324900
nexity-GB00165070,103400
guy-hoquet-immo-facile-5854642,66000
orpi-1-054048E1P474,190000
iad-france-780200,255000
adapt-immo-680091637,463500
ag681156-304912653,135000
iad-france-1198941,158000
ag681113-313717986,203200
adapt-immo-6700712021,153800
immo-facile-3512617,324000
orpi-1-054037E2I8TB,187500
ag671474-297522531,76000
entities-1044602-2708220,497900
ag671791-298132953,55000
ag681158-290840276,556500
ag681104-341594610,262500
immo-facile-50249174,381000
hektor-immolandismunst-1150,192600
hektor-generalimmo-2708,249000
154288683,135000
gedeon-25935205,448000
immo-facile-52598799,256700
laforet-immo-facile-21183703,630000
guy-hoquet-immo-facile-6046977,131000
orpi-1-054933E1Z4IM,99000
entities-1044598-2681700,264684
155084735,233672
ag671913-378346855,255000
hektor-1_lerosenberg-1028,548000
guy-hoquet-immo-facile-2532850,211000
guy-hoquet-immo-facile-6049456,129000
orpi-1-054038E27FBT,569000
ag681158-255294687,264000
hektor-MAYAIMMO2020-775,129600
ag680010-371466055,153700
guy-hoquet-immo-facile-2362549,71000
ag681141-337250079,304000
mgc-200698574,253000
immo-facile-3776887,176200
ag681332-365964526,203200
ag340369-277371410,168500
mgc-334965140-C-OBE-473-B-AG,293000
ag670640-221359153,167550
orpi-1-054928E28XGQ,388500
apimo-6534665,339000
entities-1044598-2666631,314500
ag681113-277280060,348000
immo-facile-49441007,229000
citya-immobilier-1273-TAPP420665,231000
mgc-296455983-cf-soppeid149,386100
nexity-GB00107436,70000
safti-1-837512,95000
hektor-alaingimmo-401,255000
iad-france-933675,233000
orpi-1-054927E2G70L,265995
orpi-1-054041E2FP2S,124200
rodacom-4401735,161000
guy-hoquet-immo-facile-5641858,110000
ag671791-287585642,89000
immo-facile-49328403,115000
ag680632-232864783,98000
ag681237-277425803,158000
ag681140-380002552,367500
ag680632-240254785,85000
hektor-generalimmo-2767,182000
orpi-1-054039E28JOG,499000
ag680297-267583748,175000
160967187,395600
immo-facile-38464684,176800
apimo-82225356,104500
hektor-generalimmo-3420,359000
orpi-1-054039E296I1,350500
ag680974-301914390,147630
hektor-MAYAIMMO2020-2389,540000
apimo-82367628,678000
ag670426-342635874,219000
ag681237-311977101,140000
immo-facile-45205385,136800
guy-hoquet-immo-facile-5629734,94000
iad-france-1278582,159000
orpi-1-054039E1SD3P,110000
safti-1-793678,190000
guy-hoquet-immo-facile-2199618,187200
hektor-moebel-immo-309,240000
ag681391-365796151,165000
iad-france-1247778,135000
nexity-GB00138505,123625
safti-1-653349,251308
157403195,326080
160145755,70000
immo-facile-42861118,135200
hektor-agfreyimmo-872,89000
guy-hoquet-immo-facile-2074815,211000
hektor-MAYAIMMO2020-2022,182000
guy-hoquet-immo-facile-5989073,170000
ag671791-286798520,192000
hektor-girardi-pfastatt-3336,89000
hektor-generalimmo-3209,166000
147434365,349000
century-21-202_3377_1264,164300
rodacom-4941346,199000
immo-facile-45491392,252000
guy-hoquet-immo-facile-5658220,71000
151800361,187700
safti-1-685606,229000
guy-hoquet-immo-facile-6078707,340000
ag681088-356147530,649000
152500929,328000
orpi-1-054933E2BMH1,329000
140579459,69000
mgc-240660651-SJ-200225-095135,302325
iad-france-932967,149000
entities-1044601-2795073,610000
ag671791-299944062,106900
ag681119-376809808,157000
immo-facile-50332801,278250
hektor-generalimmo-3017,332000
gedeon-22825991,69000
160070243,305075
mgc-274756484-RK_MSB-M_N20_FLAXLANDEN_68720_TM600,384800
immo-facile-51246457,280000
ag680632-270812099,99600
159300607,268100
ag671913-356729032,239300
gedeon-23728756,245000
ag751938-346973886,200000
hektor-agcinqpattes-28,175000
149234709,259500
orpi-1-054927E1T8NM,168000
orpi-1-054934E2CBRE,63800
ag681154-252828244,726000
laforet-immo-facile-17174500,123500
mgc-378174227-CWE-230307-151306,299900
ag681391-332963613,281000
immo-facile-40977109,244400
immo-facile-52360854,134500
mgc-166641569,189000
150550507,242000
hektor-girardi-pfastatt-3101,220000
hektor-MAYAIMMO2020-1938,289900
ag681444-349226283,209800
guy-hoquet-immo-facile-2801928,146400
hektor-1_lerosenberg-1362,225000
hektor-girardi-pfastatt-2764,355000
hektor-immo-wittenheim-3064,175250
hektor-1_lerosenberg-709,495000
ag671791-282545960,127000
158437863,346700
entities-1043690-3769924,350410
mgc-363010370-CWE-221018-162128,247000
immo-facile-48208590,182000
ag671791-297132153,159750
immo-facile-49092773,58000
orpi-1-054041E1P47K,55000
ag681495-354465511,117000
ag671791-299328111,498000
ag671474-380649121,239950
hektor-MAYAIMMO2020-2360,91000
iad-france-862935,333000
mgc-382817836-pp-230420-104449,279990
ag670547-277839350,189000
entities-1042950-3869696,363777
ag681158-367686289,273000
hektor-robischung-2406,210000
ag681391-343089906,285000
151110965,263500
hektor-expertiseimmo-55,249100
ag671791-354900628,122000
hektor-CGAIMMOBILIER-1766,127200
ag681088-362092066,50000
entities-1044599-2703282,399000
ag681113-314437449,250000
nexity-GB00104532,137000
apimo-82279906,519000
147335591,332000
rodacom-5017206,110800
apimo-6489815,290000
ag681234-316355787,525000
ag681332-343527915,299000
hektor-immolandismunst-1138,325500
hektor-agfreyimmo-886,184000
ag681140-340700499,295000
orpi-1-054039E1GH06,272000
immo-facile-adresse-10648082,279000
orpi-1-054039E2CKNL,125000
hektor-agfreyimmo-844,387000
ag671791-363914107,99360
ag681158-354432637,154000
ag750949-298718745,335000
ag681404-326621136,135000
mgc-369606320-SJ-221215-075519,325000
orpi-1-054036E1K3LV,49500
ag671791-300266802,447000
ag681204-361958485,115000
ag671791-289074911,95000
apimo-4363953,238000
guy-hoquet-immo-facile-2633583,150000
safti-1-778072,79900
safti-1-721239,140000
iad-france-821419,86000
ag680575-335053716,226000
safti-1-829250,295000
immo-facile-48865967,204900
century-21-202_3377_1039,268500
ag440414-357893464,263000
ag681109-381414703,296400
orpi-1-054048E1LVF8,273000
ag681444-344791125,452000
orpi-1-054927E2FUQP,119880
mgc-382696627-pp-230419-104338,272650
rodacom-5251397,419950
snpi-5281258,137000
safti-1-756048,329500
immo-facile-49091581,416000
ag671791-287180285,185000
hektor-sweethomeconseil-1326,224000
hektor-girardi-pfastatt-2682,365000
guy-hoquet-immo-facile-2673764,149900
adapt-immo-75008119005,78000
safti-1-616752,280000
ag681425-348768864,349800
ag671791-320053185,110000
ag681391-335391990,575000
citya-immobilier-1273-TMAI130301,317000
ag671791-288887693,140000
155178553,155500
ag681237-380234815,189000
ag681542-380740401,99600
151410811,170000
adapt-immo-690044077,211300
hektor-MAYAIMMO2020-2186,108000
visiteonline-constructeur-p_5227558-l_9765657,216912
entities-1044602-2766741,613600
ag681156-319163958,680000
rodacom-4401730,155000
immo-facile-49594941,160000
ag671791-291496733,447000
ag210220-239354797,498000
hektor-cdrieux-820,84000
ag681158-373309306,185000
immo-facile-46916838,597400
mgc-315667541-SJ-210910-104219,562000
ag681444-379312681,209000
hektor-girardi-pfastatt-3325,315000
hektor-robischung-2721,108000
ag681158-334725720,224000
ag680775-376778617,410000
ag671474-269047418,85000
ag681391-349724652,305000
ag681141-376641601,640000
apimo-5026109,124200
hektor-mhimmobilier-1401,148400
ag681158-349022880,148000
orpi-1-054927E1Q5TZ,165800
ag681234-324485208,201400
hektor-CGAIMMOBILIER-1466,231000
ag681154-325702233,189600
adapt-immo-680091529,260000
entities-1044599-2726811,424000
mgc-322324569-RK_MSB_SOULTZ_TM350,283100
hektor-alaingimmo-353,135000
hektor-immo-wittenheim-3292,171720
nexity-GB00151848,115000
rodacom-3951597,199000
ag671913-357713347,353000
hektor-alaingimmo-443,250000
ag681120-316334955,432000
hektor-sweethomeconseil-1245,318000
mgc-340509504-ALTKIRCH870VVPP110,369000
hektor-cdrieux-828,84000
immo-facile-46958935,255000
ag681237-359238529,290125
mgc-375576962-SJ-230210-150839,361000
ag680297-332724315,175000
ag671791-297457341,447000
immo-facile-48338905,169900
mgc-375109747-MKI-SEPPOIS71-230206,259000
citya-immobilier-1273-TAPP420583,188000
rodacom-4455116,464000
safti-1-824685,51800
ag681391-336070764,424000
orpi-1-054927E267M1,359000
mgc-ancien-L01_0F01_067632,55000
mgc-159298956,273999
orpi-1-054036E2EVE0,98500
citya-immobilier-1273-TAPP441309,97000
mgc-ancien-067649,69000
guy-hoquet-immo-facile-2728066,179800
citya-immobilier-1273-TAPP434951,99000
ag671791-311267550,159750
ag681237-313289940,156000
guy-hoquet-immo-facile-2759097,160000
hektor-ELSASS2020-6182,183000
immo-facile-30130335,1122000
century-21-202_3377_1395,294000
citya-immobilier-1273-TAPP451746AAAA,141000
hektor-dagon68390-2385,275000
hektor-cpdelta-49,177650
hektor-alaingimmo-343,177000
mgc-234093306-SJ-200115-172352,425600
snpi-5308894,625000
rodacom-5024958,275700
ag681055-275289725,79900
orpi-1-054036E2A5ZN,198900
ag681404-355381201,274300
entities-1044601-2809032,671840
ag671791-330698496,116000
entities-1044602-2716743,622600
ag250493-294897629,520000
hektor-CGAIMMOBILIER-1046,151500
iad-france-805044,99999
mgc-289752327-C-ART-500-B-AG,236000
rodacom-4674540,83000
orpi-1-054038E2HD8G,138500
immo-facile-46455133,202000
iad-france-1028005,199900
ag671791-282925859,325000
guy-hoquet-immo-facile-5016527,126000
ag681158-378528025,149000
immo-facile-adresse-12431455,126000
adapt-immo-75008124151,280000
hektor-girardi-pfastatt-2895,380000
hektor-valencay-immo-2540,99640
mgc-376912775-CWE-230223-160133,335000
orpi-1-054048E1IWW8,440000
ag681237-280252730,279575
immo-facile-47576814,525642
hektor-generalimmo-3405,235000
safti-1-596502,225000
guy-hoquet-immo-facile-5986921,197000
ag681444-350114917,263750
guy-hoquet-immo-facile-6267465,197100
immo-facile-47562904,280000
hektor-MAYAIMMO2020-1998,242000
hektor-sweethomeconseil-1364,386000
immo-facile-32379245,109000
iad-france-1073879,179000
mgc-359983201-MKI-GALFINGUE-20222609,316821
guy-hoquet-immo-facile-2748968,56000
ag680010-254442465,173250
ag681158-373934548,165000
apimo-8158465,440000
demathieu-bard-immobilier-PR4E0034,192450
orpi-1-054039E2EIOL,116000
mgc-118756865_RFASPBA377-SMART1-1-1-RFASPBA377-SMART1-1-1,292500
hektor-girardi-blotzheim-2574,165000
ag333464-359375743,680000
ag681158-368927662,224000
ag333747-331554030,166000
ag680010-377423167,252000
laforet-immo-facile-21292870,452400
hektor-LECEDREIMMO-38,291000
guy-hoquet-immo-facile-5750223,131100
ag681119-304880126,228000
guy-hoquet-immo-facile-2294980,72000
hektor-sweethomeconseil-1150,256800
guy-hoquet-immo-facile-2675474,141000
hektor-EXCELIMO-1155,39000
mgc-364983542-CWE-221103-103906,385000
mgc-347670930-VM-BALGAU-2022166,458426
mgc-371241974-pp-230103-102633,344532
ag681404-346338579,234300
ag681158-348270669,180000
orpi-1-054039E25LFZ,230000
161436209,459030
hektor-immo-wittenheim-3189,197600
ag681404-347611101,234300
gedeon-24324829,595000
ag340369-358525384,85000
guy-hoquet-immo-facile-4909929,265000
ag681088-348422967,99000
145868207,55500
hektor-moebel-immo-333,419000
ag681391-364256497,159000
157700145,347650
mgc-343021434-LM-UFFHEIM477-20220510,423000
apimo-5642221,456000
entities-1043690-3734040,322650
snpi-5316323,815000
hektor-sweethomeconseil-872,219000
ag681110-344467599,117700
ag681124-317200821,428000
ag671791-293569670,109000
hektor-expertiseimmo-1898,180000
ag681237-308940252,643000
mgc-372080714-pp-230110-093735,242796
ag681121-302545533,137000
adapt-immo-68008852,172200
ag311656-357712927,200000
immo-facile-51244702,140000
160967139,448000
immo-facile-31012024,288200
hektor-CGAIMMOBILIER-1112,566800
145724491,72000
safti-1-592150,79000
immo-facile-49450241,208000
mgc-379899129-C-DES-503-104-AG1,336800
ag681156-268922684,398000
entities-1042950-3506922,206860
rodacom-4583568,170348
rodacom-4338122,69000
ag681391-378826546,390000
ag671791-303371556,106900
158437935,299730
151357051,230000
155670257,235125
ag671633-322164897,198000
150550541,250000
hektor-MAYAIMMO2020-2144,229000
hektor-MAYAIMMO2020-2060,320000
ag440414-378334591,249660
ag681237-366073507,348150
apimo-82284809,179000
entities-1044599-2752482,431700
ag680297-318948375,195000
ag670426-342580584,212000
hektor-MAYAIMMO2020-2433,148000
orpi-1-054036E2FCB0,44000
ag681332-320906628,520000
ag681111-230921119,195000
century-21-202_3185_1500,463000
ag681113-291914426,243500
hektor-alaingimmo-307,125000
immo-facile-44474394,270400
ag681237-373941358,140400
ag750949-378798817,144300
160770037,568000
immo-facile-3622628,337000
orpi-1-054934E2M85X,135000
mgc-382507924-RK_CERNAY_-TM335_opt7b,322800
hektor-girardi-pfastatt-2867,133000
entities-1044597-2798472,422500
161417209,192530
apimo-6328345,547000
ag440414-332434263,285000
guy-hoquet-immo-facile-2749496,130000
156497607,259705
orpi-1-054037E21O3T,82894
hektor-1_lerosenberg-2029,389000
nexity-GB00103935,124000
hektor-agence-efco-immo-1809,232200
ag671791-295576628,109000
safti-1-732441,75000
guy-hoquet-immo-facile-5644145,180000
mgc-358895332-3Masevaux550LP2P130,362000
hektor-agence-efco-immo-1869,899600
orpi-1-054048E1K0RX,180200
ag681158-324825246,158000
guy-hoquet-immo-facile-5551318,316000
ag681106-325444839,136000
apimo-3364311,209000
immo-facile-1094404,249000
hektor-expertiseimmo-2163,447500
guy-hoquet-immo-facile-6204424,177000
ag681158-319766187,435000
safti-1-721022,286000
ag681158-296976723,125000
apimo-6327298,108000
hektor-girardi-pfastatt-3165,385000
mgc-355048669-RK_MSB_NIEDERENTZEN_TM297,298100
hektor-girardi-pfastatt-3168,55000
adapt-immo-680091417,262000
ag681156-376571944,229200
hektor-girardi-blotzheim-2698,235000
immo-facile-34387174,115000
hektor-moebel-immo-179,279000
citya-immobilier-1273-TAPP458698,65000
mgc-326469026-MS-211214-101154,209500
pericles-36363661,249700
ag671791-378043255,277000
immo-facile-adresse-12836259,315000
153684429,167550
ag641191-253199641,266882
visiteonline-p_5380347,295000
ag671913-377853538,300000
159150385,260000
ag681158-284486180,460000
hektor-1192_EXPERTIMO22-104672,299000
orpi-1-054041E1WJZL,64800
immo-facile-50644969,235400
156954027,113000
safti-1-763941,135000
mgc-165885536_OSTHEIM,159500
ag681391-336496758,178000
rodacom-4436968,187200
ag671791-323949933,110000
hektor-generalimmo-3195,158000
guy-hoquet-immo-facile-4829505,223000
ag680331-320466749,70200
apimo-4236714,75000
mgc-177037330,214500
ag680633-213077739,45000
hektor-mhimmobilier-1186,294000
hektor-cpdelta-7,139100
hektor-MAYAIMMO2020-2551,135000
ag681145-335245707,265000
immo-facile-46000485,268200
150951047,115000
151800351,188300
orpi-1-054048E2I9KL,345050
ag671633-320661333,330000
ag340369-300085206,367000
ag743447-346414281,179900
rodacom-5170006,280800
ag681106-336369741,195000
ag681158-361108600,272000
ag671791-302396013,200000
161572097,473350
rodacom-4864983,149000
hektor-1_lerosenberg-1777,241500
ag681154-252828121,292000
160404531,221100
ag681542-381369471,89500
145263239,265000
ag671791-368639242,99360
hektor-MAYAIMMO2020-1941,399000
160070269,330250
hektor-MAYAIMMO2020-2187,74000
entities-1042950-3885322,361600
immo-facile-35474383,220000
ag680010-341161323,168000
160967861,278500
mgc-364394035-2810HABSHEIM430LP2P130,412000
immo-facile-3257992,383000
citya-immobilier-1273-TAPP483885,120000
ag681101-326546103,190500
rodacom-4730971,215936
guy-hoquet-immo-facile-5626316,189500
ag670426-333334878,317651
orpi-1-054927E1M0WE,373800
hektor-agence-efco-immo-1680,143000
guy-hoquet-immo-facile-5646705,480000
ag671791-299031513,55000
ag671791-318400137,240000
hektor-PAQUIN2020-36,169600
160967433,338000
immo-facile-adresse-12433619,122000
hektor-amsignatureimmo-41,405000
ag680632-172564792,46000
hektor-PAQUIN2020-21,299000
ag681140-360619519,188000
gedeon-24744929,491000
immo-facile-48740924,175000
ag671633-341798493,98100
immo-facile-48741547,135200
ag681237-343846026,196277
immo-facile-adresse-12990176,185000
153625855,215000
161402493,253150
161345537,355000
ag681237-294442010,319000
immo-facile-adresse-13073768,290000
orpi-1-054037E2DVE1,367000
ag671791-286643282,146500
ag671474-310441740,130000
159529669,444000
visiteonline-p_5302738,213120
hektor-1_lerosenberg-1962,245000
ag671474-381823201,252280
ag681423-351896884,231000
ag681391-363760405,599000
nexity-GB00117904,193000
guy-hoquet-immo-facile-5625477,94000
laforet-immo-facile-19100770,267500
ag681391-365796469,232000
rodacom-5125255,182000
hektor-moebel-immo-267,456000
ag671791-313591740,110000
nexity-GB00143852,150000
entities-1044599-2744401,389500
ag670640-208913175,595000
ag681110-380601700,108000
mgc-326343152-SJ-211213-102749,536400
ag671791-289239560,159000
visiteonline-p_5207073,222500
guy-hoquet-immo-facile-3367705,77500
nexity-GB00114124,85000
laforet-immo-facile-21175656,508800
ag681158-294441869,158000
ag681237-368451160,449900
hektor-cdrieux-638,195000
hektor-CGAIMMOBILIER-809,201000
ag681237-342599094,138500
safti-1-715292,560000
iad-france-1039318,90000
mgc-337303678-MS-220323-174839,275000
146183127,222290
ag340369-366357349,679000
adapt-immo-75008115016,365400
immo-facile-adresse-13233328,235000
guy-hoquet-immo-facile-6277142,161700
adapt-immo-670073402,102600
ag681444-360478081,367000
hektor-generalimmo-2775,324000
apimo-5897096,199900
rodacom-5050598,393000
mgc-363894444-C-HEC-100-OS-2,267000
entities-1044599-2744399,359000
entities-1043690-3639068,320440
entities-1044599-2740091,315000
safti-1-643964,90000
ag681145-380869489,399000
hektor-LECEDREIMMO-135,399000
ag680967-345914307,85020
immo-facile-46168579,208000
apimo-82269061,267000
orpi-1-054933E20HSP,359000
hektor-generalimmo-2868,437000
immo-facile-48165704,388500
entities-1044602-2779485,760200
hektor-MAYAIMMO2020-1802,247900
apimo-8158325,306320
orpi-1-054927E1KVNF,286300
ag750665-256660816,228000
mgc-183553488,170000
entities-1044599-2802885,375000
iad-france-784447,170000
mgc-366340106-pp-221116-094242,290750
guy-hoquet-immo-facile-6061872,46000
ag752451-372365011,127500
apimo-6095717,138000
safti-1-880353,230000
citya-immobilier-1273-TAPP431880,88000
iad-france-1319363,224500
ag671791-283610159,245000
immo-facile-36115020,244400
laforet-immo-facile-18236371,331700
immo-facile-50355046,156600
mgc-118756865_HMJEBD-HMSMART1-3-3-100M2-HMJEBD-HMSMART1-3-3-100M2,280200
immo-facile-50249566,249900
gedeon-26493410,273000
apimo-5058684,140400
ag681237-320071527,324900
safti-1-754490,289000
hektor-MAYAIMMO2020-2327,385000
ag681158-342577470,284000
mgc-177145364,243000
guy-hoquet-immo-facile-2465672,120800
ag681145-344506542,118800
ag681158-374593654,92000
apimo-4395607,173340
ag681237-301557402,316000
ag671791-291584318,207000
mgc-363894807-C-HEC-110-OS-2,326000
ag681212-365663791,155000
immo-facile-35748384,109800
immo-facile-51174954,369000
entities-1043690-3634301,452018
entities-1043690-3634373,347961
mgc-380987382-C-HEI-531-101-AG2,369500
immo-facile-48978088,552000
entities-1043690-3634300,429563
153727097,129000
entities-1043690-3683964,312080
rodacom-5250950,204000
gedeon-23682688,165500
laforet-immo-facile-19916518,224700
hektor-immo-wittenheim-3172,179400
mgc-177145436,253500
hektor-robischung-2323,219000
ag681103-348273608,239000
ag681119-379662604,90000
immo-facile-42792326,699900
145236311,130000
ag680575-284833568,231000
mgc-322488549-EK-08112021-Largitzen2-ID403,264828
hektor-moebel-immo-187,239000
ag681158-286117037,150000
visiteonline-p_5267369,260000
orpi-1-054038E1PW7N,95000
ag671791-379528993,277000
hektor-expertiseimmo-101,120000
ag680010-222020029,199500
guy-hoquet-immo-facile-2782118,96000
iad-france-1280109,306000
145763033,416000
nexity-GB00157689,160000
immo-facile-50669399,422000
142808413,146500
apimo-8158346,315000
159131751,276200
hektor-mhimmobilier-1352,118000
hektor-girardi-pfastatt-2812,100000
ag681158-310489980,348000
guy-hoquet-immo-facile-4124121,106900
ag681444-357163888,499200
mgc-342983976-SL-HOUSSEN-20220510,469019
hektor-girardi-pfastatt-2702,229000
ag680632-224717818,66703
140490267,166000
hektor-MAYAIMMO2020-2020,211000
hektor-expertiseimmo-1452,245000
ag681391-347001777,359000
ag680254-333992190,112350
entities-1044599-2800104,403400
ag340369-337921413,190500
immo-facile-36095142,135200
ag671791-313921332,159750
hektor-LECEDREIMMO-180,390000
immo-facile-3506963,579000
immo-facile-42690567,150800
guy-hoquet-immo-facile-4675355,46000
ag671633-341798538,157000
immo-facile-46622590,312000
entities-1043690-3679291,271695
rodacom-4941935,108750
orpi-1-054933E1Z73D,349500
ag671791-354445582,122000
guy-hoquet-immo-facile-4871565,260000
160538079,291000
gedeon-24981187,378500
iad-france-1174617,244600
edouard-denis-0063__62714,186700
guy-hoquet-immo-facile-4681595,182100
150550511,162000
mgc-118756865_RFVITH1103-RF124P2GA-RFVITH1103-RF124P2GA,489000
mgc-316882634-SJ-210921-090119,275000
immo-facile-51342651,514800
151357091,162000
ag681391-374041639,190000
guy-hoquet-immo-facile-5761659,295000
ag680010-369732688,267750
ag680278-238515250,96000
ag681120-347496651,174900
apimo-4393335,382000
guy-hoquet-immo-facile-2351163,389400
ag671646-344072706,390000
ag670426-339870303,140000
immo-facile-52114448,345000
rodacom-5102486,292880
mgc-376084835-CWE-230215-170042,338000
hektor-ghisimmobilier-1998,345000
immo-facile-51677390,193800
ag681141-365531620,545000
hektor-moebel-immo-30,546006
ag670640-252339538,450000
immo-facile-37807723,218400
hektor-mhimmobilier-1209,99500
hektor-MAYAIMMO2020-2561,197000
hektor-agcinqpattes-23,348000
mgc-177145273,175000
laforet-immo-facile-19794497,256800
orpi-1-054934E2KWE9,451100
safti-1-598284,390000
ag671474-250491898,235000
ag671791-315695109,99000
hektor-belfort-32471,281000
ag681104-266990025,210000
mgc-233319462-pp-200110-101109,388620
ag681110-284293094,204750
guy-hoquet-immo-facile-2735308,96000
adapt-immo-680091672,478000
160791585,313000
iad-france-775145,134800
hektor-MAYAIMMO2020-2356,211000
immo-facile-34637885,77800
mgc-288123732-C-PFA-630-B-AG,425000
rodacom-5156310,467000
ag671913-379274431,185000
gedeon-22689105,220480
iad-france-1185256,99900
ag681120-371896642,499500
immo-facile-49014818,159500
adapt-immo-680091660,414000
hektor-mhimmobilier-1263,77800
mgc-346517181-2SOULTZ533LPTP120,350500
160450217,70000
ag681158-367337899,199000
152977315,122558
mgc-380636456-SJ-230330-155551,372500
mgc-363774402-C-RUS-600-C-AG-2,317000
hektor-ghisimmobilier-1995,160000
ag671791-332299542,116000
ag680323-235703236,185000
safti-1-761669,396000
immo-facile-2373671,260640
iad-france-925199,169000
mgc-165885536_COLMAR-SEMM,193750
hektor-generalimmo-3413,508700
ag681237-307481394,682500
ag681113-239990152,75000
ag681237-340548036,87480
safti-1-854135,230000
hektor-girardi-pfastatt-3012,108000
ag671791-376558273,277000
ag340369-277444466,256300
hektor-LECEDREIMMO-150,613600
safti-1-731694,148000
megagence-1-100835,108000
hektor-moebel-immo-12,237000
ag681158-376102690,471000
hektor-MAYAIMMO2020-2202,490000
hektor-3ROIIMMOBILIERE-988,68200
ag681391-347545428,196000
orpi-1-054928E1GF1R,139987
ag681237-293362721,337600
ag681237-313681572,197025
immo-facile-40711560,468000
ag680010-383546909,332000
ag681106-369672817,214400
hektor-cdrieux-776,457600
ag681237-383379422,575000
immo-facile-47563309,130000
entities-1044601-2699245,565000
entities-1044598-2705194,376900
immo-facile-35079616,472500
mgc-377638193-pp-230302-094326,393510
ag681110-335141331,139100
nexity-GB00114333,108000
entities-1044601-2812746,596100
ag681391-347001459,325000
hektor-agencedelill-13005,310000
adapt-immo-68009906,234500
hektor-robischung-2133,253000
apimo-7926633,395380
160791589,349900
hektor-girardi-pfastatt-3060,192000
ag671633-318171780,245261
ag060811-313361880,265000
ag671474-365346814,55000
guy-hoquet-immo-facile-4742952,240000
150944141,221600
hektor-girardi-blotzheim-2637,199000
ag680632-241097554,54000
hektor-CGAIMMOBILIER-825,399000
ag680297-261036874,56000
ag681140-380726104,320000
hektor-agfreyimmo-815,884000
ag681088-341100963,66000
ag680632-253416457,80000
ag680967-293082929,118800
hektor-MAYAIMMO2020-2097,235000
ag681391-332549439,175000
ag671791-296699358,117000
ag671791-375954229,99360
hektor-sweethomeconseil-1157,328500
hektor-immoplusalsace-2138,598000
160967165,471260
adapt-immo-670074177,160000
entities-1044602-2807093,636200
161344807,423000
mgc-289593504-SJ-210215-093150,357800
hektor-amsignatureimmo-91,533000
ag671913-333314127,243000
iad-france-742391,343000
entities-1044602-2706575,540800
ag671791-323442471,130000
mgc-95134,164500
rodacom-5233425,419950
hektor-cdrieux-847,330000
guy-hoquet-immo-facile-2646582,239000
ag671791-299944455,159750
ag670547-357763180,189600
guy-hoquet-immo-facile-5473237,95000
hektor-robischung-2353,160000
mgc-118756865_HMBAL0001-HMSMART1-2-HMBAL0001-HMSMART1-2,296780
mgc-340059309-SAINT-LOUIS400JC4P,472800
immo-facile-46693837,472500
ag681495-365795758,128000
entities-1043690-3587706,352895
ag671791-361104310,102600
ag670640-274120310,219000
ag681106-376233001,124000
hektor-agfreyimmo-834,210000
safti-1-696131,169000
hektor-cpdelta-45,508725
ag681391-325125555,573500
orpi-1-054041E1Y05M,150000
159131793,239300
hektor-generalimmo-2926,173000
157878577,241300
ag681113-335945760,115000
snpi-5238934,134000
mgc-372277562-CWE-230112-105016,389000
immo-facile-40273542,89800
ag681404-380042944,255600
guy-hoquet-immo-facile-3106289,130000
safti-1-716634,241000
hektor-girardi-pfastatt-2909,470000
hektor-deuxmm-67,73000
ag680297-332334402,163000
ag681158-352928485,60000
laforet-immo-facile-17943739,128400
ag681158-332351238,55000
mgc-359541004-5Kembs681JC2P150,561000
ag671791-355389541,289300
ag681158-341659599,139000
rodacom-4401725,510000
entities-1044599-2798787,386220
guy-hoquet-immo-facile-4828672,202300
iad-france-1119069,265500
160182109,274100
entities-1043690-3691023,441760
152833125,189000
ag680575-181027546,250000
ag671474-380234173,241000
ag681156-382626587,341000
apimo-6299134,280000
ag681154-335155203,344500
immo-facile-29939596,353600
155537263,185000
ag681391-365147971,122000
ag681141-358628197,617000
mgc-364879460-CWE-221102-162926,327000
hektor-PAQUIN2020-41,299000
146679577,197000
ag681088-356968603,345000
mgc-361970314-MKI-WOLSCHWILLER-20221010,397183
orpi-1-054039E2H9ST,157000
159131753,283000
guy-hoquet-immo-facile-4933486,365000
ag671791-362861932,277000
immo-facile-42299361,390000
iad-france-909032,175000
ag752451-326008803,536350
ag681332-351974869,188000
hektor-girardi-pfastatt-2738,640000
mgc-316882571-210921-085921,355000
ag681104-319829586,295000
immo-facile-47562576,305000
ag681156-354218794,386000
ag671913-379706305,158000
visiteonline-p_5228096,183000
iad-france-883782,110000
hektor-moebel-immo-218,271000
gedeon-24137250,262000
iad-france-785876,245000
immo-facile-46452554,310000
hektor-sweethomeconseil-1175,236000
nexity-GB00101016,275000
immo-facile-50198344,570000
mgc-361090888-HAUSGAUEN748JC,373680
century-21-202_3377_837,337000
ag681158-273175823,159000
entities-1043690-3669319,326270
ag681109-350104063,154000
mgc-369205657-RK_MSB_FERR_TM630mo,355000
guy-hoquet-immo-facile-4937699,71500
hektor-sweethomeconseil-1332,229000
ag681158-288085718,340000
ag681391-357463453,200000
ag681404-326621004,312000
mgc-284743869-SJ-210114-103538,395500
ag340369-335559816,468000
ag670426-343593717,199000
orpi-1-054934E2JDLA,140270
apimo-6884612,269000
160967309,252800
ag671791-284619590,238000
guy-hoquet-immo-facile-5761695,232000
immo-facile-3366570,175532
iad-france-1233986,119000
adapt-immo-680081315,87740
immo-facile-adresse-13098944,225000
hektor-moebel-immo-35,136000
mgc-325516377-VM-HIRTZFELDEN-2021612,342120
ag750949-320054604,580000
hektor-agence-efco-immo-1872,378000
ag681158-273543233,324000
orpi-1-054048E1OGAK,169060
orpi-1-054037E1WNAN,230596
hektor-girardi-blotzheim-2759,230000
ag680010-292688117,367500
hektor-1318_EXPERTIMO22-126595,539000
iad-france-1101474,225500
ag671913-383123534,105000
immo-facile-39114111,166400
orpi-1-054039E1JLBU,79000
ag671717-371144764,395000
mgc-339245238,131500
ag671791-310339302,200000
ag681156-383340350,345000
hektor-girardi-pfastatt-3331,135000
century-21-202_3377_705,120000
hektor-sweethomeconseil-1310,100000
safti-1-853898,139000
mgc-275528483-VM-MERXHEIM-2020611,376162
snpi-5289709,119900
ag671791-320770689,79800
mgc-373549288-CLM-PFAFFENHEIM-012323,367629
ag681391-332963583,465000
hektor-expertiseimmo-35,329000
safti-1-846722,220000
hektor-robischung-2817,199500
iad-france-1282090,182000
immo-facile-50393754,181650
hektor-MAYAIMMO2020-2487,161865
hektor-robischung-2628,225000
iad-france-774534,255000
immo-facile-34525638,166400
150550543,141000
ag681106-328559370,85000
156194131,281000
iad-france-989574,143000
ag681158-291083108,127000
161185811,229800
iad-france-967553,271000
hektor-moebel-immo-87,294700
hektor-immo-wittenheim-3131,156450
safti-1-719088,86500
orpi-1-054041E1XRRN,123000
mgc-260843314-VM-MORTZWILLER-2020247,408780
ag681104-274454357,219000
ag541392-382212682,315650
immo-facile-adresse-13022388,298000
orpi-1-054038E254OB,179000
visiteonline-p_5230613,341014
ag680967-360022429,160500
hektor-generalimmo-3246,182000
ag680297-363497911,210000
mgc-368072849-pp-221201-100758,311291
160270283,368530
safti-1-866591,129800
159534505,371500
orpi-1-054036E2AKH6,230000
159658473,229000
160409401,126500
iad-france-830253,229500
immo-facile-adresse-13213584,50000
ag060811-313586136,110000
ag681391-376226002,262000
nexity-GB00158290,163000
immo-facile-38518520,239000
orpi-1-054927E1VYWW,147600
immo-facile-52305578,299000
hektor-immo-wittenheim-3060,131250
ag440414-308625195,130000
hektor-moebel-immo-22,545000
ag671851-311914365,155150
guy-hoquet-immo-facile-2802821,350000
entities-1043690-3669865,342130
guy-hoquet-immo-facile-5792332,125000
hektor-moebel-immo-166,236123
safti-1-588591,365000
158827659,325954
ag680967-364383274,324880
ag680633-380364345,115000
hektor-MAYAIMMO2020-2314,337000
entities-1043690-3679004,303156
iad-france-663481,189000
immo-facile-35929819,280000
entities-1044598-2660828,321000
ag680010-299703849,364000
ag340369-283590332,360000
immo-facile-49354642,139900
146789819,231900
ag681122-344671509,785000
hektor-agence-efco-immo-1579,257800
hektor-moebel-immo-294,338000
entities-1042950-3885296,415295
gedeon-22140025,228800
mgc-152228349,257500
155031505,222659
iad-france-997348,115000
157403455,286895
immo-facile-52229779,195000
ag671791-295063649,229000
ag681212-356084761,148000
ag681106-370740571,472500
ag680575-237463894,212000
ag680575-241332481,148000
144154273,269000
mgc-188092741,400000
immo-facile-3637769,268000
ag340369-344651478,442000
ag681391-349471308,498000
hektor-robischung-2483,465000
ag340369-347665911,134000
immo-facile-2146089,149000
hektor-MAYAIMMO2020-1844,357000
ag671791-304306092,106900
guy-hoquet-immo-facile-78353,210000
orpi-1-054039E2B6QW,452880
hektor-1_lerosenberg-1788,179000
ag681158-376092091,274000
hektor-girardi-pfastatt-3287,106000
snpi-5316317,429000
ag680286-376061233,180000
mgc-279206829-SJ-201202-090656,329000
apimo-8158319,233408
immo-facile-3764142,232000
guy-hoquet-immo-facile-4839341,384000
entities-1044601-2785364,583100
guy-hoquet-immo-facile-2524805,290000
rodacom-4694214,449000
iad-france-1161717,388000
ag333747-380364127,542500
mgc-365034683-CWE-221103-165508,285000
immo-facile-42716733,320000
gedeon-24148762,329000
apimo-8158417,309000
safti-1-661056,288000
immo-facile-50508503,458000
hektor-girardi-pfastatt-3036,146000
ag340369-349599894,357000
hektor-girardi-pfastatt-3032,292000
hektor-generalimmo-3244,295000
150944155,216500
iad-france-1002177,355000
157204683,80000
mgc-300420971-CWE-210503-184136,313800
citya-immobilier-36-TAPP435421,88800
immo-facile-51776084,65000
iad-france-972156,106000
ag671474-308493972,159000
guy-hoquet-immo-facile-6038779,499000
ag681391-326102982,192000
hektor-ag-orim-1189,405000
hektor-mhimmobilier-1232,178500
hektor-girardi-blotzheim-2714,194000
immo-facile-35609788,109424
ag680254-363487393,231000
ag681106-333350553,210000
immo-facile-48709831,280800
hektor-immo-wittenheim-3289,210000
iad-france-1243104,170000
orpi-1-054039E1LM3K,187000
orpi-1-054037E2COL4,194000
orpi-1-054934E2E7GD,262800
mgc-357155910-C-HEC-135-OS,344000
safti-1-627922,310000
immo-facile-48670553,45000
entities-1044598-2713084,407580
ag681204-361680901,96300
hektor-MAYAIMMO2020-2517,389500
ag671474-377380933,88000
snpi-5092147,182000
ag681156-314383692,205000
orpi-1-054041E1B3BI,220000
iad-france-841071,88500
hektor-girardi-pfastatt-2728,179000
ag681391-359003641,370000
hektor-moebel-immo-336,522000
ag681237-364858537,129600
ag680297-301958040,175000
immo-facile-45538061,338000
immo-facile-45646738,135200
immo-facile-51849534,150000
hektor-ifeaimmo-2133,399000
ag681158-376296907,295000
hektor-MAYAIMMO2020-792,155000
immo-facile-36817900,399000
guy-hoquet-immo-facile-5603788,94000
160070253,348580
immo-facile-49354356,530000
ag681158-377278819,55000
safti-1-640569,255000
rodacom-4483519,38000
hektor-sweethomeconseil-1316,157500
ag680323-235703224,195000
150974041,53200
ag681158-314399556,630000
hektor-immo-wittenheim-3186,249100
immo-facile-51439507,160000
immo-facile-adresse-12907141,296800
mgc-317339603-C-COL-368-AG,397000
ag333747-326067756,141000
immo-facile-38358394,152600
mgc-305826533-C-STA-345-PP2-SB,257000
hektor-agence-efco-immo-1818,351750
gedeon-25511645,176600
immo-facile-52318279,199900
ag681120-361112953,629000
safti-1-748760,220000
hektor-immo-wittenheim-3168,260000
safti-1-735020,572000
orpi-1-054927E2JE5H,97000
immo-facile-47561991,160000
ag671717-371144773,184000
apimo-6032721,259000
hektor-girardi-pfastatt-2838,495000
iad-france-1114826,339000
ag670426-343593798,342218
149234689,161900
orpi-1-054038E1VFL3,245000
ag681145-381014059,235000
156532915,256717
hektor-girardi-pfastatt-3394,209000
ag681110-279261413,291000
ag681158-296852520,113000
guy-hoquet-immo-facile-6373305,120900
ag671791-381730957,277000
hektor-3ROIIMMOBILIERE-977,145000
ag670547-235959700,302000
mgc-379271997-C-DES-308-85-AG1,259500
guy-hoquet-immo-facile-6361874,326500
apimo-4757772,160000
hektor-moebel-immo-125,202000
hektor-cpdelta-213,440000
adapt-immo-680091414,518000
rodacom-4910841,238863
hektor-robischung-2460,200000
ag671474-346854981,325000
gedeon-22943844,244400
ag333464-327835896,394000
orpi-1-054927E1S1J7,269000
mgc-118756865_EK-WITT4-EK-WITT4-SMA92-EK-WITT4-EK-WITT4-SMA92,337700
immo-facile-49309884,159900
adapt-immo-680091151,230000
entities-1044599-2737420,420068
immo-facile-3392512,568421
mgc-306462704-SJ-210619-182831,365000
ag681120-355967890,185500
hektor-MAYAIMMO2020-1975,185000
apimo-5910405,233200
nexity-GB00120155,109000
ag680775-376778632,242000
safti-1-740159,245000
entities-1044599-2758128,419800
ag681404-353228389,145800
guy-hoquet-immo-facile-2671519,141000
ag670547-242024836,76000
iad-france-1058413,260000
hektor-alaingimmo-408,350000
mgc-372484475-CWE-230113-174244,274900
hektor-girardi-pfastatt-2974,380000
ag680010-270776582,139100
safti-1-801774,116000
entities-1044599-2802930,416068
hektor-girardi-pfastatt-2916,359000
ag681404-366276361,118800
iad-france-1312258,200000
ag440414-276250073,70590
ag680967-325677105,75000
entities-1044601-2656570,770800
hektor-girardi-pfastatt-2882,565000
ag681156-354343846,262000
hektor-PAQUIN2020-145,414000
rodacom-4463393,248000
ag681234-354789115,315000
hektor-MAYAIMMO2020-2119,449900
iad-france-1293015,354000
orpi-1-054927E2D5G8,145000
apimo-5077349,140400
orpi-1-054039E1TY8A,199000
ag680632-235194061,104900
orpi-1-054037E2CP8T,361000
ag681106-370949962,209000
hektor-LECEDREIMMO-179,100000
immo-facile-49488606,129000
safti-1-794465,190000
safti-1-604076,255000
ag680632-273327053,50500
ag680297-301842864,483000
orpi-1-054927E2GXHX,173000
immo-facile-52332962,344000
155099341,121900
ag681158-351483649,430000
rodacom-4694483,277000
rodacom-3699876,191000
hektor-MAYAIMMO2020-2153,289500
131641487,206000
ag680297-245793982,224700
ag670426-333335100,244925
mgc-382053124-VM-NIEDERENTZEN-2023134,285000
156275149,257500
immo-facile-47710445,275600
mgc-380005821-C-OBE-377-85-AG1,288700
ag340369-281120726,195000
160307747,80000
iad-france-1048705,416000
ag681391-343089930,532000
entities-1043690-3737034,299000
apimo-4868243,288750
immo-facile-52633450,318000
iad-france-954756,269000
orpi-1-054927E1HW4S,215250
158676997,189000
hektor-girardi-blotzheim-2721,334000
hektor-LECEDREIMMO-105,110000
ag681391-358561222,630000
mgc-360650521-VM-feldkirch-2022289,309980
hektor-cdrieux-790,238000
hektor-moebel-immo-89,287000
ag671791-321175761,130000
guy-hoquet-immo-facile-6355683,165000
hektor-MAYAIMMO2020-2006,258500
safti-1-782359,135000
hektor-robischung-2419,315000
iad-france-1141626,117000
adapt-immo-680081292,90000
ag681124-321449226,346000
guy-hoquet-immo-facile-5840021,110400
apimo-3423027,199000
hektor-ELSASS2020-5153,210000
immo-facile-52258945,806000
entities-1043690-3700263,335116
ag680967-235219798,275600
hektor-girardi-pfastatt-2911,230000
ag681110-381158875,189000
guy-hoquet-immo-facile-5992098,230000
hektor-sweethomeconseil-1132,314000
ag681104-383218346,172500
orpi-1-054039E1NROD,183000
160967401,331425
immo-facile-31919098,94800
hektor-308_troispourcent_admin-47225,190000
ag671474-353383210,365000
century-21-202_3377_1301,299000
ag681088-363623674,70000
rodacom-4456155,730000
rodacom-4824856,159500
rodacom-4961015,199000
apimo-7271303,151000
orpi-1-054039E1J9CB,287000
ag681332-365039059,225000
mgc-315666944-pp210910-103528,260620
orpi-1-054037E1PL6V,394234
guy-hoquet-immo-facile-5992235,320000
orpi-1-054928E1GPL8,296400
hektor-sweethomeconseil-1173,225000
mgc-369725533-1612JCUFFHEIM6304P150,571100
mgc-195327689-pp-190424-101334,284888
immo-facile-34181474,270400
iad-france-1093070,149000
laforet-immo-facile-21266600,144450
mgc-288118578-C-PFA-545-B-AG,355000
pericles-36629955,230000
ag681104-240662658,240000
ag681127-362700148,108000
hektor-sweethomeconseil-1097,150000
guy-hoquet-immo-facile-2727858,170000
immo-facile-49195735,208000
orpi-1-054039E1UC9Q,615000
entities-1043690-3639064,441815
ag680297-257711347,225000
iad-france-993038,119500
safti-1-768257,485000
guy-hoquet-immo-facile-6210322,140000
safti-1-667479,99000
guy-hoquet-immo-facile-4907767,120400
ag671791-285270296,127000
hektor-lifeimmo-2020,62000
orpi-1-054927E24ZWE,169589
149234707,139500
immo-facile-51783738,365000
160182103,289300
citya-immobilier-1273-TAPP461772,49500
iad-france-1161410,250000
mgc-314653652-C-WOL-454-AG,258600
ag671474-333063153,150000
hektor-MAYAIMMO2020-2069,498000
ag681332-352776889,300000
ag691829-236608336,145000
ag671633-324378822,251000
orpi-1-054927E1K3DW,160500
ag680323-235703233,172000
immo-facile-52017568,149800
guy-hoquet-immo-facile-2249319,135000
immo-facile-47576603,890000
iad-france-1009710,249000
iad-france-1141487,87000
guy-hoquet-immo-facile-5608034,443000
157573421,215000
ag680010-367586107,294000
nexity-GB00162311,275000
hektor-neoconceptimmo-5618,163000
hektor-moebel-immo-269,71000
entities-1044602-2675812,624520
159430079,230000
orpi-1-054927E1BCH8,194000
immo-facile-38159877,321762
rodacom-4334719,322700
ag671791-307371483,174000
apimo-3963148,179500
rodacom-4668977,282000
orpi-1-054041E1O6MO,175000
guy-hoquet-immo-facile-65678,141900
immo-facile-45854052,370000
hektor-cdrieux-741,180000
guy-hoquet-immo-facile-5788105,99500
135200765,339000
158676999,128000
mgc-364632256-3110Hesingue888JCTP180,731999
ag681119-296798717,167000
hektor-PAQUIN2020-119,399000
hektor-agence-efco-immo-1861,519000
citya-immobilier-36-TAPP483689,78000
hektor-3ROIIMMOBILIERE-992,189000
hektor-immo-wittenheim-3321,223000
entities-1043690-3669093,340775
ag680286-366769138,355000
immo-facile-49145940,156000
orpi-1-054038E1LABO,117000
immo-facile-46232959,283500
entities-1043690-3634388,361235
ag681212-317456451,130000
hektor-MAYAIMMO2020-1589,480000
ag671913-372306694,397000
ag680286-349493070,70000
hektor-1_lerosenberg-1111,507000
guy-hoquet-immo-facile-5502805,103500
hektor-1_lerosenberg-1581,832000
ag671791-290856056,348000
ag681158-353957980,92000
152858153,289275
immo-facile-3341375,372340
hektor-ELSASS2020-905,899000
hektor-immo-wittenheim-2536,110250
rodacom-4483893,229000
ag681106-339975360,238000
ag680575-176911528,440000
hektor-robischung-2167,333000
hektor-moebel-immo-275,340000
immo-facile-45596729,249000
century-21-202_3377_571,70000
ag681158-351461545,180000
rodacom-4139513,325000
immo-facile-35963248,252000
161394171,360000
immo-facile-47554536,110000
immo-facile-48521853,406000
hektor-5_lerosenberg-1942,127000
guy-hoquet-immo-facile-5018449,160000
ag681237-312530679,749050
ag680278-208506711,171150
hektor-cpdelta-15,175000
adapt-immo-680091501,210000
ag680775-374811103,356000
immo-facile-49968681,336000
hektor-agence-efco-immo-1625,508000
entities-1044599-2752484,443200
visiteonline-p_5135442,220762
visiteonline-p_5212830,247500
ag681391-359003677,350000
160023733,250000
century-21-202_3377_790,145800
hektor-girardi-pfastatt-2800,171000
nexity-GB00156310,92800
hektor-expertiseimmo-4,146000
ag340369-335819463,174900
ag743447-338261169,129900
ag681119-321785717,259000
160967711,324960
gedeon-24999640,319000
ag681104-274454360,362500
ag743447-324992148,525000
mgc-349187232-VM-RODEREN-2022286,459500
hektor-cdrieux-619,278000
hektor-mhimmobilier-1194,137000
ag681391-374692138,630000
guy-hoquet-immo-facile-5612614,190000
apimo-5692257,578000
ag680575-173115829,127200
hektor-immo-wittenheim-3128,147000
hektor-robischung-2801,385000
iad-france-897111,148000
safti-1-639497,480000
iad-france-1091607,201600
laforet-immo-facile-20954664,155150
iad-france-811150,366000
131663361,229000
hektor-mhimmobilier-1353,189000
157215795,375700
guy-hoquet-immo-facile-5563837,410000
ag670547-224310412,297000
hektor-moebel-immo-95,175000
ag681360-357879694,283500
safti-1-733987,277000
rodacom-5151776,399000
hektor-girardi-pfastatt-3010,159000
safti-1-847304,90000
ag681106-371363431,132000
ag681158-356478274,140000
152028351,149000
mgc-363773337-C-FOR-349-AG-2,283000
orpi-1-054039E1KPEN,216000
hektor-immo-wittenheim-3077,173800
iad-france-861116,165000
157949889,470000
ag681158-379036555,199000
hektor-robischung-2108,248000
iad-france-1001877,369000
ag681106-354891997,465000
entities-1044599-2800110,407700
ag681404-326620968,239000
159741713,216000
150943757,223950
hektor-amsignatureimmo-46,169600
ag681332-322622874,355000
ag340369-371495650,520000
ag681237-342846474,151200
ag753274-359199058,349000
rodacom-5108395,300284
guy-hoquet-immo-facile-5576668,115000
152858155,228883
ag681237-364268434,390350
ag681158-371796349,87000
hektor-agence-efco-immo-1665,314000
immo-facile-52477234,129900
iad-france-1309135,130000
immo-facile-37921504,685000
immo-facile-17769261,395200
nexity-GB00114872,60000
ag681145-331620948,164355
immo-facile-34081869,384800
ag340369-326003151,328000
154288823,205000
immo-facile-49336871,835000
ag671791-325959459,169000
hektor-moebel-immo-186,474000
ag681101-352486648,134000
ag681113-302184213,271500
160967459,339657
orpi-1-054927E2APLN,399000
orpi-1-054048E2BNWA,76000
mgc-276089894-CT-202011101-COLMAR,257200
ag681237-337054038,284850
ag681108-282181898,237082
guy-hoquet-immo-facile-5545971,189500
guy-hoquet-immo-facile-5633749,99000
ag671791-311496273,171000
immo-facile-37184393,178000
entities-1043690-3670370,339519
immo-facile-52251537,129000
ag680633-210153615,78000
ag681156-252595267,340000
148521547,258800
rodacom-4569626,160000
ag340369-359950162,174000
guy-hoquet-immo-facile-4245783,66500
iad-france-1223038,75000
157403217,319000
ag681113-305848065,200000
iad-france-1032398,315000
guy-hoquet-immo-facile-2758678,195000
ag681237-317852997,234300
ag681158-381299695,408000
century-21-202_3377_316,109080
ag681423-382597676,204750
century-21-202_3377_1171,169000
ag681075-348276987,282000
hektor-sweethomeconseil-1128,198000
ag671791-284122754,67200
apimo-6807681,409000
guy-hoquet-immo-facile-4866969,230000
guy-hoquet-immo-facile-5546203,192300
visiteonline-p_5484666,284600
hektor-agcinqpattes-56,355000
ag681121-302545542,147000
rodacom-4731218,273000
ag681055-226255147,470000
guy-hoquet-immo-facile-2723759,174000
rodacom-4456137,158000
immo-facile-34436698,282000
hektor-3ROIIMMOBILIERE-1005,159000
hektor-moebel-immo-180,747000
ag671791-290483960,185000
ag680575-204759072,79000
immo-facile-3596216,259000
hektor-moebel-immo-53,330000
iad-france-925210,163500
snpi-5312634,399000
iad-france-1232913,319000
hektor-sweethomeconseil-1323,160000
mgc-334063111-CWE-220223-102233,478000
ag681158-355910701,375000
iad-france-834287,149000
orpi-1-054041E1GTME,123600
iad-france-1013409,71000
ag680824-136706309,145600
hektor-sweethomeconseil-1308,650000
157818465,356000
158622569,279500
orpi-1-054048E25QGD,299000
hektor-girardi-blotzheim-2578,194000
hektor-agence-efco-immo-1679,581000
apimo-4009624,122000
century-21-202_3185_1455,486000
hektor-MAYAIMMO2020-2582,640000
citya-immobilier-36-TAPP464121,120000
hektor-cdrieux-863,263000
hektor-sweethomeconseil-1266,450000
ag671791-304158159,200000
ag681237-344831670,267570
gedeon-25096574,345000
mgc-381769376-pp-230411-091904,294519
immo-facile-47267897,319000
hektor-MAYAIMMO2020-1798,499000
hektor-MAYAIMMO2020-1062,345000
immo-facile-48241433,531000
mgc-373786517-CWE-230125-112926,329000
hektor-immo-wittenheim-3297,349800
ag681104-365813452,215000
mgc-366347440-1611UFFHEIM630JCPP100,495000
151105453,285000
immo-facile-52627407,388000
145781431,51700
160722069,349500
iad-france-1244418,999000
hektor-girardi-pfastatt-2929,195000
ag340369-286622156,190500
hektor-cpdelta-96,295700
orpi-1-054933E2ETM7,138000
entities-1044602-2779486,601500
immo-facile-49075564,94800
ag681234-362041621,179000
orpi-1-054927E1MARG,238500
ag670426-333334863,294000
140252197,149000
ag681156-271249283,199900
ag681237-332649063,150120
rodacom-4783132,248000
mgc-313687308-MA-HABSHEIM-21238,424500
ag301615-367176768,291000
immo-facile-44018649,199500
safti-1-779130,395200
immo-facile-52369572,428000
mgc-370367449-MKI-WINKEL-221222,237272
hektor-girardi-pfastatt-3024,100000
hektor-immo-wittenheim-3225,416000
guy-hoquet-immo-facile-6034679,199000
apimo-5778549,570000
rodacom-4694467,242000
ag681495-382710887,265000
ag681154-256239733,228000
ag440414-298464768,35990
immo-facile-49191642,430500
immo-facile-52217711,149800
iad-france-1117323,358000
ag681120-331138950,269000
guy-hoquet-immo-facile-6357846,82000
immo-facile-46610837,440700
hektor-sweethomeconseil-1049,367500
apimo-6047031,171000
rodacom-4344025,489000
151236499,539000
ag681212-318329442,160000
ag670426-342580683,319900
citya-immobilier-1273-TAPP445642AA,179900
apimo-82285666,79500
ag681055-197505427,225000
159479101,320000
gedeon-23764298,183000
ag681154-256239709,245000
158581267,236050
ag681088-334647939,296000
guy-hoquet-immo-facile-5611269,120000
mgc-314337150-EK-20210830-Tago-488m_-OP5,269892
157050051,139000
ag681088-332245146,138000
guy-hoquet-immo-facile-5580587,237000
safti-1-696893,290000
ag681404-335812332,71500
immo-facile-47410743,285000
rodacom-4607639,211000
151357067,340000
hektor-immo-wittenheim-3151,186106
guy-hoquet-immo-facile-5646752,350000
ag060811-340685076,138000
hektor-MAYAIMMO2020-1874,621900
orpi-1-054041E258MV,187000
ag681119-264755958,121000
ag681542-378876156,125600
ag681145-375542740,160000
hektor-girardi-pfastatt-2896,169000
mgc-131668093,253500
ag681391-354260533,1066000
immo-facile-45655412,334900
orpi-1-054037E1J0D8,185000
ag681237-379661533,118800
hektor-generalimmo-2615,200000
hektor-1_lerosenberg-1132,80000
mgc-363896982-C-KIN-137-OS-2,354000
iad-france-967610,345000
guy-hoquet-immo-facile-3986162,240000
mgc-370345741-2212LBOTTMARSHEIM6852P130,469500
ag681404-379279636,170400
ag681110-333057891,185500
hektor-generalimmo-3146,159000
mgc-338092395-RK_MSB_TRAUBACH_TM1241b,364100
orpi-1-054927E2H3GW,241500
iad-france-1283995,132000
immo-facile-32643207,285000
guy-hoquet-immo-facile-2733896,150000
iad-france-1343203,235500
mgc-317684120-SJ-210928-091512,423000
hektor-sweethomeconseil-1249,129000
ag670426-343593867,199900
immo-facile-33766511,187000
hektor-dagon68500-2454,227000
entities-1044601-2680695,629000
mgc-373049761-CLM-ROUFFACH-011823,426400
guy-hoquet-immo-facile-5550608,141000
immo-facile-46018917,529846
ag681158-357113194,274000
ag681110-278480846,420000
hektor-MAYAIMMO2020-2510,460000
iad-france-782758,219500
hektor-sweethomeconseil-1337,104000
141957309,201000
guy-hoquet-immo-facile-5552471,253600
iad-france-953849,159000
orpi-1-054037E2AI7Q,456000
ag681104-359175088,362500
ag681156-259214644,160000
ag671791-337903659,116000
immo-facile-38369403,192400
151273989,115000
mgc-294902658-MS-210323-155048,347000
orpi-1-054037E1WL6X,219000
hektor-MAYAIMMO2020-1869,540800
hektor-girardi-pfastatt-3058,252000
hektor-immo-wittenheim-3202,510000
hektor-cpdelta-61,640000
ag681156-273465272,215000
ag681106-358385677,438000
ag681237-377780653,389295
hektor-1_lerosenberg-2028,389000
ag681204-333439140,418000
hektor-agencedelill-13120,467880
hektor-MAYAIMMO2020-1776,135500
immo-facile-45784259,229990
apimo-5229847,249000
hektor-ELSASS2020-2345,35000
ag680286-258851083,350000
ag681158-332699331,211000
mgc-382508008-RK_SAINT-BERNARD-TM401_opt407b,314800
ag681158-356400100,274000
rodacom-5020160,292388
153896475,246400
hektor-sweethomeconseil-1033,279000
ag681391-333486438,356500
nexity-0026__26090,396500
immo-facile-49957200,220000
ag680254-214733649,388500
iad-france-751094,205000
nexity-GB00138918,210000
adapt-immo-680091611,127080
160967169,339811
guy-hoquet-immo-facile-2964069,99000
mgc-214502126-pp-190902-095729,289673
hektor-homeettoits-23,238000
ag681423-382933370,109725
161417205,211810
immo-facile-45838982,345280
apimo-4393320,259920
ag681113-279321362,350000
rodacom-3951248,113000
guy-hoquet-immo-facile-5584956,348000
hektor-PAQUIN2020-135,599000
mgc-254655256-SJ-200616-090916,448000
mgc-361282297-KEMBS330LB2P100,376500
iad-france-1259148,157000
safti-1-638304,229000
ag681104-350390332,190000
159741717,189000
ag681237-346373856,159900
hektor-alaingimmo-394,175000
entities-1044598-2755576,235900
safti-1-742039,315000
immo-facile-35036734,279000
hektor-immo-wittenheim-3170,228800
orpi-1-054933E1YQXQ,152200
ag681110-343373556,202800
iad-france-1224176,379999
ag681158-318710865,164000
orpi-1-054039E2EQ17,190000
apimo-8147530,296000
immo-facile-37921520,445980
guy-hoquet-immo-facile-6022650,71200
ag681237-303886260,212000
ag671791-290311835,159000
pericles-36630281,585000
ag680010-328200180,735000
hektor-cdrieux-755,499000
mgc-288937625-CLM_202102101,295000
ag681332-357763063,145800
hektor-immo-wittenheim-3194,190000
ag681391-347001867,530000
immo-facile-48613256,168000
mgc-327002034-RK_MSB__ILLFURTH_TM700h,495900
ag681088-375868225,144000
immo-facile-35960448,418000
ag681237-293044259,178500
ag681108-329603694,313000
mgc-135983470,189600
149242667,308000
guy-hoquet-immo-facile-4426360,141300
apimo-8158194,247000
115977267,193000
immo-facile-34089714,114800
ag671791-288659270,315000
hektor-MAYAIMMO2020-1840,210000
ag680824-304980315,250000
mgc-326638287-VM-RUELISHEIM-20211512,441280
immo-facile-3457013,325000
guy-hoquet-immo-facile-6015655,71500
hektor-ag-orim-1073,270000
gedeon-23728770,233000
154979989,149000
157606921,170000
apimo-4134674,89000
ag681145-340651413,357500
ag680633-256484071,127000
160182117,258400
hektor-generalimmo-3201,163000
hektor-agence-efco-immo-1567,257800
ag440414-299632296,135000
ag680286-328841706,200000
hektor-girardi-blotzheim-2773,199000
apimo-8158211,218000
safti-1-734785,250000
ag680297-350166460,264000
ag671791-293915852,269000
orpi-1-054039E1R6F2,287000
apimo-8216645,304000
immo-facile-40221393,1250000
ag681109-371245111,288500
mgc-381898466-pp-230412-093050,259319
hektor-MAYAIMMO2020-2319,337600
hektor-MAYAIMMO2020-1561,265000
mgc-339687744-Saint-Louis679JCPP,643000
century-21-202_3377_827,135000
rodacom-4613947,234000
hektor-expertiseimmo-102,245000
immo-facile-47563237,31000
ag681332-329864433,290000
hektor-sweethomeconseil-1114,217000
hektor-mhimmobilier-1272,270400
visiteonline-p_5135425,206141
ag333747-379260130,548000
visiteonline-p_5046616,200889
ag671791-371307337,99360
ag681110-343373313,317000
ag671791-301205229,498000
iad-france-1252862,231000
iad-france-1337848,319900
ag681145-331621005,400000
mgc-383563075-CWE-230427-150851,321000
guy-hoquet-immo-facile-2575731,118200
142809837,182220
orpi-1-054039E1KI7K,329800
guy-hoquet-immo-facile-5589018,192200
ag681088-367065406,499500
hektor-girardi-pfastatt-3059,330000
mgc-296749457-SJ-210406-104551,585000
ag681110-254530953,245500
immo-facile-47554739,320000
ag681210-371137363,197600
nexity-GB00147826,60000
iad-france-1314547,350000
immo-facile-34545239,434700
144968447,190000
ag671791-339534168,155000
safti-1-583684,165000
ag671791-321700002,95000
iad-france-835675,249000
mgc-291849524-Construction_maison_a_PFASTATT_68120,312251
rodacom-5201044,281000
160851525,130000
immo-facile-adresse-12907151,133750
iad-france-1230682,297500
hektor-generalimmo-2592,199000
hektor-3ROIIMMOBILIERE-1009,135000
immo-facile-48401033,266000
mgc-205126124-SJ-190627-092142,220400
ag680967-266047415,151200
ag060811-318118668,107000
ag681391-365796043,155000
hektor-sweethomeconseil-1180,312000
151612713,196900
hektor-PAQUIN2020-27,199500
immo-facile-20400608,549000
ag680297-222181927,225750
orpi-1-054048E1VZCC,199975
ag340369-338947398,440000
rodacom-4162952,135000
hektor-ELSASS2020-909,598000
guy-hoquet-immo-facile-2720663,305000
mgc-379270218-C-BOL-519-135-OS1,420988
ag680297-359213641,211000
ag680010-222020818,270000
ag671474-264150032,66500
ag541392-350413537,199000
immo-facile-52318692,490000
immo-facile-adresse-12146713,128000
ag681158-302429028,250000
guy-hoquet-immo-facile-6302434,163500
ag681158-325088562,399000
hektor-1_lerosenberg-610,490000
orpi-1-054039E2650M,74000
152845405,232200
hektor-girardi-blotzheim-2651,141000
ag671791-315972768,110000
ag681158-346689003,390000
guy-hoquet-immo-facile-6224204,186200
mgc-189329368-EK-140319-UFF-ID414,371506
ag681106-327351789,135000
guy-hoquet-immo-facile-6327005,110000
immo-facile-38367334,151200
ag681237-371799478,285000
140693091,193417
century-21-202_3185_700,110000
orpi-1-054927E1QBIQ,85000
160617297,520100
ag681237-314311434,175700
guy-hoquet-immo-facile-6042128,202500
entities-1044599-2792263,319000
hektor-lifeimmo-2029,280900
151853047,311000
apimo-8158393,71000
apimo-5352564,640000
156194125,241000
guy-hoquet-immo-facile-2810176,248000
ag671474-375773560,142000
gedeon-25511654,246000
safti-1-871959,284000
orpi-1-054039E2597H,245590
mgc-283569036-CWE-210106-100041,302000
apimo-4349792,330000
iad-france-876659,86000
hektor-girardi-pfastatt-2581,260000
ag681110-229897480,473000
citya-immobilier-1273-TAPP495412A,135000
147601687,428000
iad-france-802092,245000
ag681154-338970609,441000
rodacom-4492869,250200
ag681158-364244599,430000
ag750665-253066984,290000
immo-facile-adresse-12012876,307400
mgc-344272980-RK_MSB_KRUTH_TM900pp,348500
guy-hoquet-immo-facile-2748141,115000
hektor-MAYAIMMO2020-2452,580000
hektor-generalimmo-3187,190000
hektor-CGAIMMOBILIER-1065,149460
ag680297-271056656,127200
ag680575-335053719,253000
hektor-ag-orim-1077,360000
hektor-MAYAIMMO2020-1930,268000
hektor-robischung-2503,249000
iad-france-1086607,298500
immo-facile-35169674,472500
150387165,252000
hektor-ELSASS2020-908,283500
apimo-82387505,275000
safti-1-847505,335000
rodacom-4890589,192000
hektor-agence-efco-immo-1325,669500
orpi-1-054041E22QZB,215000
ag681158-352665508,102000
mgc-311583305-C-HEC-823-B-SB,284500
ag680632-261360514,58400
hektor-lifeimmo-1903,188000
rodacom-5120533,725000
rodacom-4470255,65000
apimo-4348414,275000
ag681237-319179762,199900
ag681158-290840360,316000
ag681158-323752830,180000
hektor-MAYAIMMO2020-2485,242000
ag681237-310103595,223650
ag680575-200778033,182000
ag681542-378877263,258000
immo-facile-3234431,372340
safti-1-817440,125000
hektor-MAYAIMMO2020-2088,234000
mgc-334846972-MS-220302-102748,214000
156275473,161900
mgc-154877193-EK-20181806-OP1-HIRS,239916
mgc-366697036-MKI-LANDSER-20221118,302270
ag681108-360545740,665000
ag681158-288866513,174000
ag751938-251032783,415000
ag670426-342305046,210000
ag681204-336974985,55000
immo-facile-50980172,90000
ag680286-299703816,189000
150944171,189000
ag681234-323949738,237000
ag671791-285606155,146500
hektor-MAYAIMMO2020-2077,393750
guy-hoquet-immo-facile-5590698,202400
orpi-1-054037E1QO1U,450000
immo-facile-45270823,152000
orpi-1-054932E1K6TC,132000
laforet-immo-facile-20777172,420000
ag680286-306300309,260000
laforet-immo-facile-17555496,128400
hektor-lifeimmo-1953,90000
safti-1-759081,249000
immo-facile-49488721,349520
ag681158-366252244,128000
immo-facile-44803560,294925
ag670426-342580641,319900
safti-1-873366,269500
hektor-girardi-pfastatt-3185,252000
apimo-7213810,429000
apimo-7089678,179900
ag681075-344219529,111000
mgc-357977848-RK_MSB_KINGERSHEIM_TM700,397000
hektor-MAYAIMMO2020-1890,255600
apimo-5455619,185000
guy-hoquet-immo-facile-5789543,195000
hektor-MAYAIMMO2020-2343,103000
safti-1-850337,162000
hektor-deuxmm-23,119990
hektor-MAYAIMMO2020-2112,156700
ag110472-377815120,136320
immo-facile-46589876,233000
guy-hoquet-immo-facile-5783340,56500
hektor-CGAIMMOBILIER-1116,210000
orpi-1-054037E1FIYY,832000
hektor-cdrieux-761,231000
orpi-1-054927E2EBK3,160500
ag681158-365685067,99900
immo-facile-40708075,484000
hektor-MAYAIMMO2020-2244,304500
ag681119-363125851,64000
hektor-generalimmo-2817,393000
ag681404-371752897,227000
rodacom-4331461,475000
ag680967-348713682,87200
hektor-girardi-pfastatt-2919,252000
ag681109-366245959,204000
ag681110-343373604,273000
hektor-sweethomeconseil-1108,360000
pericles-36004752,260000
ag671791-310088406,110000
orpi-1-054927E1Z5J9,259700
ag681237-383573297,207675
ag681119-312389885,275000
immo-facile-3299854,280000
ag681088-374575123,208000
ag680974-269407415,81000
snpi-5167462,980000
mgc-338020624-MS-220329-094643,398000
157403549,272520
ag681423-350012245,85000
visiteonline-p_5327916,163000
entities-1044602-2643924,1035000
mgc-354447849-C-KING-470-OS,456760
hektor-CGAIMMOBILIER-882,86000
ag681158-341240583,310000
ag681391-332215527,245000
rodacom-4334708,252500
ag340369-360985843,641500
ag681425-339690468,275600
ag671791-326370480,95000
hektor-sweethomeconseil-1106,372000
ag681391-361988971,397500
immo-facile-48719668,399000
160967647,259733
iad-france-861254,277000
ag340369-378764818,185000
gedeon-23682691,254000
century-21-202_3185_1115,149900
iad-france-944222,158000
immo-facile-adresse-13075205,285000
151655813,169000
hektor-agence-efco-immo-1557,457600
ag681360-350864083,343000
immo-facile-44148314,338000
orpi-1-054927E1FX2S,124200
ag671474-368932375,517000
immo-facile-51336764,294000
orpi-1-054928E1FOGJ,113400
ag681106-355060504,245000
ag681124-380271394,338000
ag681210-344957433,364000
hektor-MAYAIMMO2020-1940,258475
safti-1-695966,175000
apimo-4840050,355500
hektor-MAYAIMMO2020-2104,239000
ag681106-323477046,420000
ag671474-278314928,88000
ag681237-287015708,269900
ag680575-216030978,259000
hektor-moebel-immo-292,309000
ag681234-364785487,124200
hektor-cdrieux-803,293000
hektor-ELSASS2020-5211,169999
mgc-364632238-3110BARTENHEIM421JCTP100,397500
ag681332-316510143,186000
immo-facile-33859802,187600
ag681237-347155179,393200
ag671791-281283494,245000
ag681495-382710902,199000
orpi-1-054039E2BULV,184200
gedeon-24848552,228500
safti-1-764758,164000
147381075,119000
mgc-362252398-VM-BALGAU-20221012,458900
ag681106-363903103,315000
hektor-immolandismunst-1175,90720
ag681158-314311704,297000
guy-hoquet-immo-facile-2373075,482750
ag681158-364395076,434000
hektor-girardi-pfastatt-3039,252000
apimo-5066514,199000
orpi-1-054041E1YQK7,77000
orpi-1-054048E1YPXC,249310
orpi-1-054041E1KVKI,97200
ag671717-371144683,184000
ag671791-287926181,78400
hektor-agence-efco-immo-1491,143000
ag681237-334340919,269000
ag680967-355111714,141240
ag681158-364106533,97000
hektor-cdrieux-729,155000
hektor-generalimmo-2909,357000
rodacom-4554716,260820
hektor-alaingimmo-387,140000
ag681404-326620929,165000
ag681108-323837835,599000
mgc-335330241-RK_MSB_ROGGENHOUSE_TM620pp,389000
ag681158-362434264,471000
hektor-MAYAIMMO2020-1828,156600
ag671791-290483924,185000
immo-facile-38067292,189300
150944169,242900
ag681332-342045030,311225
ag681145-382818989,64500
guy-hoquet-immo-facile-4036074,132000
iad-france-1133348,184000
ag681154-256239757,240000
gedeon-26124768,238000
ag681103-241206009,82840
hektor-CGAIMMOBILIER-966,173250
orpi-1-054927E1FSCQ,225000
ag681237-338383797,158250
hektor-sweethomeconseil-1227,295000
immo-facile-49309814,319000
immo-facile-49651600,590000
hektor-generalimmo-3193,229000
hektor-CGAIMMOBILIER-1153,848700
ag440414-341834502,285000
149481811,182000
guy-hoquet-immo-facile-5666912,146200
mgc-286816332-SJ-210128-165251,484000
iad-france-863994,185000
ag681210-365060011,353600
orpi-1-054041E1VTNL,149800
hektor-CGAIMMOBILIER-1458,273000
century-21-202_3185_273,120000
ag680010-372253210,231000
apimo-5167748,580000
158553759,547175
guy-hoquet-immo-facile-5532413,95500
immo-facile-37130738,927000
immo-facile-49988964,208000
immo-facile-47228118,156000
hektor-girardi-pfastatt-3057,277000
mgc-360974839-MKI-HEIMERSDORF3-20221003,322026
immo-facile-44448932,683500
ag440414-353609938,219200
hektor-moebel-immo-107,369000
gedeon-24751951,272000
immo-facile-47966359,549000
hektor-PAQUIN2020-118,449900
safti-1-711413,349000
iad-france-1189547,325000
hektor-PAQUIN2020-13,309750
hektor-ghisimmobilier-1980,243000
hektor-generalimmo-3417,204000
ag681332-328569549,245000
orpi-1-054933E25ASS,163100
guy-hoquet-immo-facile-6051971,199900
immo-facile-37169438,254800
ag681237-315708759,491375
ag681158-313849728,87000
iad-france-731875,240000
entities-1044598-2749991,297000
iad-france-1263523,219000
mgc-340059138-HEIMERSDORF600LP4P,350500
hektor-girardi-pfastatt-2660,440000
hektor-robischung-2147,199000
ag671791-316228332,130000
iad-france-1215812,165000
135755815,214000
immo-facile-51602047,282900
147032685,96000
mgc-321179006-C-OBE-355-AG,242500
safti-1-781544,79900
guy-hoquet-immo-facile-60484,158000
ag681108-345597948,442000
ag681122-275892596,670000
ag670001-341768508,172800
safti-1-676177,69000
mgc-165885536_LE-SAINT-EXUPERY,268000
150741207,41400
guy-hoquet-immo-facile-6213548,156000
ag681124-317912859,538000
ag681237-290299760,129600
gedeon-23657423,230000
mgc-379166423-CWE-230316-144730,263000
mgc-294090192-SJ-210317-153648,288500
iad-france-1237352,280000
ag681158-308937531,175000
ag681119-315453686,223000
nexity-GB00169021,208000
hektor-girardi-pfastatt-3326,250000
orpi-1-054038E2IQ9Z,235000
hektor-agence-efco-immo-1577,387373
entities-1043690-3682705,306180
ag671474-353219737,395000
century-21-202_3377_647,66000
ag681391-357441370,360000
hektor-agfreyimmo-927,190000
hektor-5_lerosenberg-1179,285000
iad-france-1004150,70500
hektor-ag-orim-1171,128000
entities-1044601-2686997,649500
immo-facile-50430738,360000
hektor-lifeimmo-1989,392000
ag681104-379068829,409900
hektor-lifeimmo-2011,349800
entities-1043690-3683948,334620
ag680632-224216626,129000
hektor-MAYAIMMO2020-1192,311225
mgc-354905746-RK_MSB_SAINT-BERNARD_TM430_opt6,324000
hektor-MAYAIMMO2020-2024,230000
orpi-1-054048E25BIH,333900
157964849,435000
160968023,244185
guy-hoquet-immo-facile-5975973,50000
mgc-279262839-CWE-201202-150900,298000
adapt-immo-680081353,100500
ag681104-319391271,13000
safti-1-573026,115000
adapt-immo-68009445,173000
immo-facile-46996632,299000
immo-facile-adresse-12849752,139000
ag671474-381737911,90000
ag681158-255321537,182200
immo-facile-48352853,249038
149198187,258500
hektor-ag200136-3449,590000
laforet-immo-facile-20921543,165850
160967297,286500
hektor-girardi-pfastatt-2784,186000
ag681158-306890400,345000
adapt-immo-680091413,159900
immo-facile-51712792,220000
ag681110-270751016,132500
hektor-alaingimmo-311,260000
immo-facile-49065848,409500
ag681113-291329954,325000
immo-facile-43923806,197600
immo-facile-29723909,412000
rodacom-5020028,227402
immo-facile-3776886,135000
ag680286-309864291,100000
entities-1044602-2722706,757100
ag681494-360951973,288000
mgc-373803539-CWE-230125-154715,327000
ag681404-382522363,151200
orpi-1-054048E24QVO,199500
citya-immobilier-1273-TAPP422992,97000
ag681113-313717992,167000
immo-facile-32380560,85000
immo-facile-37078234,317000
hektor-CGAIMMOBILIER-1756,398000
immo-facile-49822018,123050
orpi-1-054041E1UH2V,244000
apimo-6084142,477000
ag681145-374459848,336000
guy-hoquet-immo-facile-79519,190000
ag681158-323752839,370000
hektor-5_lerosenberg-1940,228000
entities-1044601-2755588,646100
mgc-366222703-MKI-ROSENAU-20220806,472463
immo-facile-43422098,462000
ag681391-343130355,315000
immo-facile-35551317,161200
hektor-moebel-immo-243,267000
hektor-MAYAIMMO2020-1980,198200
ag680575-378021175,225000
immo-facile-50731577,249900
orpi-1-054041E1K8X4,169250
mgc-368910541-RK_MSB_CERNAY_TM500tplat,443800
ag681404-326621106,422000
immo-facile-49587627,139360
ag680286-379079980,165000
orpi-1-054036E1K1QJ,119500
ag671791-293016794,378000
hektor-immoplusalsace-2166,349900
ag681158-258865699,338000
nexity-GB00163037,135000
hektor-girardi-pfastatt-3049,299000
orpi-1-054927E26X5B,145800
immo-facile-51595227,185500
ag681108-332439858,498000
iad-france-1296531,398000
immo-facile-40711796,250000
gedeon-25217112,249000
132004625,195174
mgc-239088864-CWE-200214-163420,266000
ag681106-382611311,462000
immo-facile-44623305,341250
hektor-immolandismunst-1164,251450
immo-facile-50854416,456750
safti-1-524077,125000
ag671474-294653369,97000
mgc-342126793-CWE-220503-102544,259000
hektor-CGAIMMOBILIER-1148,219000
immo-facile-33849305,175000
ag681391-347002158,825000
adapt-immo-680091583,203000
safti-1-634049,359000
ag340369-381507388,201000
guy-hoquet-immo-facile-2531096,56400
guy-hoquet-immo-facile-5997536,149900
ag541392-329890452,213000
immo-facile-51717624,215000
ag671791-313474818,85000
hektor-MAYAIMMO2020-2166,193800
ag681158-360527932,510000
mgc-118756865_EK-SEP6-EK-SMA92-SEP6-EK-SEP6-EK-SMA92-SEP6,275200
hektor-immolandismunst-1099,192600
orpi-1-054038E1FYYQ,299000
ag671791-318817815,150000
ag671633-324459309,227537
ag671791-320906616,110000
guy-hoquet-immo-facile-5824596,425000
mgc-368888281-0812ASPACHLEHAUT720LB2P130,449500
iad-france-712888,235000
guy-hoquet-immo-facile-5477145,200000
guy-hoquet-immo-facile-5589043,265000
ag680575-181027552,298000
hektor-MAYAIMMO2020-2570,102000
hektor-LECEDREIMMO-8,168700
guy-hoquet-immo-facile-5811280,95500
rodacom-4479603,202000
iad-france-960000,147000
ag681104-274454324,165000
rodacom-4930309,276000
ag681237-368375578,633000
hektor-MAYAIMMO2020-1951,235000
hektor-PAQUIN2020-93,180200
apimo-3948866,70000
safti-1-795388,495000
immo-facile-34690865,392000
ag311656-376200277,210000
safti-1-757783,348000
immo-facile-52468549,290000
entities-1043690-3639117,331280
immo-facile-33773635,415000
160702405,317000
156194215,219500
entities-1043690-3711738,403050
hektor-CGAIMMOBILIER-902,367500
ag743447-324991488,78000
ag681158-360020101,243000
157949967,200000
keller-williams-1-34_1_40-114650,715000
ag671791-288660110,315000
mgc-118756865_RFBRUN502-RF111TPG2-RFBRUN502-RF111TPG2,445500
hektor-immolandismunst-1022,224700
151027641,120000
mgc-216600995-SJ-190916-085331,352000
nexity-GB00170024,103500
entities-1044602-2685963,708500
laforet-immo-facile-20951126,103500
laforet-immo-facile-21076117,224700
immo-facile-50689411,539900
orpi-1-054927E2F2L5,250000
guy-hoquet-immo-facile-3120362,130000
ag671474-315621261,435000
guy-hoquet-immo-facile-4525652,62000
ag671791-294574739,185000
iad-france-945060,289000
immo-facile-1990555,390625
157674277,160000
152507447,232000
hektor-3ROIIMMOBILIERE-974,93000
mgc-ancien-069484,76500
safti-1-821284,449000
iad-france-885182,219500
ag571342-340855275,367200
ag681237-300926106,418500
hektor-sweethomeconseil-1070,287500
hektor-1_lerosenberg-1396,150000
mgc-373778705-CWE-230125-102049,281000
155232671,242000
ag060811-373889560,275000
ag681237-368278276,149040
ag671791-289446314,67200
ag681360-351941593,140000
nexity-GB00139888,120000
entities-1044598-2685974,418000
ag681237-315708765,77000
ag681391-365796340,350000
hektor-sweethomeconseil-1210,215000
ag671791-311496576,447000
hektor-ghisimmobilier-1972,212000
guy-hoquet-immo-facile-2734737,170000
hektor-lifeimmo-1975,69000
orpi-1-054927E1FN9N,113360
hektor-lifeimmo-1789,38000
immo-facile-51109597,199000
century-21-202_3377_962,299500
hektor-MAYAIMMO2020-789,150000
orpi-1-054038E2C42D,95400
hektor-generalimmo-3269,333000
guy-hoquet-immo-facile-5762075,75000
hektor-sweethomeconseil-1060,182000
nexity-GB00111041,160000
ag681332-348834552,355000
152977353,181500
ag681109-366245968,353000
iad-france-1122061,398000
mgc-357418312-RUMERSHEIMLEHAUT594LPP120,365000
guy-hoquet-immo-facile-5588674,171800
ag671791-329838999,116000
immo-facile-48832225,105000
ag743447-324992100,498000
immo-facile-49807710,233200
hektor-CGAIMMOBILIER-738,169600
hektor-immo-wittenheim-3154,120069
ag681358-352522039,957900
ag671913-380092306,279000
mgc-363895830-C-KIN-90-OS-2,305000
gedeon-25119810,425000
orpi-1-054041E1Z40E,155000
immo-facile-43361260,140000
entities-1044601-2811540,583660
guy-hoquet-immo-facile-6234978,170000
guy-hoquet-immo-facile-6293987,190200
150943955,188300
mgc-323278199-CWE-211116-121145,238500
immo-facile-46213871,280200
safti-1-611310,89000
fnaim-46904421,99000
entities-1044599-2744400,445068
ag681108-284925671,117000
immo-facile-50816085,449000
ag680297-363181204,227800
ag681108-345435315,299000
ag671343-321309489,155000
iad-france-1194736,320000
ag681075-378773737,71000
hektor-cdrieux-780,118000
ag680010-308035617,110000
153625857,215000
rodacom-4890574,310000
iad-france-1041570,95000
hektor-CGAIMMOBILIER-1551,349650
mgc-319483539-VM-MORTZWILLER-21211210,313440
ag681404-365387590,130000
laforet-immo-facile-20058700,332000
immo-facile-43335493,375000
guy-hoquet-immo-facile-2533133,324900
guy-hoquet-immo-facile-4822915,265000
hektor-robischung-2713,277000
ag680575-284833661,173000
ag680254-347345418,91800
apimo-7074111,242000
apimo-5856664,272000
orpi-1-054041E1ODSH,171000
iad-france-858582,271000
159448779,314530
adapt-immo-680091608,572000
gedeon-26837132,262500
ag681075-342974001,346500
orpi-1-054038E2LCQ3,137000
apimo-4590985,88000
156863047,230000
guy-hoquet-immo-facile-5766397,132000
hektor-MAYAIMMO2020-2478,295000
orpi-1-054039E1YS3C,282000
ag671474-264499901,130000
160423291,395000
immo-facile-50449235,150000
orpi-1-054927E1LTU0,132600
nexity-GB00107994,190000
rodacom-4554699,123000
laforet-immo-facile-21094809,246100
entities-1044602-2781119,611700
ag681156-268922597,155000
ag680297-256068819,367500
orpi-1-054041E1EGC7,192600
pericles-36546072,210500
mgc-343802455-CWE-220517-155934,379000
hektor-generalimmo-3016,365000
immo-facile-35048216,192400
gedeon-24474824,442000
160967371,411600
hektor-girardi-pfastatt-2776,289000
hektor-girardi-pfastatt-2946,355000
ag681156-283954712,459000
iad-france-1198278,345000
ag681122-277284443,165000
ag680632-260485414,94300
guy-hoquet-immo-facile-5786584,483500
hektor-1_lerosenberg-1133,80000
rodacom-4403216,222800
guy-hoquet-immo-facile-4874425,169000
guy-hoquet-immo-facile-5691879,164000
ag680967-175811728,132000
entities-1044601-2666512,823100
orpi-1-054041E1K45T,165850
157215827,354765
orpi-1-054037E23SYT,188636
gedeon-25343864,175000
hektor-moebel-immo-70,262000
guy-hoquet-immo-facile-4928020,175000
ag681156-319196409,120000
ag680297-357480283,140000
orpi-1-054037E29O0L,119000
immo-facile-adresse-10658675,204000
ag681360-351941605,194200
guy-hoquet-immo-facile-2710348,148000
rodacom-5255996,530000
hektor-generalimmo-3340,149000
visiteonline-p_5230612,306720
immo-facile-34138279,162400
hektor-girardi-pfastatt-2788,102000
hektor-cdrieux-746,243000
adapt-immo-680081290,109000
159185275,313764
ag680633-275184119,126500
mgc-259849399-VM-SOPPE_LE_HAUT-2020717,249400
entities-1043690-3730525,495000
ag681108-326537115,315000
immo-facile-37632981,249600
immo-facile-3253415,202127
mgc-358817473-5KEMBS681JCTP125,565000
rodacom-4043153,141400
hektor-immo-wittenheim-3242,270400
ag681110-280277123,195000
rodacom-5107191,229700
mgc-380984595-C-HEI-531-85-AG2,306500
safti-1-843146,299000
ag681122-382864736,678000
immo-facile-47743176,319000
ag671791-319641933,150000
ag680254-236124309,105000
ag681237-345919908,175000
guy-hoquet-immo-facile-4525181,347500
hektor-girardi-pfastatt-2846,232000
hektor-MAYAIMMO2020-1979,349900
rodacom-4325318,302000
immo-facile-48249871,280000
orpi-1-054048E1YSZC,208650
apimo-7414869,339000
immo-facile-3601663,249000
152977357,247500
hektor-moebel-immo-11,336000
ag681158-370014079,104500
immo-facile-45902094,297000
hektor-robischung-2601,190000
ag681444-350268334,159000
immo-facile-51021214,212000
ag671474-373068385,365000
ag681106-371363434,132000
immo-facile-51357717,265200
150241889,185500
entities-1044602-2722472,717600
iad-france-753947,148000
immo-facile-36863152,465000
hektor-sweethomeconseil-1279,445000
immo-facile-46642930,529000
safti-1-705587,160000
ag680010-341905911,460000
iad-france-1279588,329000
mgc-358051069-VM-UFFHEIM-2022912,494900
ag681158-285013397,472000
hektor-CGAIMMOBILIER-1773,357000
immo-facile-49454700,119900
ag671791-298133124,230000
ag681158-347804118,151000
entities-1043690-3676731,341810
155537277,147000
iad-france-1087200,335000
hektor-mhimmobilier-1394,190000
ag340369-288475037,260000
immo-facile-39707882,190000
ag440414-380693449,260000
ag671791-324715833,95000
ag671791-301205367,447000
orpi-1-054037E20U80,624000
mgc-258603786-MS-200709-104927,274500
hektor-generalimmo-3220,328000
apimo-7666729,819000
hektor-immo-wittenheim-3327,193000
safti-1-646979,199000
ag681104-363901903,249000
immo-facile-37632074,167400
ag681158-311865783,225000
immo-facile-adresse-12426273,162000
orpi-1-054039E1CICW,189000
hektor-immo-wittenheim-3120,239200
mgc-374011223-SJ-230127-091227,303500
ag671791-282666371,315000
mgc-358030940-CWE-220912-112559,238000
iad-france-993525,225000
entities-1044601-2795075,690600
immo-facile-50160546,255000
ag671791-314292978,240000
iad-france-994571,250000
gedeon-23953460,86400
immo-facile-49329673,220000
rodacom-5151604,179000
iad-france-1169452,119000
guy-hoquet-immo-facile-2945097,576000
135755855,328200
mgc-338051403-cf-mas-plein-pied-lot-,265800
mgc-330798940-MS-220125-094234,310000
160156167,311500
immo-facile-47729238,64800
ag680824-319029210,273000
ag681391-330720003,106000
mgc-304452483-cf-traubach1000m2B2,444400
ag671791-328150182,110000
ag680297-332334438,237000
ag681145-383218610,209000
hektor-moebel-immo-262,167000
ag681145-368793271,75000
hektor-generalimmo-3410,237000
immo-facile-2345026,132979
immo-facile-40088587,341250
guy-hoquet-immo-facile-2787796,177000
guy-hoquet-immo-facile-4883568,99000
orpi-1-054048E1NDEV,172000
ag440414-294101861,185000
ag681156-356340796,128000
hektor-MAYAIMMO2020-2361,369250
ag671913-382378903,290000
ag671791-287402273,98000
158728237,201500
hektor-girardi-pfastatt-2693,232000
ag681158-379523560,310000
safti-1-861263,249500
rodacom-4789586,260820
iad-france-1211820,259000
immo-facile-50465911,150000
154265281,139900
guy-hoquet-immo-facile-5797060,56000
orpi-1-054928E1ECKH,130000
guy-hoquet-immo-facile-4036669,135000
hektor-robischung-2493,191000
guy-hoquet-immo-facile-3335750,141000
ag680286-266045375,80000
iad-france-940330,116000
ag681110-258613465,355000
ag681425-344276007,182310
147008205,220500
ag671791-297132042,55000
immo-facile-48173583,207000
ag681204-349398354,60000
hektor-MAYAIMMO2020-1972,498000
guy-hoquet-immo-facile-2366845,234000
immo-facile-43724374,230050
immo-facile-adresse-11822521,219000
entities-1044599-2710817,331000
hektor-generalimmo-3127,203200
ag681120-350022874,259900
ag681158-308764638,437000
hektor-sweethomeconseil-1280,119900
immo-facile-35774640,199680
immo-facile-51649660,139000
ag680633-240606670,104900
mgc-307662587-SJ-210629-162626,378000
immo-facile-49082612,74800
hektor-immoplusalsace-2192,315000
entities-1044599-2802871,279850
ag681158-264752213,249000
guy-hoquet-immo-facile-5749499,104500
guy-hoquet-immo-facile-6007628,359000
ag680575-284833562,235000
guy-hoquet-immo-facile-5863262,192300
safti-1-682866,240000
entities-1043690-3587814,314315
entities-1044602-2807086,647000
hektor-ghisimmobilier-1987,345000
apimo-7211633,321000
citya-immobilier-36-TMAI132302,543000
safti-1-830318,45000
hektor-girardi-blotzheim-2284,258570
hektor-girardi-pfastatt-2735,371000
orpi-1-054933E2CEPB,215000
apimo-6798810,240000
immo-facile-51688273,676000
hektor-sweethomeconseil-1331,154900
immo-facile-47563136,178000
immo-facile-47880204,397000
ag681088-378773665,98000
iad-france-1342400,189900
ag680632-242381170,94300
adapt-immo-680091444,199000
immo-facile-47554681,410000
ag681391-343686744,636000
safti-1-647834,229000
160538069,395590
ag681088-361465720,555000
guy-hoquet-immo-facile-2207669,127000
mgc-382473348-C-GUE-528-105-OS5,409048
guy-hoquet-immo-facile-5741819,183900
151847183,215800
hektor-agfreyimmo-931,278000
hektor-MAYAIMMO2020-1751,280000
orpi-1-054927E26YRY,218000
ag681404-374465971,263750
rodacom-4369227,245000
entities-1043690-3577357,487035
hektor-3ROIIMMOBILIERE-961,66000
hektor-MAYAIMMO2020-1830,86000
hektor-MAYAIMMO2020-791,205000
iad-france-1184268,312000
ag681423-374290348,195000
safti-1-788294,127000
hektor-MAYAIMMO2020-2295,613600
hektor-CGAIMMOBILIER-751,245000
ag681103-356413455,169000
155279695,124000
ag681204-372098761,410000
immo-facile-52337957,122200
guy-hoquet-immo-facile-2716818,285000
immo-facile-49329075,83000
ag681391-365796268,315000
nexity-GB00111129,58000
ag681110-347269866,128400
apimo-6884640,273000
ag681145-376583722,214000
ag681237-373138720,151200
iad-france-1195182,270000
hektor-robischung-2202,312500
ag671474-248370061,389000
immo-facile-52369524,90000
century-21-202_3185_1430,266500
immo-facile-51634824,240000
rodacom-4886928,228200
ag671717-371144737,284000
hektor-ag-orim-1091,365000
apimo-4435544,205000
ag681120-331138929,459000
153331885,173196
immo-facile-50349929,416000
mgc-357977842-RK_MSB_MANSPACH_TM860moy,392000
hektor-sweethomeconseil-1197,225000
entities-1043690-3634381,309570
mgc-118756865_RFMERX361-SMART1-1-1-RFMERX361-SMART1-1-1,274600
ag681237-277454552,395651
hektor-generalimmo-2931,176000
immo-facile-2180739,335000
hektor-mhimmobilier-553,199000
ag671791-317865036,130000
hektor-robischung-2462,293000
ag681391-323976966,275000
ag681154-256239610,248000
ag680633-209674728,124000
hektor-MAYAIMMO2020-1864,420000
ag671791-286102121,75000
hektor-robischung-2100,366000
ag681154-335155188,268000
ag681156-357279298,525000
orpi-1-054927E2NDER,96300
immo-facile-39817551,440000
hektor-MAYAIMMO2020-1888,328000
iad-france-945558,225000
rodacom-3951342,128000
guy-hoquet-immo-facile-5972273,199900
rodacom-3229046,299000
hektor-ag-orim-1039,300000
orpi-1-054933E238XO,221000
entities-1044601-2629603,890520
132004617,162645
immo-facile-51269811,214000
146578137,206141
guy-hoquet-immo-facile-5518669,230000
guy-hoquet-immo-facile-5516777,150000
iad-france-1193891,135000
visiteonline-p_5135307,265000
ag671791-331383768,174000
orpi-1-054932E24BKA,180000
iad-france-1091591,158600
153724987,339000
guy-hoquet-immo-facile-5849734,265000
hektor-moebel-immo-190,472000
ag680575-298201830,185000
hektor-girardi-pfastatt-3297,101000
ag743447-370992001,169600
ag671474-375377074,229900
ag681237-329351661,437000
ag670426-343593627,235000
guy-hoquet-immo-facile-2735100,95000
rodacom-5119116,471000
immo-facile-44361532,228800
orpi-1-054037E1XGDR,169772
ag681158-315772716,174000
guy-hoquet-immo-facile-2334351,399000
ag302002-366524386,139000
orpi-1-054037E1CLPO,200000
ag680286-326790009,470000
ag681237-348059997,138500
mgc-372504922-MKI-ASPACH-230112,304200
ag680632-255351444,75700
guy-hoquet-immo-facile-5692944,130600
entities-1043690-3683129,298355
149234687,312900
mgc-319221405-AP-UFFHEIM-20211110,340000
150943761,226852
century-21-202_3377_483,151200
hektor-girardi-pfastatt-3090,247000
mgc-382187670-C-BAL-390-85-AG2,287500
apimo-82269233,551200
ag681158-377405722,263000
rodacom-4634418,260500
hektor-CGAIMMOBILIER-1762,316016
hektor-1_lerosenberg-1503,215000
hektor-5_lerosenberg-1634,241500
immo-facile-44261568,235000
ag671474-358641652,310000
orpi-1-054037E1LZL5,309174
guy-hoquet-immo-facile-5629950,83000
orpi-1-054927E2D2FV,66000
ag681104-370126453,60000
ubiflow-easybusiness-226555138,322369
ag751938-303840147,240000
safti-1-827423,550000
mgc-377668881-C-ZAE-545-135-OS,411605
immo-facile-35449105,185000
ag681423-344591421,315000
ag671791-307511784,117000
ag680967-292219091,214000
immo-facile-51908624,479000
safti-1-623467,225000
145263381,279000
ag680254-273036872,210000
immo-facile-44680055,748000
orpi-1-054928E2NWE0,192000
adapt-immo-680091517,250000
ag680575-176911384,239000
mgc-361090921-ISSENHEIM550LB2P130,410500
ag681391-348508602,263000
mgc-339687639-Hochstatt630JC4P,533500
ag681237-338823063,234300
mgc-380667175-MKI-LUTT-230330,398500
immo-facile-37610630,720708
iad-france-1014334,215000
ag681088-362092129,229000
ag681391-350144674,795000
orpi-1-054041E223KI,129600
mgc-378174914-MS-230307-153518,330000
161377283,305000
ag681140-352914646,267000
mgc-227491890-pp-191127-094458,301740
entities-1043690-3888037,307100
ag681391-365797102,435000
ag680575-317398008,296625
hektor-3ROIIMMOBILIERE-982,89000
hektor-sweethomeconseil-1195,149000
mgc-378412119-C-ORB-570-105-AG,337800
160171237,310000
hektor-girardi-pfastatt-3045,142000
hektor-generalimmo-3020,469000
immo-facile-43100738,183950
apimo-6020918,620000
guy-hoquet-immo-facile-2730193,240000
orpi-1-054038E26T9M,106000
ag681210-347002701,453200
ag680632-280233518,139000
hektor-5_lerosenberg-2008,115000
hektor-lifeimmo-2027,108000
immo-facile-34082563,218400
hektor-MAYAIMMO2020-1836,430500
orpi-1-054038E1Y8EQ,198000
ag681158-349574460,299000
138435915,305500
orpi-1-054934E2L1ZD,192680
ag671791-319916202,160000
iad-france-1066353,149000
hektor-mhimmobilier-1261,262000
mgc-360441862-RK_MSB_WUENHEIM_TM366,348900
hektor-girardi-pfastatt-2795,131000
mgc-233316411-pp-200110-095403,324580
immo-facile-52179957,312000
ag671791-316649307,160000
ag681237-317446335,284000
hektor-amsignatureimmo-42,200000
ag681106-366940621,445000
entities-1043690-3800487,359200
mgc-330441028-C-ROR-770-AG,537000
safti-1-854390,244000
entities-1044599-2740095,315000
rodacom-4690567,251160
hektor-generalimmo-3118,284000
ag671913-371891431,299000
mgc-213643286-190827-085645,464000
hektor-immo-wittenheim-3080,239200
ag340369-334117449,229200
iad-france-987596,630000
hektor-girardi-belfort-2314,335000
guy-hoquet-immo-facile-5764428,150000
145773223,99500
hektor-girardi-pfastatt-2986,445000
ag681391-365911699,475000
safti-1-690606,109900
guy-hoquet-immo-facile-5741511,274300
iad-france-666273,235000
safti-1-575942,160000
immo-facile-49877820,514000
immo-facile-37586976,414000
ag681106-379764100,267000
ag681104-267706902,185000
mgc-369268773-C-OSE-096-AG,286000
apimo-4524298,280000
ag680824-300191097,267750
hektor-5_lerosenberg-1129,335000
ag681237-364410247,399000
ag680286-319562559,55000
rodacom-5117705,773800
rodacom-4593717,222000
ag681106-382703996,249000
hektor-ag-orim-1076,160000
apimo-4140829,282000
ag681404-369568444,131760
iad-france-852125,312000
guy-hoquet-immo-facile-5702007,339000
rodacom-4421253,365000
immo-facile-44228432,168000
ag681158-367082266,345000
rodacom-4006297,180000
entities-1044599-2725471,328000
mgc-378761684-pp-230313-105840,317670
ag681444-350144299,294925
immo-facile-46280923,295000
150296183,116500
entities-1044599-2813856,429000
ag681154-330997059,467250
entities-1043690-3772744,329000
hektor-5_lerosenberg-2021,380000
hektor-cpdelta-132,487000
safti-1-773459,743000
160770041,730000
hektor-immo-wittenheim-3054,258960
ag680575-338361954,161000
ag671791-319102680,79800
mgc-305825786-C-STA-600-B-SB,320400
nexity-GB00146819,119000
rodacom-4964042,288170
apimo-2791982,262500
orpi-1-054927E2EP12,130000
orpi-1-054934E2FGVY,348400
immo-facile-39706263,189800
mgc-381002902-MKI-TRABACHBAS-230403,319600
145883881,549900
ag301615-346087538,239000
hektor-generalimmo-3419,224000
hektor-MAYAIMMO2020-2414,109000
151216849,219000
iad-france-1316392,169000
151410791,219000
mgc-319636335-AP-MASEVAUX-20211410,291800
hektor-lifeimmo-1963,220000
mgc-232864401-SJ-200107-182246,322000
ag671913-324580323,135417
orpi-1-054927E2FHVA,212000
orpi-1-054927E1KBZ5,169000
ag681088-316660434,242000
ag681237-330492858,253900
hektor-lifeimmo-1910,75000
mgc-380746863-C-MUN-949-101-AG,451800
ag681122-331902546,367500
153331825,185000
mgc-374597172-C-BEB-092-AG,313900
mgc-379054502-pp-30315-161624,259319
hektor-robischung-2858,265000
orpi-1-054927E1J7G1,81000
ag340369-246797086,203700
immo-facile-37856348,156000
mgc-172247518,217800
mgc-366081379-Masevaux4202PLP,305000
ag681237-299041680,165000
ag681391-344073015,307400
hektor-robischung-2422,365000
ag670426-333513903,319000
mgc-333307228-MS-220216-104745,442000
immo-facile-45846838,298480
hektor-dagon68390-2403,99000
orpi-1-054039E1JM8H,237000
safti-1-732325,370000
hektor-immo-wittenheim-3215,199680
rodacom-4722492,74000
orpi-1-054036E27T4N,94500
158957321,272145
immo-facile-51837719,957600
immo-facile-47847723,353600
158794977,284900
ag750665-264131516,332000
hektor-moebel-immo-273,442000
mgc-359301715-ORBEY845LP4PPP,345000
160348951,160000
hektor-cdrieux-801,170000
ag671791-282401927,85000
citya-immobilier-36-TAPP419031,66000
entities-1043690-3772385,330345
ag681391-343130343,280000
iad-france-739777,199000
guy-hoquet-immo-facile-5974238,200000
guy-hoquet-immo-facile-2574581,68000
mgc-377830039-MKI-SPECHCAR-230303,420000
rodacom-4479617,204000
ag671791-320486499,150000
ag340369-347201064,477000
mgc-319636329-AP-HOCHSTATT-20211410,340000
iad-france-958211,196000
guy-hoquet-immo-facile-5824174,299000
rodacom-4323812,218000
ag681332-354344083,380000
iad-france-1048139,95000
hektor-cdrieux-618,374400
immo-facile-44366637,85000
immo-facile-47900788,119000
immo-facile-adresse-12956200,160500
ag681156-340044201,799000
hektor-robischung-2251,260000
hektor-agence-efco-immo-1907,249000
ag681156-252595231,189900
adapt-immo-680081330,212000
ag250493-280213511,549000
ag681237-295043816,169335
safti-1-614037,324000
entities-1044598-2758121,326300
apimo-7298100,388000
hektor-agencedelill-13058,342600
hektor-agence-efco-immo-1812,293800
mgc-361970320-MKI-WOLSCHWILLERLUM-20221010,375141
hektor-lifeimmo-2025,434600
ag680331-341457028,165000
hektor-girardi-pfastatt-3310,249000
ag681423-382597580,168000
ag340369-346362156,249500
immo-facile-48298158,230000
hektor-1_lerosenberg-1750,262500
hektor-amsignatureimmo-94,241500
entities-1044599-2708213,419068
ag681156-261376456,174900
immo-facile-46609201,233000
hektor-1_lerosenberg-1546,190000
adapt-immo-75008112541,829500
gedeon-22811465,770000
ag681106-378425056,265000
hektor-MAYAIMMO2020-2445,535000
158622573,202700
entities-1042950-3732974,576200
ag671791-302862306,447000
mgc-233326047-pp-200110-104645,241380
hektor-generalimmo-3129,169000
immo-facile-adresse-12274716,400000
iad-france-801917,185000
151105465,169000
entities-1044601-2699246,562400
ag670426-341503701,394000
immo-facile-33169994,189900
immo-facile-48821173,480000
rodacom-5224985,60000
ag681391-367850800,199000
hektor-CGAIMMOBILIER-1145,165000
ag681088-375844663,181000
immo-facile-39566610,153900
orpi-1-054048E1K1NO,231000
ag680632-255638068,99600
mgc-258457491-SJ-200708-164514,249900
ag681120-324488121,318000
hektor-girardi-blotzheim-2715,599000
apimo-8158328,158104
mgc-369275584-WESTHALTEN-VM-1212,288000
immo-facile-42158412,39800
adapt-immo-68009965,257000
immo-facile-46263225,374000
ag681158-318271842,535000
guy-hoquet-immo-facile-5777233,82500
hektor-immo-wittenheim-3167,291200
entities-1044602-2740100,1000540
guy-hoquet-immo-facile-5548258,199900
160967295,242500
mgc-230875989-CWE-191220-111427,435000
ag670426-335722230,289000
entities-1044599-2637214,364200
mgc-359983204-MKI-WUENHEIM-20222609,436387
apimo-3732041,179500
orpi-1-054932E1RE2H,319500
apimo-4425494,195000
immo-facile-47864293,185000
rodacom-5178810,258000
hektor-immo-wittenheim-3055,258960
hektor-girardi-pfastatt-3322,292000
iad-france-952595,369000
hektor-cpdelta-180,280000
ag340369-305226969,236000
ag681106-366839878,455000
ag681158-372045340,590000
iad-france-1264518,118000
immo-facile-52492099,450000
iad-france-992713,292000
hektor-ELSASS2020-1724,389000
hektor-cdrieux-862,150000
ag671933-344245116,372750
immo-facile-34014149,457500
laforet-immo-facile-21289910,123050
gedeon-24020731,397000
ag681120-367587478,319000
ag671791-321577524,174000
orpi-1-054927E1YMFH,214000
orpi-1-054927E1QPLG,314800
century-21-202_3377_490,206700
ag681088-358346209,349000
gedeon-23084006,572000
hektor-MAYAIMMO2020-804,159900
entities-1043690-3800673,336260
ag681156-261726253,873600
hektor-mhimmobilier-1243,357000
orpi-1-054927E1NAVX,65000
hektor-MAYAIMMO2020-2026,57000
orpi-1-054927E1R8UJ,394000
guy-hoquet-immo-facile-4954112,73500
hektor-LECEDREIMMO-221,490000
immo-facile-51519129,209000
immo-facile-49787816,288750
guy-hoquet-immo-facile-2691611,160000
iad-france-874554,194000
hektor-robischung-2421,299000
ag681391-361581646,480000
guy-hoquet-immo-facile-6016655,187200
ag671474-249312562,210000
apimo-5063179,82500
hektor-1_lerosenberg-1646,239000
ag681108-318700437,337000
immo-facile-51169488,79000
hektor-MAYAIMMO2020-2099,241000
immo-facile-35200220,324900
ag671791-283067402,185000
146033097,30000
ag681124-339690123,285000
ag681391-333327084,189000
safti-1-854141,289000
ag681156-297673239,625000
hektor-generalimmo-2728,328000
hektor-agence-efco-immo-1859,315000
ag681358-316275267,153340
hektor-agence-efco-immo-1788,390200
apimo-4560092,173340
ag681237-321651774,165075
ag671791-356222239,289300
immo-facile-50635453,150000
131641319,137000
ag681120-375330229,268000
mgc-373487902-VM-SENTHEIM-2023122,440000
immo-facile-48978641,343200
ag681156-277742918,740000
guy-hoquet-immo-facile-4294119,119600
immo-facile-35732150,60000
hektor-dagon68390-2422,165500
hektor-girardi-pfastatt-3184,335000
immo-facile-49108019,273500
157949931,260000
immo-facile-49659313,349900
orpi-1-054036E2ENY1,173350
orpi-1-054039E1LLU2,295000
154162477,315000
orpi-1-054039E1JG6S,245000
mgc-368790177-CWE-221102-155147,299500
ag680254-343015884,165850
immo-facile-38461034,183600
iad-france-740552,95000
entities-1044602-2659190,723000
immo-facile-38980265,320000
immo-facile-47562760,170000
ag681158-348060132,227000
160512375,299500
ag680010-248910361,315000
snpi-5138618,249900
157949909,250000
ag681158-357925843,128000
orpi-1-054038E1Y1PU,169000
guy-hoquet-immo-facile-6033052,192300
citya-immobilier-36-TAPP424494,77700
rodacom-4549792,276000
hektor-MAYAIMMO2020-1976,145000
ag681391-346983216,371000
161295583,554000
iad-france-697651,149000
immo-facile-27638512,291200
gedeon-22642280,134000
orpi-1-054041E1K7AJ,139750
hektor-immoplusalsace-3315,199900
immo-facile-47499445,325000
ag340369-246807019,320395
entities-1042950-3896020,352764
ag680010-222020026,470000
ag680575-284833604,238000
ag671933-345929916,378290
gedeon-24923762,321000
mgc-284796861-210114-173236-MS,267900
rodacom-4554700,177000
hektor-robischung-2470,220000
mgc-333192984-cf-mas455opt1,267150
mgc-358817524-2ASPACH750LP2P100,296000
rodacom-4475068,242000
mgc-172600628,371900
mgc-286251941-RK_MSB_BLODELSHEIM_TM827Ma,368700
ag671791-328150416,95000
mgc-360886378-RK_MSB_REGUISH_TM480lib,389700
gedeon-22971716,179000
ag681444-345964065,148400
hektor-girardi-pfastatt-3065,282000
immo-facile-49810735,436800
ag681391-360638128,646600
entities-1044602-2807094,775000
ag752451-338250171,164406
orpi-1-054928E1QPDD,285000
ag671791-327670443,95000
hektor-girardi-pfastatt-3388,299000
immo-facile-51660937,146700
ag670426-343593756,258400
iad-france-1194124,298000
orpi-1-054932E1QRBM,231000
ag671791-281439980,523000
rodacom-3708719,226000
ag681158-346313943,347000
guy-hoquet-immo-facile-6058395,110400
hektor-MAYAIMMO2020-2010,199500
gedeon-24148764,302000
ag681237-381833752,393750
ag440414-335964147,333000
orpi-1-054927E1TNFQ,259800
immo-facile-42373648,294000
immo-facile-34694940,125000
hektor-immo-wittenheim-3153,165240
entities-1043690-3706217,310200
rodacom-4497474,199000
orpi-1-054048E2IQCD,229950
ag681108-279085937,161100
hektor-alaingimmo-426,180000
entities-1044602-2766745,792600
ag671791-305219124,230000
hektor-cpdelta-183,92000
immo-facile-41000469,64800
safti-1-634048,133750
160667291,234100
ag671913-346801962,290000
hektor-LECEDREIMMO-214,478000
immo-facile-adresse-11036663,98100
mgc-380986947-C-HEI-531-84-AG2,309500
hektor-immoplusalsace-2114,239000
ag681106-318431970,295000
hektor-MAYAIMMO2020-2161,525000
hektor-girardi-pfastatt-2934,89000
mgc-165885536_NATUREO,244000
citya-immobilier-36-TAPP433457,101200
safti-1-688766,318000
ag681237-373833199,290125
guy-hoquet-immo-facile-5534464,318000
hektor-girardi-pfastatt-2965,257000
immo-facile-51422652,146000
ag671791-313375896,227900
mgc-369842434-RK_MSB_SOULTZ_TM370,279800
ag681158-379186387,237000
safti-1-642823,65000
ag670426-343593747,169350
ag681106-324382425,320000
safti-1-565349,300000
entities-1042950-3831671,382359
ag681104-289623248,220000
apimo-82284431,233000
158957335,409000
ag671474-269802392,279848
immo-facile-48514457,230000
nexity-GB00162536,102900
159581527,188025
immo-facile-48122638,217000
ag681494-380001604,85000
pericles-36850481,188500
ag681110-334389054,305000
ag681158-353708548,352000
ag681075-350570254,350000
ag681158-326548830,145000
hektor-PAQUIN2020-65,273000
ag681158-333995484,148000
gedeon-26124769,319000
157972967,119000
mgc-336259221-EK-140322-Soppeht-Librea,391219
immo-facile-44376578,320000
ag340369-348075504,311000
apimo-82205102,217000
immo-facile-48112068,66000
ag681113-292006646,130000
ag680254-340567875,250000
ag681055-353219731,598000
hektor-lifeimmo-1803,89000
hektor-ag-orim-1037,498000
immo-facile-47563305,368000
ag681332-364912945,728900
ag671791-305552799,447000
immo-facile-46670107,239200
ag681119-369646609,295000
immo-facile-adresse-11913987,116630
ag680633-208137516,130000
ag680010-278688926,71500
mgc-382465525-CLM-JEBSHEIM-2023327,294030
hektor-cpdelta-147,398000
160538077,325500
mgc-368370811-VM-MASEVAUX-2022122,431500
immo-facile-52316921,182000
orpi-1-054927E2NFU2,200000
157544343,368415
ag671791-306453981,174000
immo-facile-2288279,339361
guy-hoquet-immo-facile-5674976,131100
hektor-CGAIMMOBILIER-588,211000
hektor-agence-efco-immo-1855,312700
ag680297-253968099,324200
safti-1-787957,76000
ag681237-346008312,149900
hektor-generalimmo-3009,212000
nexity-GB00166730,78000
immo-facile-37642889,200000
immo-facile-42159661,130000
immo-facile-3456866,445000
hektor-agence-efco-immo-1702,265000
ag250493-260339368,809000
ubiflow-easybusiness-215201838,198000
citya-immobilier-1273-TAPP416912,66000
ag680297-271978487,218500
pericles-36042609,239356
iad-france-925284,245000
ag671791-380998849,277000
safti-1-779389,171000
hektor-lifeimmo-1715,217000
immo-facile-52271375,95000
orpi-1-054037E1YG9T,239000
hektor-generalimmo-3243,169000
ag671791-285088568,498000
ag301615-344033642,268000
orpi-1-054934E2JZLH,99000
immo-facile-47958781,465000
guy-hoquet-immo-facile-5517644,85000
mgc-108339564,476500
mgc-293676521-RK_MSB_BATTENHEIM_TM449,274900
entities-1044599-2703284,353068
hektor-MAYAIMMO2020-2571,270000
iad-france-1068748,176500
orpi-1-054041E1JL1Y,180000
entities-1044601-2747300,736800
entities-1044601-2699247,649900
ag753274-332265822,390000
161402837,232622
ag681158-361168486,159000
ag681109-358968193,619000
guy-hoquet-immo-facile-5683123,110200
hektor-mhimmobilier-1303,75600
orpi-1-054927E2AK2I,430000
ag671791-301060575,159000
mgc-348083019-MKI-HEIMESDORF-2022206,297304
hektor-CGAIMMOBILIER-1098,399000
ag681237-326808087,75600
apimo-8049770,400000
ag670426-335000334,273500
hektor-cdrieux-725,259700
adapt-immo-680091380,199000
ag681234-319102497,51000
orpi-1-054048E1W9YC,129600
ag681158-321783957,340000
immo-facile-49803678,550000
151357049,210000
century-21-202_3377_824,149000
immo-facile-51337430,323900
apimo-8158415,250000
ag670547-235959694,222000
ag681332-328788252,145800
apimo-5794681,172000
hektor-sweethomeconseil-1270,308000
ag681088-361727167,262000
guy-hoquet-immo-facile-2601925,379000
iad-france-1312783,299000
immo-facile-3424925,168000
immo-facile-47932324,332800
ag681158-312314565,299000
159352305,358200
157901239,426220
laforet-immo-facile-21412633,270000
mgc-242113905-pp-200305-102347,221300
ag681210-334842621,249600
149184983,210000
mgc-177037039,585000
ag670426-333335103,273500
apimo-6519386,650000
ag671791-355517353,102600
immo-facile-46943163,372000
rodacom-4690570,110000
ag750949-324819120,299000
ag681404-354319711,844000
iad-france-834146,169000
160627525,372015
ag671791-306924840,230000
ag680254-346567065,220000
immo-facile-48114907,465700
ag681145-381014023,399000
mgc-379047445-MKI-ILLFURTH-20230315,426500
ag743447-331914282,343200
ag681237-277454546,197000
immo-facile-51339706,389000
ag681113-298854627,189000
guy-hoquet-immo-facile-2710763,348000
hektor-girardi-pfastatt-3062,395000
guy-hoquet-immo-facile-5701780,317200
hektor-immo-wittenheim-3332,401000
apimo-8226054,370000
ag681104-264301791,155000
ag671474-347687670,585000
ag680575-284833667,161000
ag671791-332551404,260000
citya-immobilier-1273-TAPP447025A,169000
hektor-girardi-pfastatt-2842,315000
iad-france-1050295,175000
immo-facile-45337187,348576
ag440414-319286622,139990
hektor-LECEDREIMMO-111,450000
hektor-girardi-pfastatt-2786,139900
hektor-girardi-blotzheim-2782,340000
hektor-lifeimmo-1955,318000
immo-facile-50486073,109900
orpi-1-054041E2GSZO,240000
orpi-1-054048E1ZZL5,190800
mgc-339788900-C-BUR-360-B-OS,244000
ag681494-372203548,357000
hektor-3ROIIMMOBILIERE-888,139000
ag681391-365796508,400000
guy-hoquet-immo-facile-6066116,451000
adapt-immo-680081314,235000
orpi-1-054927E25GR4,167000
gedeon-23921509,530000
ag672004-357119428,75000
ag681156-379188655,411000
guy-hoquet-immo-facile-2728438,251108
iad-france-1135180,216500
ag340369-364760413,346500
mgc-317156744-SJ-210923-112415,349000
hektor-lifeimmo-1861,66000
immo-facile-52369444,275000
mgc-363891400-2510HOCHSTATT1000LP4P,555505
hektor-girardi-pfastatt-2691,335000
hektor-CCLAUSSColmar-40,399900
immo-facile-44768475,182000
rodacom-5243035,398000
ag671791-287585381,105000
immo-facile-adresse-10550701,243000
ag670547-257047663,320000
ag681237-359459047,89100
immo-facile-52307214,370000
ag681391-365796853,445000
160782753,248000
mgc-382507981-RK_CERNAY_-TM562_TPL,409800
immo-facile-40157237,395000
hektor-mhimmobilier-1393,231000
ag681158-290929925,572000
ag680633-214666635,119500
160967289,257700
safti-1-599707,279000
guy-hoquet-immo-facile-2549009,76500
guy-hoquet-immo-facile-5732940,275000
ag681391-365796658,459500
ag671791-291021173,229000
ag681237-366893800,289900
guy-hoquet-immo-facile-2314565,306000
hektor-amsignatureimmo-62,149800
161682225,162550
immo-facile-47694130,366500
immo-facile-46086507,129600
immo-facile-47554526,99000
guy-hoquet-immo-facile-3870434,110000
hektor-MAYAIMMO2020-2504,213000
ag681156-381819223,185000
gedeon-22503554,124000
immo-facile-50565963,169500
ag671791-292177217,95000
mgc-360972611-SJ-221003-150752,351500
ag681106-321939267,175000
ag751938-378903709,480000
ag671791-319513713,263000
mgc-319221408-AP-SOULTZ_HAUT_RHIN-20211110,285000
immo-facile-51101232,317200
orpi-1-054932E2BRBJ,119000
hektor-CGAIMMOBILIER-696,166000
ag681158-327251592,81000
ag681391-374517106,335000
iad-france-922949,183000
iad-france-1279964,230000
156968959,200200
immo-facile-47877900,468000
ag681158-258681082,567000
safti-1-818664,209000
apimo-4376021,395000
immo-facile-50606301,319000
entities-1043690-3771476,325530
rodacom-5261668,799000
guy-hoquet-immo-facile-2974780,180000
ag681158-310888371,55000
ag681104-286765166,200000
hektor-LECEDREIMMO-97,222000
ag671791-294238292,78400
guy-hoquet-immo-facile-4528533,110000
orpi-1-054934E2CBJ3,167900
entities-1044598-2713083,433580
immo-facile-49241286,790000
guy-hoquet-immo-facile-5604819,53000
ag670640-238854799,430000
mgc-304144266-EK-060221-Heimer_lot_D-ID416,283670
orpi-1-054933E2IMGT,856000
mgc-349010310-MKI-HEIMERSDORD-20222706,379495
ag681154-296051175,184800
155065197,205600
immo-facile-49306693,490000
mgc-364632259-3110BARTENHEIM800JCTP130,555700
orpi-1-054038E1ZK6U,172000
entities-1044601-2631207,611400
ag681156-252595225,209900
entities-1043690-3683477,357860
safti-1-778518,315000
iad-france-1184785,280000
laforet-immo-facile-21484807,108500
laforet-immo-facile-18329606,326350
ag743447-324987294,192000
hektor-girardi-pfastatt-2576,215900
ag681237-318061296,185000
ag681088-357762037,220000
ag680254-346567059,252000
160646769,231940
ag681158-361260451,107000
entities-1042950-3869211,353363
hektor-PAQUIN2020-115,162000
ag681104-363901906,312500
hektor-immolandismunst-1142,249000
guy-hoquet-immo-facile-4880010,260000
guy-hoquet-immo-facile-2733035,56000
hektor-cpdelta-110,115000
immo-facile-18120594,64800
iad-france-971471,400000
hektor-ag-orim-1069,149000
rodacom-4470289,110500
ag671791-318273807,174000
hektor-girardi-pfastatt-3054,96000
152059531,242000
hektor-agence-efco-immo-1866,539900
mgc-378415077-C-ORB-570-85-AG,322800
ag680775-382435618,97000
hektor-girardi-blotzheim-2502,150000
guy-hoquet-immo-facile-6368331,286500
ag681332-318868017,277000
immo-facile-27231229,291200
hektor-sweethomeconseil-1170,289700
immo-facile-2228592,300000
hektor-MAYAIMMO2020-1959,229000
ag681113-313400976,284000
guy-hoquet-immo-facile-5757363,149400
immo-facile-45446240,274000
ag680575-335053728,264000
mgc-377009807-pp-230224-102036,274672
immo-facile-52258373,182000
apimo-8158466,580000
guy-hoquet-immo-facile-5033217,146900
safti-1-633109,269000
iad-france-1342817,205000
immo-facile-45940345,130000
hektor-girardi-pfastatt-3119,124900
ag680632-231174667,214600
ag671633-320661498,238863
guy-hoquet-immo-facile-5027158,131200
ag680632-233516869,70000
156266813,130000
guy-hoquet-immo-facile-5520768,297000
century-21-202_3185_1280,197000
ag681237-367465813,234300
immo-facile-48112191,310000
hektor-alaingimmo-430,136500
guy-hoquet-immo-facile-5815829,369000
ag681119-314385869,120000
guy-hoquet-immo-facile-2605657,499000
ag681108-360164539,198000
immo-facile-43779375,199680
ag681108-288304826,180000
160967965,275100
rodacom-4807245,134000
ag671791-294900422,299000
immo-facile-2036016,139900
hektor-MAYAIMMO2020-2549,224000
guy-hoquet-immo-facile-5966897,308000
guy-hoquet-immo-facile-5997847,83000
ag671791-299944335,55000
apimo-3423195,202083
hektor-agcinqpattes-59,197000
rodacom-5205765,238000
immo-facile-49826020,150000
hektor-immolandismunst-1086,172800
mgc-383183581-pp-230424-090748,245100
hektor-generalimmo-2740,229000
mgc-118756865_GILWAHLB5-SIER1746TP-GILWAHLB5-SIER1746TP,365000
ag681158-297139179,225000
ag681391-365797021,464000
iad-france-1207668,279000
immo-facile-35973480,176800
ag681158-338984358,438000
ag751938-381003850,240000
iad-france-1225516,165000
ag671791-335392266,116000
hektor-PAQUIN2020-156,545000
ag680824-373964602,203000
ag681108-339414876,429000
ag333747-326067768,141000
hektor-CCLAUSSColmar-160,478000
iad-france-1094050,244000
adapt-immo-7401422134,141000
115977447,186000
ag681391-333486504,520000
orpi-1-054047E1JG61,129600
ag743447-378098653,272000
rodacom-5188626,241000
iad-france-1132199,91000
ag681088-323861670,315000
mgc-183553455,208000
hektor-3ROIIMMOBILIERE-1004,110000
orpi-1-054037E221OS,246684
rodacom-4759758,77000
mgc-354811610-SJ-220816-184700,349660
nexity-GB00101429,114200
ag681158-367866478,305000
ag681425-351942625,350000
immo-facile-adresse-10958636,220000
immo-facile-46905573,119800
mgc-177037403,190500
safti-1-658571,172000
iad-france-734990,99900
mgc-333968478-EK-220222-Heim-LotB-Novelle,359500
ag680632-261734284,52800
orpi-1-054927E1FO50,341250
iad-france-1324037,220000
hektor-agence-efco-immo-1767,296900
safti-1-590028,69800
guy-hoquet-immo-facile-3256915,219000
ag680632-263072348,163100
immo-facile-47562971,250000
ag340369-383015333,1102500
ag680775-358327099,397000
161147643,310000
ag681391-332216169,495000
hektor-ELSASS2020-1723,345000
hektor-girardi-pfastatt-2774,380000
hektor-MAYAIMMO2020-1974,239625
hektor-sweethomeconseil-1155,256800
ag681158-341786385,331000
gedeon-26762808,676000
immo-facile-51363747,182000
mgc-374287931-pp-230130-100018,279770
guy-hoquet-immo-facile-4525300,363000
rodacom-5055164,385000
immo-facile-37203988,208000
apimo-8158442,287000
158636129,230000
ag681154-252828070,175000
rodacom-3228925,279000
ag680632-204116433,118000
ag681103-356414340,155000
ag681391-382048270,699000
iad-france-1321744,270000
ag681237-367111171,170400
ag680633-264774650,325000
ag681332-357797494,82000
153331913,321000
ag670640-231097996,430000
nexity-GB00128457,100000
ag681156-326066781,159900
mgc-142911782,310000
immo-facile-48395917,110000
156288887,274700
161402839,241200
immo-facile-43109265,343200
rodacom-4549859,141000
ag440414-301397301,267000
immo-facile-49357019,343000
immo-facile-adresse-12872104,150000
nexity-GB00166183,119500
ag681106-359232289,180000
safti-1-584169,250000
158569273,253500
ag681391-333710400,189000
ag681145-325828110,270000
hektor-agence-efco-immo-1481,349000
ag681156-347274615,182000
hektor-MAYAIMMO2020-1771,419000
immo-facile-50127384,310000
orpi-1-054048E1PL5E,187000
ag440414-336002649,225000
iad-france-1282088,267800
immo-facile-2385962,372340
apimo-7193135,650000
ag681158-350102932,258000
ag681237-312772092,193830
hektor-generalimmo-3281,130000
iad-france-1220995,298000
immo-facile-51150076,340000
immo-facile-42373600,184166
hektor-PAQUIN2020-124,416000
immo-facile-3283040,244680
guy-hoquet-immo-facile-5795705,325000
ag671791-284619764,146500
hektor-generalimmo-3137,190000
ag680633-382977621,121000
ag681120-356367367,232100
safti-1-722501,349000
entities-1043690-3587699,344735
144849393,260000
rodacom-4689937,332850
hektor-immo-wittenheim-3201,299520
ag681237-353180269,155000
ag671791-311840478,130000
ag671791-284775770,78400
hektor-ifeaimmo-2138,133000
159027383,180000
ag670547-329090133,335000
hektor-1_lerosenberg-1979,230000
rodacom-4638138,217000
gedeon-25096571,244000
hektor-PAQUIN2020-35,341250
immo-facile-52471952,282900
immo-facile-46808749,90700
ag681495-376672492,189000
158569275,374900
iad-france-1091084,119500
iad-france-744241,89000
ag340369-349030989,336000
immo-facile-51499529,161200
iad-france-857163,299000
ag671791-316649385,65000
immo-facile-3226287,319149
hektor-MAYAIMMO2020-2533,453650
hektor-mhimmobilier-1289,225750
iad-france-1042795,750000
apimo-2919910,62500
safti-1-623717,189000
161402831,212740
immo-facile-52102863,375900
ag671791-319916412,79800
hektor-CGAIMMOBILIER-747,190000
orpi-1-054934E2ECYP,56100
ag681237-375842347,239650
ag681158-357780286,142000
mgc-118756865_RFRUM526-RF92P2GA-RFRUM526-RF92P2GA,335000
mgc-177145382,221500
mgc-199621789,261900
immo-facile-51686027,593000
guy-hoquet-immo-facile-2366800,88500
ag681104-274454303,225000
mgc-369251475-C-ISS-96-AG,299500
ag681158-319766160,510000
hektor-MAYAIMMO2020-2140,165000
immo-facile-51151817,577000
hektor-MAYAIMMO2020-1638,358000
ag681158-349574454,284000
orpi-1-048931E0OQ9T,150000
mgc-118756865_GGATTEN816-GGBUBENATT-GGATTEN816-GGBUBENATT,529000
immo-facile-49571865,300000
rodacom-5104195,325450
ag671474-262231210,170000
mgc-360650503-VM-ILLFURTH-2022289,441599
ag440414-328468848,170000
orpi-1-054036E2DD82,93100
ag680974-303890592,130000
hektor-girardi-pfastatt-2963,116000
entities-1043690-3700257,329310
ag671791-296227461,159750
147601721,280500
ag680254-274040975,127200
ag340369-246790888,350651
iad-france-829877,235000
ag681141-359952592,273000
nexity-0074__45010,187500
mgc-281933022-SJ-201221-171730,336500
gedeon-25953830,375000
guy-hoquet-immo-facile-2716181,125800
entities-1044602-2637193,695600
ag681104-283239533,155000
ag681404-326769414,332325
laforet-immo-facile-20859118,214000
ag680824-357211336,252000
hektor-MAYAIMMO2020-2287,422000
hektor-agence-efco-immo-1553,145000
rodacom-5009874,155000
160646785,279000
hektor-girardi-pfastatt-3342,246000
immo-facile-40272611,69800
ag681106-382206271,189000
orpi-1-054927E1GIPS,102760
ag681237-276785834,106000
immo-facile-44623371,262500
hektor-robischung-2616,189000
safti-1-785529,104000
hektor-amsignatureimmo-47,179600
ag681391-373432036,165000
apimo-4338191,165000
ag440414-381423091,168000
hektor-cdrieux-865,295000
ag680575-310537782,161000
mgc-291849533-Construction_maison_a_BATTENHEIM_68390,338554
ag680297-245898850,219000
hektor-robischung-2584,108000
hektor-cdrieux-839,108000
hektor-immo-wittenheim-3106,175000
ag671913-381055432,288000
hektor-amsignatureimmo-33,195000
snpi-5202130,249000
safti-1-687875,97000
immo-facile-51325960,265000
ag333464-360127543,297000
ag671791-284281331,127000
citya-immobilier-1273-TAPP454021,77000
hektor-immo-wittenheim-3221,322400
citya-immobilier-1273-TAPP450137A,139500
iad-france-1058231,179000
orpi-1-054927E2BW3P,97000
entities-1043690-3634302,390124
safti-1-796216,440000
hektor-moebel-immo-282,281000
guy-hoquet-immo-facile-2729021,89000
immo-facile-3320224,361702
ag681158-328486914,194000
immo-facile-adresse-12867924,128400
immo-facile-45936432,168000
gedeon-22928163,197000
entities-1043690-3634331,339597
mgc-198131126-SJ-190514-080040,265500
entities-1044598-2742378,429000
visiteonline-p_5207455,404000
mgc-332652151-MS-220210-102649,455000
snpi-5234589,249000
ag671474-290497334,189000
ag681088-365546395,163000
ag671791-327116982,95000
mgc-338254020-VM-DIDENHEIM-2022303,307509
ag680632-210364245,269000
immo-facile-46494221,420000
ag681158-293924429,142000
ag340369-325248477,258000
mgc-168551279,268370
safti-1-662095,194900
safti-1-711497,135000
guy-hoquet-immo-facile-6233411,90000
iad-france-1192114,35000
rodacom-4929425,190800
ag671791-283067468,67200
hektor-girardi-pfastatt-2889,420000
hektor-cdrieux-681,155000
immo-facile-51697725,59990
entities-1043690-3669989,370980
adapt-immo-680091449,538000
ag340369-378200953,224500
ag681158-369984616,180000
citya-immobilier-1273-TAPP460929,156900
hektor-MAYAIMMO2020-2117,149000
ag671791-291495986,185000
mgc-329209050-TB-WALTENHEIM_SUR_ZORN-2022111,335000
nexity-GB00155403,160000
mgc-341732360-C-FOR-349-AG,283000
hektor-mhimmobilier-1187,127200
guy-hoquet-immo-facile-5634953,179000
ag680633-281330192,178900
ag670426-335722200,217500
entities-1044599-2745256,369800
entities-1044598-2692348,369900
ag681158-319798320,354000
hektor-1_lerosenberg-1947,210000
snpi-5316309,197900
ag301615-330582184,132000
orpi-1-054927E1NSDM,315000
hektor-moebel-immo-42,309636
149855089,349000
ag671791-359164171,102600
apimo-7892685,370000
rodacom-4561668,259500
160967497,272000
ag671791-375824956,277000
hektor-mhimmobilier-1204,132500
safti-1-710683,76000
ag681332-326398908,299900
hektor-immo-wittenheim-3219,495000
immo-facile-45939013,370000
ag671791-323976969,116000
ag671791-312307809,110000
ag680278-221460646,189900
hektor-CGAIMMOBILIER-828,294000
pericles-36629958,244500
immo-facile-47394187,299900
hektor-generalimmo-2773,261000
ag681158-323752818,314000
immo-facile-45554315,265200
safti-1-811550,270000
ag340369-348075534,152000
guy-hoquet-immo-facile-5975422,447500
guy-hoquet-immo-facile-4576890,135000
immo-facile-52369510,353000
ag681108-282181889,176894
160782755,273800
ag681120-376292755,336000
ag440414-266208824,644738
ag671791-291584420,470000
ag681391-342147843,229000
ag680254-184134340,233200
ag680286-258850372,75000
orpi-1-054048E21KN2,181900
orpi-1-054037E262P2,160000
guy-hoquet-immo-facile-5857424,682500
immo-facile-49492642,239200
mgc-340985306-C-TUR-505-E-AG,398000
iad-france-780138,115000
guy-hoquet-immo-facile-5790824,162000
immo-facile-51620308,170000
ag681391-323977392,392200
safti-1-871125,229000
guy-hoquet-immo-facile-5588670,75000
hektor-homeettoits-137,180000
hektor-cpdelta-248,360000
ag681103-360808833,51000
hektor-INNOVIMMO-466,178000
rodacom-4456146,241445
guy-hoquet-immo-facile-5572089,94000
guy-hoquet-immo-facile-5567323,74000
ag681237-378933823,165075
adapt-immo-75008125433,199000
immo-facile-39749693,145600
mgc-297153758-MS-210408-175103,326000
ag681108-328787718,176000
guy-hoquet-immo-facile-5997541,135000
ag681140-373015414,1050000
guy-hoquet-immo-facile-5562258,158000
orpi-1-054048E26D99,143380
hektor-cpdelta-67,392200
orpi-1-054927E283FR,102600
iad-france-937084,365000
hektor-LECEDREIMMO-151,365000
safti-1-860759,139900
rodacom-4465365,399000
immo-facile-2456290,367021
hektor-immolandismunst-1049,420000
orpi-1-054038E1E77Q,149000
ag671343-334737780,567000
apimo-82256887,89000
mgc-340840893,131500
mgc-115646886,275000
ag681237-287911598,174500
ag681391-365796463,159000
apimo-8021122,160000
hektor-PAQUIN2020-30,540800
ag340369-246797065,295300
ag671791-286102406,185000
147434501,133700
mgc-314805098-SJ-210903-110405,394900
guy-hoquet-immo-facile-2503324,95000
immo-facile-3644164,116000
mgc-379617440-MS-230321-090357,455000
apimo-5245789,577000
apimo-4388121,189083
hektor-3ROIIMMOBILIERE-962,66000
iad-france-1094341,368000
mgc-342132452-C-HEC-544-B-OS,380750
immo-facile-46263262,225000
visiteonline-p_5188725,349000
ag681158-288113606,437000
hektor-MAYAIMMO2020-1738,420000
ag681237-299484720,458925
hektor-mhimmobilier-1116,152250
laforet-immo-facile-20885590,832000
laforet-immo-facile-17498714,267500
hektor-sweethomeconseil-1215,475000
orpi-1-054928E28Y5J,359800
mgc-364531165-RUELIVM-281022,459000
safti-1-677080,139000
immo-facile-adresse-11929723,194250
ag681404-378034771,118800
ag681391-336608061,137800
ag671791-306021999,200000
157949851,130000
hektor-generalimmo-3061,189000
guy-hoquet-immo-facile-4414161,299000
apimo-8158331,626488
rodacom-4948779,296400
ag670640-256974001,894000
ag681332-316356369,204000
ag680286-323619807,230000
apimo-4347968,219000
hektor-MAYAIMMO2020-2285,139000
immo-facile-33583601,301600
mgc-340100889-VALDIEU_LUTRAN1500LPTP,700000
guy-hoquet-immo-facile-2759569,249000
guy-hoquet-immo-facile-5677523,141100
rodacom-4960114,296400
guy-hoquet-immo-facile-2725281,435000
ag340378-283524440,219000
hektor-generalimmo-3426,187000
guy-hoquet-immo-facile-6049072,222600
iad-france-1056309,249000
rodacom-4323653,278250
guy-hoquet-immo-facile-2755810,88500
immo-facile-adresse-12391012,447200
orpi-1-054927E1GCUX,183255
ag681140-372441820,320000
mgc-204754892-pp-190625-101924,254588
ag681360-333438918,332000
guy-hoquet-immo-facile-6010472,337000
entities-1043690-3888929,400000
mgc-363888213-C-HIR-105-OS-2,299700
mgc-369246606-C-STA-113-OS,286400
hektor-MAYAIMMO2020-2201,112000
mgc-363760536-C-NIE-90-AG-2,285500
160967237,429475
orpi-1-054927E1PHG0,251000
immo-facile-51029124,285000
hektor-immo-wittenheim-3196,189280
hektor-girardi-pfastatt-2823,203000
ag671791-285750011,78400
hektor-ag-orim-1196,385000
guy-hoquet-immo-facile-2789636,66500
hektor-generalimmo-3069,201000
immo-facile-47562864,100000
rodacom-4341913,197600
mgc-345264609-VM-HABSHEIM-2022275,439965
guy-hoquet-immo-facile-2798284,205000
hektor-1_lerosenberg-1563,494000
orpi-1-054933E2CG86,178750
apimo-6889432,273000
ag681210-322180200,270400
gedeon-24148747,333900
hektor-MAYAIMMO2020-1562,284000
mgc-355232151-C-COL-368-AG,383600
immo-facile-51625040,450000
mgc-293344341-MS-210312-102140,280000
guy-hoquet-immo-facile-5781424,325000
hektor-5_lerosenberg-1289,127000
hektor-cpdelta-35,99900
guy-hoquet-immo-facile-5788498,130600
ag681158-306646176,499000
immo-facile-32732838,94800
157706375,288900
hektor-MAYAIMMO2020-2520,169600
ag671474-341474904,359000
immo-facile-47848562,172000
mgc-368948218-MKI-ROSENAU-20221208,414845
orpi-1-054041E2F6C6,244700
immo-facile-34167789,174700
hektor-MAYAIMMO2020-2185,550000
immo-facile-35566793,99000
hektor-robischung-2409,117000
guy-hoquet-immo-facile-4003236,99500
ag681154-252828187,269000
immo-facile-46662669,275000
mgc-371448128-MS-230104-101338,295000
ag680633-380397936,89000
apimo-8158440,635000
hektor-girardi-pfastatt-2972,125000
orpi-1-054933E22S39,235000
rodacom-5019466,404472
orpi-1-054036E2FQLW,315000
132004609,161766
immo-facile-2226145,70550
ag680010-278688788,472500
ag681404-333616386,185000
citya-immobilier-1273-TAPP462935AAA,195000
edouard-denis-0063__62940,243000
159636391,397700
ag671791-281163008,447000
hektor-MAYAIMMO2020-2246,424000
mgc-363767817-_C-MUN-518-C-AG-2,321800
ag681145-333049443,230000
mgc-294198153-C-ENS-408-SB,375000
immo-facile-37602020,380000
138583615,249000
ag671791-284280815,151000
guy-hoquet-immo-facile-5764160,270000
mgc-382465956-C-ENS-302-85-AG1,264300
rodacom-5243032,400500
ag681108-368147137,295000
hektor-cdrieux-676,395200
ag681332-329573001,272000
ag680286-282299813,250000
ag440414-316721523,141000
ag671989-365687692,285500
hektor-immoplusalsace-2196,248000
hektor-sweethomeconseil-1190,549000
ag680010-351815764,149000
hektor-MAYAIMMO2020-2002,360000
apimo-4559748,238000
entities-1044601-2795076,680300
151410795,117000
hektor-sweethomeconseil-1208,199000
orpi-1-054038E1G8QK,379000
orpi-1-054048E1FN56,220600
nexity-GB00168035,240000
ag681391-332963592,273000
guy-hoquet-immo-facile-5029779,300000
ag681158-274890080,84000
158528713,240600
ag681237-357923863,199150
guy-hoquet-immo-facile-6229829,198400
orpi-1-054038E1U890,39000
hektor-girardi-pfastatt-2945,455000
ag681158-352564351,472000
mgc-356195945-SJ-220829-092719,343000
ag750949-354324889,463000
guy-hoquet-immo-facile-5364497,131100
ag671913-353131495,248000
161402497,244200
mgc-324187469-pp-211124-110523,341518
guy-hoquet-immo-facile-5586505,89000
immo-facile-37234903,260000
guy-hoquet-immo-facile-6022319,332000
ag681088-324619548,242000
hektor-generalimmo-3044,151000
ag681120-372261556,332000
orpi-1-054048E1XZYS,108000
ag333747-379191472,548000
ag670547-252473047,280000
gedeon-26387687,115000
hektor-sweethomeconseil-1167,158000
immo-facile-adresse-12863147,190000
ag681237-315940872,234300
century-21-202_3185_1230,99000
century-21-202_3377_1354,55000
guy-hoquet-immo-facile-2610821,77500
mgc-333821045-C-KIN-385-B-OS,335000
ag680632-280436519,73000
hektor-moebel-immo-276,439000
ag681104-363438691,197500
entities-1043690-3639065,389150
hektor-alaingimmo-416,275000
orpi-1-054048E2I9LX,176000
ag681156-316250301,274900
iad-france-1195394,749000
orpi-1-054037E2A6KM,675000
145263235,163000
ag681113-313682553,176900
mgc-344272971-MK-FLAXLANDEN-2022205,425380
ag680010-343702182,472500
hektor-MAYAIMMO2020-2242,348000
ag681156-375587485,520000
hektor-expertiseimmo-1191,125000
immo-facile-49056263,194400
hektor-cpdelta-127,650000
ag681088-364532056,143000
hektor-1_lerosenberg-1956,468000
hektor-mhimmobilier-1382,173250
mgc-368788273-0712BOLLWILLER470LB2P130,421000
ag681391-332963628,326000
immo-facile-37586926,214000
entities-1044601-2684300,1029300
entities-1044599-2792260,305250
apimo-6839351,420000
gedeon-26468865,249000
guy-hoquet-immo-facile-2749098,67000
hektor-girardi-pfastatt-2736,85000
guy-hoquet-immo-facile-6213547,136200
guy-hoquet-immo-facile-4651182,295000
ag681234-317912880,190800
ag681404-371655379,333500
mgc-232862169-SJ-200107-181254,354000
iad-france-1293842,179500
hektor-agence-efco-immo-1668,419000
iad-france-1333139,165000
hektor-alaingimmo-323,183500
mgc-169709679,343000
safti-1-709770,188000
orpi-1-054927E20X2L,196000
ag671474-265872863,636000
ag681111-254124267,297500
orpi-1-054926E26Y6K,90950
safti-1-580516,289000
ag681110-343373532,169600
orpi-1-054048E1PDL5,133750
ag670426-343593729,585000
mgc-228554949-pp-191204-104057,210480
hektor-cpdelta-103,625000
151357087,162000
ag681237-328486257,449350
160967943,269000
hektor-cdrieux-705,106000
ag743447-339097134,289000
159876013,253800
mgc-342563476-CWE-220506-145342,292000
ag681237-281239268,189000
ag340369-341706207,70000
ag681106-370247224,500000
mgc-315546903-AP-BRUEBACH-202199,467000
immo-facile-47562579,229840
apimo-5079729,95000
hektor-lifeimmo-1758,80000
hektor-alaingimmo-386,157500
hektor-mhimmobilier-1124,97000
iad-france-976273,119500
immo-facile-50362334,126000
ag680633-228227170,68000
immo-facile-52432013,599900
ag440414-235382797,179000
hektor-immolandismunst-1066,230000
160967817,439389
guy-hoquet-immo-facile-5646773,348000
ag670426-342580695,395000
ubiflow-easybusiness-230222524,150000
immo-facile-3840373,191000
nexity-GB00117090,102000
guy-hoquet-immo-facile-2718760,197100
ag681156-315721440,439000
hektor-1_lerosenberg-1184,199000
mgc-340087824-MK-SAINT_ULRICH-2022144,299280
ag302002-378713914,298000
iad-france-1211323,165000
ag681391-339264006,765000
hektor-sweethomeconseil-1064,125000
immo-facile-30743354,218400
ag671633-314867346,261000
ag681158-361012966,250000
ag681120-360200041,205000
gedeon-26817681,572000
immo-facile-52454743,149900
hektor-MAYAIMMO2020-2240,295000
guy-hoquet-immo-facile-2757956,153000
ag681158-380290837,76000
iad-france-1127482,286000
ag681141-334328583,241500
hektor-girardi-pfastatt-2922,118000
nexity-GB00166409,320000
ag333464-314843097,216000
hektor-3ROIIMMOBILIERE-987,220000
152858163,168490
157673285,316000
guy-hoquet-immo-facile-4686580,81000
153331917,409000
hektor-girardi-pfastatt-3345,415000
ag681158-336458784,230000
ag681110-358368133,322000
mgc-356146816-5LEYMEN600JC150TP,581000
orpi-1-054041E2L67W,185000
ag681106-375598792,232000
iad-france-1241607,170000
ag671791-289446290,185000
gedeon-23682693,167000
citya-immobilier-1273-TAPP498043,87500
immo-facile-49704317,790000
laforet-immo-facile-19049716,224700
immo-facile-52118867,343200
guy-hoquet-immo-facile-2255793,399000
ag671474-341732676,74900
ag751938-346973895,200000
immo-facile-52463874,179900
ag681110-343373607,384000
hektor-MAYAIMMO2020-1567,229000
orpi-1-054038E1HO1O,189000
ag060811-350229439,460000
iad-france-953784,386000
hektor-immolandismunst-1141,149800
151357105,155000
immo-facile-49293337,2200000
entities-1044599-2702487,432000
hektor-cdrieux-684,263000
ag680632-266594858,69600
mgc-350922061-cf-dann-id15,380300
rodacom-4880194,327583
guy-hoquet-immo-facile-4968748,210800
immo-facile-48861607,182000
guy-hoquet-immo-facile-6119654,130600
safti-1-728633,259000
160967421,287000
safti-1-626062,129000
121191283,221000
hektor-agfreyimmo-893,87000
immo-facile-24379050,134100
orpi-1-054038E2GGF3,108500
ag681119-234265674,195000
158671999,422096
hektor-MAYAIMMO2020-2407,108000
156203167,460000
orpi-1-054927E205RG,133000
ag681088-321825501,278000
immo-facile-47973483,360000
orpi-1-054041E2GU2R,129500
hektor-amsignatureimmo-43,395000
145774941,118700
ag681088-351516367,219000
hektor-cdrieux-824,179000
hektor-alaingimmo-437,230000
ag681108-342316968,388500
iad-france-1273406,127000
ag681113-291914339,255000
hektor-immo-wittenheim-3240,98000
hektor-immo-wittenheim-3144,259480
entities-1043690-3668951,272116
hektor-CGAIMMOBILIER-1745,235542
immo-facile-34947394,156000
ag681119-283762530,140000
immo-facile-49828164,174900
immo-facile-39766696,95000
mgc-380477117-MS-230329-102009,271000
160409405,259500
ag681108-279221597,263880
rodacom-4461441,208900
160667331,177900
hektor-robischung-2560,540000
iad-france-1091587,206600
hektor-moebel-immo-100,399000
dp2i-neuf-327_1061,259000
immo-facile-47507889,517500
ag681391-325957623,530000
ag681158-325683915,377000
safti-1-690176,125000
hektor-ag670629-651,226800
immo-facile-45853957,304000
apimo-5669197,309000
ag681158-348095298,128000
ag680278-227388487,350000
mgc-349900567-LM-ZAESSINGUELIBREA-20220704,481406
apimo-7461207,499500
hektor-agence-efco-immo-1524,262500
hektor-cdrieux-844,242000
visiteonline-p_5435527,241400
guy-hoquet-immo-facile-5507461,131000
ag681158-330474897,245000
rodacom-4425945,145000
ag681110-343373292,252000
mgc-283951488-CWE-210108-150824,264000
mgc-118756865_RFREGU450-RF92P2GA-RFREGU450-RF92P2GA,347000
immo-facile-27860218,187200
guy-hoquet-immo-facile-2819259,120000
guy-hoquet-immo-facile-5650363,370000
guy-hoquet-immo-facile-4038064,141000
orpi-1-054037E2ID4C,157000
gedeon-23511934,441000
hektor-girardi-pfastatt-3040,262000
rodacom-3951292,123000
iad-france-1335526,152500
hektor-expertiseimmo-2051,468000
immo-facile-47973192,340000
ag681104-375455734,230000
160967589,252736
ag681158-364394854,1365000
immo-facile-49440860,209000
guy-hoquet-immo-facile-5606492,129800
entities-1042950-3885259,345519
147723797,299000
immo-facile-39100636,465700
157403439,384860
ag671791-281160770,110000
hektor-dagon68500-2429,315000
immo-facile-45859957,49000
hektor-sweethomeconseil-851,450000
hektor-girardi-pfastatt-3176,60000
mgc-368888269-0812Merxheim368LPPP,271500
ag681127-367568716,381000
ag681391-377080978,296800
guy-hoquet-immo-facile-1832960,326000
iad-france-795926,159000
ag671474-350251651,86000
156203163,494000
ag681158-336668958,299000
144906979,144000
ag681108-337168326,481050
rodacom-4682849,384000
ag681158-283326071,149000
ag680974-300466830,238000
guy-hoquet-immo-facile-1673337,37000
hektor-1_immoteam-3415,212000
rodacom-5000363,228000
immo-facile-48861398,185000
hektor-CCLAUSSColmar-166,468000
safti-1-704460,250000
ag680010-194548558,540000
hektor-ag-orim-1023,330000
iad-france-1280110,339000
mgc-372336170-CWE-230112-163558,323000
rodacom-4694417,436020
immo-facile-45792568,160000
hektor-moebel-immo-227,315000
safti-1-828230,179900
orpi-1-054927E1W4YM,118800
immo-facile-51264562,251450
hektor-sweethomeconseil-1112,423000
snpi-5208131,339900
immo-facile-48743829,441540
immo-facile-35871522,335360
ag681158-349629222,154000
ag681110-233749147,139000
hektor-girardi-pfastatt-3087,342000
immo-facile-50582456,349000
immo-facile-35996099,149800
immo-facile-44423191,195000
ag681237-335927847,165075
century-21-202_3185_1016,81000
ag671633-320661537,198000
guy-hoquet-immo-facile-73776,389500
ag681106-377249032,169000
visiteonline-p_5236105,145000
hektor-agence-efco-immo-1644,309000
guy-hoquet-immo-facile-5728632,185000
ag541392-329295666,165000
hektor-sweethomeconseil-1086,176000
ag681404-326621154,156600
hektor-sweethomeconseil-1200,189000
guy-hoquet-immo-facile-2724767,64000
orpi-1-054933E1ZZNF,154400
ag681158-356217283,258000
safti-1-588601,350000
immo-facile-45236277,415000
rodacom-4277125,675000
ag671791-306454149,447000
immo-facile-48998090,557200
orpi-1-054048E21JHM,392500
guy-hoquet-immo-facile-2671930,122000
apimo-6363219,223860
mgc-233766036-MS-200113-182603,458800
mgc-371563673-pp-230105-095337,311052
ag671791-382586794,99360
hektor-moebel-immo-161,647000
hektor-moebel-immo-74,133000
immo-facile-48661481,199800
hektor-ifeaimmo-1712,374400
ag681158-319270467,570000
immo-facile-39567144,576800
citya-immobilier-1273-TAPP462900,233000
ag681158-298805982,225000
mgc-328120925-SJ-220103-094847,388900
ag440414-364420930,229000
safti-1-643429,94000
ag681158-334499340,168000
ag680286-379330555,240000
ag680633-373125462,105000
hektor-immo-wittenheim-3212,168000
154980023,181500
immo-facile-46688283,445000
iad-france-1154354,370000
immo-facile-2415350,319200
ag681332-316356438,276000
ag671791-324715797,110000
ag671791-323137755,95000
iad-france-1346894,230000
nexity-GB00131545,110000
160967643,275536
ag671791-284437709,112000
hektor-mhimmobilier-1390,117700
ag681158-348060126,196000
hektor-generalimmo-2705,249000
hektor-immolandismunst-1155,224700
rodacom-5062404,230000
iad-france-1278445,229000
immo-facile-31917876,650000
ag681158-382830890,476000
hektor-agfreyimmo-864,159000
ag681360-331665537,180400
ag681332-330849825,327000
ag671791-330698433,95000
mgc-378270233-SJ-230308-102722,372000
immo-facile-48147437,168000
laforet-immo-facile-20924689,90500
hektor-moebel-immo-169,292985
155161343,190801
mgc-288384791-RK_MSB_BATTENHEIM_TM452,299100
ag681237-365386975,415000
ag681156-333799392,130000
entities-1044601-2633618,870000
gedeon-24739189,281000
ag440414-347875356,301000
apimo-8158323,292388
ag681391-323977245,275000
orpi-1-054927E1ATAT,70000
immo-facile-50575566,329000
immo-facile-44884066,339900
ag681088-367567789,259000
ag671791-293570045,447000
guy-hoquet-immo-facile-4653062,190000
ag681332-322465662,501000
entities-1043690-3639070,408165
immo-facile-50655213,241500
safti-1-733094,469000
147977445,260000
immo-facile-44287287,114800
ag680278-218921841,498000
ag671791-281438816,121900
mgc-338923615-pp-220405-105556,244860
ag681156-318177663,247000
ag681088-328448421,218000
ag681158-315995439,333000
immo-facile-49667270,473000
ag671474-339615042,227000
ag681156-334864446,629000
iad-france-1324528,195000
laforet-immo-facile-17764117,197950
hektor-MAYAIMMO2020-2572,210000
century-21-202_3185_1312,869000
safti-1-614711,115000
entities-1044598-2746355,423100
entities-1044598-2652765,346900
ag681088-343536699,189000
entities-1043690-3587724,292685
immo-facile-46165787,220000
hektor-MAYAIMMO2020-2352,68000
immo-facile-51672409,151000
mgc-340044052-CWE-220414-085531,258400
ag681237-357780169,369250
158794973,209000
ag671791-318273774,160000
iad-france-1104196,405000
ag681391-347001477,169600
ag681158-365388793,390000
160967261,233000
mgc-366509978-CWE-221117-161119,336000
hektor-CGAIMMOBILIER-834,207000
guy-hoquet-immo-facile-4862024,77500
visiteonline-p_5218402,195300
ag680632-233392696,45000
apimo-82321812,300900
ag681113-286963523,150000
153770605,835000
ag681391-342147858,573500
apimo-8213352,599000
ag680010-379470724,267750
safti-1-742356,159000
apimo-7173912,439000
159741715,209000
immo-facile-2030655,195000
ag681156-347162523,106500
mgc-289593201-SJ-210215-092807,357200
hektor-agcinqpattes-18,369000
hektor-girardi-blotzheim-2754,383760
guy-hoquet-immo-facile-6058363,131100
ag681404-326621139,145800
safti-1-557496,149500
immo-facile-51381784,124500
ag680278-243410086,340000
mgc-147036571_HORBOURG-WHIR,220000
rodacom-3730069,185000
immo-facile-49943065,449500
ag681404-326621028,458000
mgc-345264606-VM-SOULTZ_HAUT_RHIN-2022275,296650
hektor-girardi-blotzheim-2706,139000
ag681158-336236571,605877
160967343,352000
ag681158-344617197,330000
ag681158-377691571,279000
visiteonline-constructeur-p_5226228-l_9757325,269000
immo-facile-47563304,120000
ag681108-289430510,212000
ag681404-371655376,182000
hektor-girardi-pfastatt-2998,329000
mgc-344505354-EK-20222105-Obers-KeogD,416400
ag340369-346537230,1090000
hektor-1_lerosenberg-1930,549000
ag671791-282665783,89000
ag681158-343520526,71000
ag681156-268922609,445120
guy-hoquet-immo-facile-1991577,131100
safti-1-640419,230000
entities-1044602-2716903,740640
guy-hoquet-immo-facile-2796407,105000
nexity-GB00128923,105000
hektor-mhimmobilier-1449,148400
hektor-girardi-pfastatt-2808,155000
151410793,172000
immo-facile-42717581,480000
orpi-1-054038E1HAQ4,67500
immo-facile-49168644,495000
hektor-robischung-2549,138000
gedeon-24848558,183000
gedeon-23994498,179000
158884779,239034
ag681156-361015405,188000
hektor-robischung-2260,158000
rodacom-4085272,779000
ag680824-259640767,155400
141948175,199000
hektor-sweethomeconseil-1350,216000
hektor-agence-efco-immo-1787,478200
guy-hoquet-immo-facile-2286615,165000
safti-1-760050,145835
immo-facile-33751587,239200
hektor-moebel-immo-102,246600
safti-1-612080,175000
hektor-arateau-28,328000
orpi-1-054048E1NES0,325000
rodacom-4403221,389200
immo-facile-46609790,203780
immo-facile-32077466,280800
ag671791-283610237,146500
immo-facile-46746473,157200
immo-facile-42683283,195650
rodacom-4754988,147000
gedeon-26283096,169000
immo-facile-35524580,337000
mgc-345426984-LM-ROSENAU-20220531,560544
apimo-4912065,205000
apimo-3491257,192000
ag670547-338785266,239000
mgc-118756865_GGKAPRHI359-RF92P2GA-GGKAPRHI359-RF92P2GA,329000
mgc-378872867-SJ-230314-094729,481000
guy-hoquet-immo-facile-4148131,110000
hektor-immolandismunst-1154,265000
ag681158-330887280,312000
ag681113-285961070,64000
entities-1043690-3683500,470600
safti-1-686284,250000
immo-facile-47913215,123000
mgc-369980058-C-GUE-130-OS,428640
ag681156-377279227,269000
ag681104-274454333,157500
iad-france-847461,189000
ag681237-370338184,575000
160555519,459300
hektor-ghisimmobilier-1699,344000
hektor-neoconceptimmo-5441,236000
ag680297-250273105,164300
ag681124-331665210,187000
guy-hoquet-immo-facile-2676482,350000
ag681110-343373160,139100
ag250493-263754701,77000
iad-france-1139436,280000
immo-facile-38660053,374400
hektor-cdrieux-876,161000
ag671474-278314946,86000
ag681204-328792485,55000
156833163,358000
ag743447-368994445,118900
entities-1044598-2796831,419000
ag680824-275577629,178500
mgc-363762201-C-ALG-90-AG-2,299900
mgc-353109619-5LEYMEN600JC4P180,654500
mgc-381924863-CWE-230412-143812,299000
immo-facile-50401497,349000
hektor-robischung-2708,198000
immo-facile-49653808,208000
ag680254-323608983,165850
hektor-CGAIMMOBILIER-893,148400
ag680286-378525022,95000
ag681332-345093378,305000
135755901,329700
ag060811-277079324,478000
ag681110-288454763,202800
ag681158-355909720,531000
immo-facile-3358760,265957
ag681158-355440199,220000
apimo-8158464,303200
immo-facile-50401313,495000
mgc-365161318-0411HECKEN596LB2P105,339900
ag671913-355455259,297000
orpi-1-054041E26X3N,154400
ag681127-369974329,65000
ag681088-374575117,263000
safti-1-507703,350000
hektor-robischung-2541,395000
ag681110-317569104,138600
hektor-MAYAIMMO2020-2142,265000
ag671791-282402311,447000
ag681444-344791089,285000
immo-facile-1978033,122340
immo-facile-40979650,361030
ag754248-366240463,266990
hektor-moebel-immo-112,483000
hektor-lifeimmo-1931,349000
safti-1-652016,205000
citya-immobilier-1273-TAPP482827,204000
160967277,252500
immo-facile-48695446,156000
ag333464-305373456,464000
ag671791-320053332,95000
ag681210-337833729,107000
ag681212-366782452,79000
mgc-371726788-MKI-ESCHENTWILLER-20230106,365000
ag681360-341216160,246750
hektor-1_lerosenberg-2047,699000
ag681113-313727715,219000
hektor-MAYAIMMO2020-2130,316000
hektor-girardi-pfastatt-3081,136000
ag672068-354109420,288750
immo-facile-52378024,549900
ag681158-358394398,279000
hektor-moebel-immo-98,463000
safti-1-862041,495000
ag680010-204300543,299000
ag671646-373688026,190000
guy-hoquet-immo-facile-5838692,310000
ag680632-207236946,257000
immo-facile-44377697,199900
hektor-cpdelta-114,133750
ag060811-324191973,120000
mgc-377391287-SJ-230228-140539,415300
ag680331-339926110,71690
immo-facile-46077077,395000
guy-hoquet-immo-facile-4858674,146400
citya-immobilier-1273-TMAI114768,350000
immo-facile-50378858,186900
nexity-GB00113281,99200
160967359,428000
mgc-363762834-C-TUR-500-AG-2,393500
hektor-girardi-pfastatt-3082,108000
orpi-1-054037E1VYSS,135417
hektor-1_lerosenberg-2097,415000
hektor-agence-efco-immo-1768,264700
ag340369-308036112,159000
immo-facile-51217452,465000
ag340369-382607189,149000
rodacom-4818914,196100
orpi-1-054927E28HIU,310000
ag681391-343130319,290000
hektor-immolandismunst-1183,383000
ag681444-344791158,222000
immo-facile-49073185,240000
guy-hoquet-immo-facile-6115538,202200
guy-hoquet-immo-facile-2718854,263000
immo-facile-35600578,319000
guy-hoquet-immo-facile-2568251,199500
immo-facile-adresse-11049408,371000
entities-1042950-3885253,268400
hektor-ifeaimmo-2008,320000
hektor-MAYAIMMO2020-2197,201400
iad-france-1257416,195000
nexity-GB00115828,108000
152977345,135300
apimo-7908214,273500
ag681158-303116172,208000
160404539,181600
immo-facile-3635031,221000
hektor-immolandismunst-1146,192600
iad-france-1230276,200000
rodacom-4866105,323180
mgc-363010913-CWE-221018-163047,269500
ag681110-373126495,312000
gedeon-25192806,246600
hektor-robischung-2157,133000
ag671791-294574706,75000
immo-facile-42373629,210000
guy-hoquet-immo-facile-6042106,88500
hektor-agence-efco-immo-1587,416000
ag671791-309946881,174000
hektor-MAYAIMMO2020-2269,189000
guy-hoquet-immo-facile-6045176,263800
160967639,229538
ag681110-278480534,279000
hektor-MAYAIMMO2020-673,86000
orpi-1-054041E25YGG,550000
immo-facile-52251540,149000
apimo-8158406,281000
146114801,90000
ag681391-375242503,330000
safti-1-847427,142500
ag680632-220546281,77300
iad-france-946558,56000
iad-france-978885,342000
entities-1044599-2752479,418200
mgc-357154308-C-HEC-107-OS,333000
ag671791-286297808,151000
hektor-cpdelta-11,393000
immo-facile-45398573,324000
ag681156-268922573,179900
ag671791-316356669,116000
visiteonline-p_5202320,444000
rodacom-4819342,207088
gedeon-23682682,268000
ag680632-217296528,40000
apimo-7301236,160500
immo-facile-adresse-13077679,193000
guy-hoquet-immo-facile-2546937,399000
hektor-mhimmobilier-1278,228800
ag671474-291048560,263400
gedeon-24739271,175000
ag681140-362080714,232000
hektor-sweethomeconseil-1353,187000
158957329,232500
161439093,352932
immo-facile-49710006,286000
immo-facile-adresse-12932154,478400
ag680010-306507681,378000
ag681542-378876045,94400
mgc-343919325,243090
entities-1044601-2795070,691100
entities-1044598-2697863,407900
mgc-318504383-C-DIE-428-SB,354000
immo-facile-45347628,230000
hektor-immolandismunst-987,179000
iad-france-1236341,265000
mgc-213253605-MSB-M_f-19_PFASTATT_68120_TM510,282000
entities-1043690-3769930,382070
immo-facile-44342682,192400
immo-facile-45900490,153500
ag671791-327670536,116000
hektor-moebel-immo-263,890000
immo-facile-52471997,244000
guy-hoquet-immo-facile-5757391,332000
hektor-MAYAIMMO2020-2200,139000
hektor-mhimmobilier-1417,283500
entities-1044601-2795078,905920
immo-facile-51320144,159000
apimo-8197185,149500
ag681391-365796019,175000
hektor-PAQUIN2020-66,315000
ag681108-339942060,690000
ag680632-259833133,163000
ag681391-339310134,245000
ag340369-289431908,171200
ag440414-366068182,560000
ag680254-365556454,159000
safti-1-801698,120000
hektor-cdrieux-845,330000
immo-facile-42726035,99800
ag671474-328863639,170000
159658469,226110
ag681158-376671400,320000
ag681404-381404122,210000
160646775,233000
guy-hoquet-immo-facile-2536650,151400
pericles-36630249,199900
adapt-immo-3407099469,185000
entities-1043690-3587703,293990
157136471,110000
citya-immobilier-1273-TAPP413456,79000
159579845,239300
ag681108-269352344,395000
guy-hoquet-immo-facile-2959747,58000
ag681154-300881280,378000
snpi-5300948,465000
immo-facile-46264700,499200
ag671791-322028169,116000
rodacom-5128546,363500
ag755959-377043502,119149
ag681404-358528555,411450
ag681122-329064999,99000
safti-1-596346,108000
hektor-dagon68500-2417,65000
ag681110-377544886,110000
hektor-valencay-immo-2555,238500
orpi-1-054927E1JI50,249000
ag340369-306000663,143100
orpi-1-054037E1NGNP,414124
rodacom-5125307,258000
ag681423-377665645,189000
ag681122-340346316,475000
mgc-306310127-CWE-210618-153537,236000
mgc-362085178-2MORSCHWILLERJC3472P120,366000
nexity-GB00145311,180000
entities-1044602-2648707,853200
hektor-DYNAMICITY2022-5,540000
mgc-333424315-pp-220217-113537,263486
immo-facile-49326971,197600
guy-hoquet-immo-facile-5698693,176000
immo-facile-52322473,123000
hektor-mhimmobilier-1305,346500
160782765,239000
ag681088-337782357,480000
ag681088-336151722,155000
ag671913-375935566,289000
ag681075-364775725,116000
iad-france-1186470,469000
rodacom-5027348,228000
orpi-1-054036E2EJX2,278900
hektor-sweethomeconseil-1032,162000
ag681088-369165445,230000
guy-hoquet-immo-facile-3106994,182000
rodacom-5097327,154200
ag681104-352523926,362500
immo-facile-42056002,249500
ag681158-323752902,641500
hektor-MAYAIMMO2020-2180,369250
apimo-7320072,438000
hektor-girardi-pfastatt-2987,262000
guy-hoquet-immo-facile-5778946,77000
ag440414-357893455,271000
hektor-dagon68390-2366,265000
ag681158-306182748,260000
guy-hoquet-immo-facile-4863125,198800
ag681088-355249939,128000
orpi-1-054041E16IIH,249000
entities-1044598-2681701,246324
immo-facile-48867351,114800
immo-facile-46669723,314400
hektor-276_meilleursbiens-9290,650000
hektor-cpdelta-138,344500
guy-hoquet-immo-facile-2027430,120800
hektor-ag-orim-1008,548000
immo-facile-50693367,194000
immo-facile-49529478,299250
guy-hoquet-immo-facile-5802663,96000
ag680824-349373151,272000
159492197,200360
ag340369-295375841,231000
hektor-robischung-2545,159000
immo-facile-52417977,525000
146183115,123818
entities-1043690-3683148,313291
hektor-girardi-pfastatt-3385,116000
iad-france-864631,335000
mgc-118756865_HMVOEG0110-HMPROBST001-HMVOEG0110-HMPROBST001,660000
hektor-3ROIIMMOBILIERE-986,374000
ag671791-292020113,229000
mgc-118756865_RFMAS955-RF124P2GA-RFMAS955-RF124P2GA,382000
ag681104-265162467,73000
mgc-254874124-CWE-200617-091020,278000
ag670426-342635922,249000
immo-facile-adresse-11743360,199000
safti-1-699631,159000
snpi-5252441,149000
hektor-cpdelta-53,370000
orpi-1-054041E1AVJK,350000
hektor-robischung-2525,65000
ag681158-380368105,627000
ag670426-343593741,171000
hektor-immo-wittenheim-3191,370240
immo-facile-50354983,360500
immo-facile-52431728,299000
immo-facile-44146195,319000
hektor-robischung-2674,565000
ag671791-323571846,150000
ag681360-321449520,159950
orpi-1-054927E2CWQI,192600
safti-1-712930,330000
hektor-agfreyimmo-909,153000
ag680632-243167638,394800
ag681104-274454300,389000
immo-facile-34212740,187200
ag681108-288678860,484000
hektor-immolandismunst-1144,315000
nexity-GB00124738,105000
immo-facile-50426189,156000
153331873,174954
immo-facile-48670405,269000
159794599,192000
hektor-MAYAIMMO2020-1825,129000
mgc-258457092-SJ-200708-163615,422800
ag681391-377081044,392000
ag671791-309946830,171000
orpi-1-054039E2488R,227000
orpi-1-054041E2G8LF,113400
mgc-363887703-C-HIR-95-OS-2,286500
immo-facile-36478112,472000
ag440414-306646869,184000
ag680633-191359582,140000
hektor-mhimmobilier-1242,472500
ag681140-332153370,294000
guy-hoquet-immo-facile-6009801,285000
orpi-1-054036E26O5G,93500
hektor-MAYAIMMO2020-2113,619000
151800395,205800
ag681158-297697383,368000
mgc-376828060-RK_LBC_RIXH_350,324800
hektor-MAYAIMMO2020-2005,296000
entities-1043690-3577361,254090
157706379,256500
ag681154-252828256,1141000
safti-1-660390,190000
immo-facile-46917158,119800
ag681444-342174873,159000
iad-france-1202764,119000
159808865,30000
immo-facile-45970935,120700
hektor-MAYAIMMO2020-2282,559000
ag681106-371363419,88000
ag681158-336236544,573791
immo-facile-35498393,147600
guy-hoquet-immo-facile-5029416,316000
ag681108-370333015,399000
ag681101-325503510,221550
mgc-376363393-RK_MSB_VOL_TM482,289500
century-21-202_3185_1125,245300
ag681494-382057840,98200
hektor-cdrieux-719,399000
ag681332-370804354,190000
guy-hoquet-immo-facile-4602304,135000
hektor-sweethomeconseil-1209,318000
ag681158-324499494,364000
orpi-1-054933E2HCJK,489600
immo-facile-47500184,249200
immo-facile-39995403,88000
immo-facile-40979817,291200
laforet-immo-facile-20043073,288900
ag681391-376691248,541000
ag681158-358679560,125000
hektor-robischung-2720,420000
adapt-immo-680091220,127000
ag681106-367858336,318000
apimo-6525743,267000
mgc-373807703-CWE-230125-165947,297000
159131701,333650
orpi-1-054037E1YWHH,376958
ag681104-351910525,210000
orpi-1-054927E2GP2V,128000
hektor-girardi-pfastatt-2836,178000
hektor-DYNAMICITY2022-4,270000
hektor-ghisimmobilier-1047,360000
ag681332-337456455,397000
hektor-lifeimmo-1906,54000
hektor-MAYAIMMO2020-1630,389000
160967495,238000
iad-france-768840,258000
ag681391-376226059,425000
entities-1043690-3679193,356170
hektor-generalimmo-2995,175000
safti-1-867855,198000
safti-1-619837,406000
160270297,290000
hektor-immo-wittenheim-3184,192400
orpi-1-054041E28SY1,630000
guy-hoquet-immo-facile-6071687,566000
immo-facile-adresse-13229440,154000
ag681360-350864080,332800
immo-facile-51993781,177840
nexity-GB00157926,65000
hektor-MAYAIMMO2020-784,259000
ag681204-374111701,96300
151410803,174000
entities-1044598-2777887,392700
hektor-ag-orim-980,115000
mgc-308742735,239000
ag671791-300266544,171000
ag440414-357482791,170000
hektor-immolandismunst-1125,346500
ag681158-257500504,130000
entities-1043690-3683546,315916
citya-immobilier-1273-TAPP488531,198000
161439087,319000
hektor-robischung-2534,281161
ag681088-379285819,199000
hektor-agence-efco-immo-1478,165000
ag671474-378920224,159900
immo-facile-52227954,103000
hektor-girardi-pfastatt-3334,315000
mgc-296455974-cf-spechbabbkeog,298100
guy-hoquet-immo-facile-6001942,239000
ag681204-360793237,96300
visiteonline-p_5213006,135850
immo-facile-50814440,290000
hektor-girardi-blotzheim-2720,415000
ag340369-303214728,556400
ag333747-331554009,156000
citya-immobilier-1273-TAPP463550A,135000
ag681108-262767902,563000
ag681088-354599398,225000
guy-hoquet-immo-facile-5589851,171900
ag671791-299031309,78400
adapt-immo-680091254,205000
158437899,368600
hektor-lifeimmo-1781,175000
guy-hoquet-immo-facile-5609550,234000
immo-facile-47856075,264200
hektor-immolandismunst-1097,499200
guy-hoquet-immo-facile-5609749,320000
hektor-ELSASS2020-911,178500
ag680633-275020994,104900
mgc-344669331-MK-HABSHEIM26-2022245,536863
guy-hoquet-immo-facile-2585476,50000
ag671791-297456897,75000
immo-facile-44604726,233000
orpi-1-054932E1U2OY,342000
ag681391-323976990,996400
orpi-1-054037E2GSEW,169900
hektor-ag-orim-1018,497000
mgc-378133232-pp-230307-091656,262874
hektor-agfreyimmo-812,392000
gedeon-26555540,93000
ag743447-378813361,189000
laforet-immo-facile-17773396,69000
entities-1044601-2785361,643000
ag681404-360631429,299620
ag671791-301647240,122000
immo-facile-51128177,299500
hektor-cdrieux-754,199500
ag681106-354779137,248000
ag681212-365910367,140000
gedeon-22311779,98000
citya-immobilier-1273-TAPP440403,89000
ag681237-364393660,464200
apimo-7102818,233000
immo-facile-50805783,498000
iad-france-1191013,210000
ag750665-267259499,86000
pericles-36546063,186000
rodacom-5151751,252500
adapt-immo-670073404,97200
161566585,100000
ag681119-234262284,230000
immo-facile-49091151,338000
orpi-1-054934E2D1UW,168000
157403427,343800
ag250493-290161820,237000
158751595,229900
151410787,122000
hektor-robischung-2509,375000
ag670547-336468018,335000
guy-hoquet-immo-facile-3860623,190000
rodacom-4581309,169600
ag671791-287927612,523000
hektor-expertiseimmo-36,70000
ag681104-265159221,60000
rodacom-4673106,199000
151944743,228600
ag671791-307821069,230000
hektor-immo-wittenheim-3330,279000
rodacom-4605704,299000
immo-facile-adresse-12932199,335000
ag681237-360183103,159750
nexity-GB00107945,65000
mgc-360318227-MS-220928-161338,315000
ag680010-296272986,210000
hektor-lifeimmo-1912,163000
mgc-367987954-STEINBRUNNLEBASJC664,482300
immo-facile-49347441,317200
orpi-1-054039E2I9QC,279000
ag671791-315434139,122000
gedeon-24739207,398000
guy-hoquet-immo-facile-5711658,146300
ag681158-368585947,440000
ag311656-362372929,274000
ag340369-255601474,242650
ag681119-368930446,230000
safti-1-568514,173000
rodacom-4591100,292800
safti-1-590181,119000
immo-facile-48215545,170000
immo-facile-49949766,490000
hektor-MAYAIMMO2020-1618,105000
mgc-361581957-C-HIR-95-OS,286500
ag671791-315554187,159750
immo-facile-46086158,205833
ag671791-326243790,174000
immo-facile-49660006,379000
century-21-202_3377_369,498750
mgc-118756865_HMISS0020-HMBOHL001-HMISS0020-HMBOHL001,309000
ag743447-374260711,468000
hektor-CGAIMMOBILIER-916,325500
immo-facile-1138601,218100
guy-hoquet-immo-facile-5733242,252000
hektor-5_lerosenberg-1941,365000
guy-hoquet-immo-facile-2780665,165500
immo-facile-50249823,54500
pericles-35966917,340000
ag250493-329072013,58000
guy-hoquet-immo-facile-5982924,170000
entities-1044599-2640650,299000
immo-facile-50832115,199000
hektor-alaingimmo-415,210000
ag743447-324987807,649000
hektor-agencedelill-12840,499990
orpi-1-054934E2EJX2,278900
immo-facile-49595668,315000
apimo-3336015,404600
ag681113-313717989,154000
nexity-GB00094154,111000
hektor-dagon68390-2362,247000
entities-1044599-2798788,409000
ag671474-254964873,59000
ag671474-326140896,435000
ag680632-243429964,69600
hektor-5_lerosenberg-1052,137000
immo-facile-51923359,318000
guy-hoquet-immo-facile-5589877,585000
ag670426-342635979,177000
visiteonline-p_4972606,169000
ag743447-375406255,79000
apimo-8122734,132000
ag681109-337429731,295500
immo-facile-37145381,95000
ag681158-323752803,364500
mgc-118756865_EK-0610-BLOD-505-EK-0610-BLOD505-105-EK-0610-BLOD-505-EK-0610-BLOD505-105,370120
ag671913-322151115,250000
160967137,426926
hektor-sweethomeconseil-1166,298000
iad-france-904720,175000
hektor-PAQUIN2020-80,572000
nexity-GB00165267,113900
hektor-5_lerosenberg-1697,495000
hektor-girardi-blotzheim-2660,247000
ag743447-373056025,530000
hektor-expertiseimmo-28,410000
ag681332-316356420,213000
hektor-lifeimmo-2030,113000
guy-hoquet-immo-facile-4291113,197400
mgc-375979637-SJ-230214-182044,290000
ag681423-348689046,449400
ag681158-382748786,147000
mgc-376204376-SJ-230216-172824,365000
152831809,395000
ag681113-305693868,200000
hektor-moebel-immo-173,765000
iad-france-728355,355000
hektor-ghisimmobilier-1719,221000
mgc-353435089-2ASPACH750LPPP,320000
entities-1044601-2749570,612000
hektor-sweethomeconseil-1239,360000
ag681154-252828223,435000
hektor-premium-prestige-11211,172800
hektor-girardi-pfastatt-3283,190000
hektor-generalimmo-3299,143000
ag681108-273170720,321000
iad-france-1266013,365000
ag681110-375360007,296400
ag681391-337014390,180000
ag681391-365064658,464000
ag681110-272466038,290000
160967641,242670
guy-hoquet-immo-facile-2198297,99000
ag681113-254925603,79000
mgc-330124775-MS-220119-105322,338000
immo-facile-50495829,126000
immo-facile-35046655,262000
hektor-1_lerosenberg-1509,364000
ag681158-380614147,497000
guy-hoquet-immo-facile-4825665,630000
hektor-girardi-pfastatt-2550,449000
guy-hoquet-immo-facile-5753440,750000
hektor-expertiseimmo-41,152250
apimo-4526042,630000
hektor-MAYAIMMO2020-2584,149500
hektor-robischung-2155,368000
hektor-generalimmo-2959,169000
immo-facile-32868859,625000
ag680286-258102235,400000
entities-1043690-3894684,340000
155751179,233600
rodacom-5020050,249100
ag681154-256239763,440000
hektor-CGAIMMOBILIER-1746,304338
hektor-expertiseimmo-2042,364000
guy-hoquet-immo-facile-5776887,348000
hektor-MAYAIMMO2020-1896,161600
144650013,144690
ag681358-322027635,223560
150982673,276540
hektor-MAYAIMMO2020-2500,95000
mgc-296712471-RK_MSB_CHALAMPE_TM734,379800
154288729,195000
147827423,137800
adapt-immo-680091418,91600
century-21-202_3185_1329,360000
hektor-ag-orim-979,411000
mgc-165885536_ARBORESENS,154500
160967375,316800
ag681237-315191682,229900
154980021,151400
ag681108-339111027,568000
orpi-1-054927E27LRK,187250
mgc-354905743-RK_MSB_SAINT-BERNARD_TM847,435800
immo-facile-3368568,287234
immo-facile-47340838,180000
guy-hoquet-immo-facile-5753640,156600
nexity-GB00112234,103400
ag681158-376689115,222000
158808893,375000
immo-facile-34353863,223600
ag681110-343373217,362500
iad-france-725394,199000
ag681110-324488487,245000
safti-1-780706,193500
hektor-MAYAIMMO2020-1901,399845
ag681237-369629773,179900
ag671791-355128022,122000
ag681154-252828169,290000
mgc-314657912-C-COL-335-AG,342700
hektor-mhimmobilier-1297,137800
ag680286-258102490,430000
hektor-generalimmo-3177,232000
ag681332-318700608,697500
apimo-8158450,425000
immo-facile-38457124,249000
gedeon-24640609,270000
immo-facile-49477022,179000
immo-facile-51622723,166400
nexity-GB00111642,99000
hektor-robischung-2331,270000
150944151,232400
ag671791-292518122,394000
orpi-1-054928E26VP7,328600
ag681156-354241447,337000
immo-facile-51765105,440000
hektor-MAYAIMMO2020-2493,433000
hektor-lifeimmo-2023,76000
ag681158-342543429,269000
immo-facile-51249889,409500
immo-facile-50630744,138000
entities-1044601-2809031,565120
apimo-82451121,345000
guy-hoquet-immo-facile-4835124,140000
ag681055-365774206,45360
ag681391-380300740,540750
hektor-girardi-pfastatt-3128,265000
immo-facile-48280603,360000
ag681140-342429375,260000
safti-1-840338,275000
ag680254-258474412,75500
ag671633-322196742,130000
ag680010-351815770,224500
mgc-292004250-CWE-210303-121905,255000
orpi-1-054037E2C1S8,175000
apimo-4348471,320000
ag680286-267023402,95000
hektor-cdrieux-739,94800
ag671474-350108347,85000
ag681404-332552991,238000
ag681113-256732186,235000
161436215,270000
ag680254-298175709,77500
ag671791-297571185,224900
ag671474-381413359,157000
149603235,257500
mgc-357977836-RK_MSB_MANSPACH_TM860,372800
hektor-3ROIIMMOBILIERE-971,190000
immo-facile-52251609,359000
ubiflow-easybusiness-231052765,217300
ag681106-372743368,262500
hektor-girardi-pfastatt-2891,540000
orpi-1-054927E1QUOE,66000
ag681158-330711993,269900
mgc-376913375-CWE-230223-160921,299000
ag670426-343593621,317651
safti-1-631224,480000
snpi-5219166,149900
citya-immobilier-36-TAPP434536,77700
160967941,319000
160722075,299500
hektor-MAYAIMMO2020-2030,250000
orpi-1-054934E2A5ZN,198900
rodacom-5200206,240800
hektor-CGAIMMOBILIER-803,159900
immo-facile-43356579,293000
hektor-agfreyimmo-832,273000
iad-france-973618,417000
ag681237-315940875,165000
ag671474-365825806,80900
mgc-355231995-C-ORB-620-AG,312900
apimo-7384949,307400
rodacom-4638273,489000
ag681088-336151743,242000
immo-facile-30440689,183000
ag681158-345649602,378000
mgc-321284741-MS-211028-100822,237000
gedeon-22726320,123000
ag670547-308785809,299000
ag681113-324846372,185000
guy-hoquet-immo-facile-3949808,93500
hektor-lifeimmo-1858,66000
ag681444-350144242,259000
ag681358-337455936,138600
ag681158-353157085,576000
orpi-1-054041E2011M,195000
guy-hoquet-immo-facile-2817180,180000
ag681106-375483373,339600
ag681332-351974887,287000
ag671791-355942900,122000
ag681404-373047790,97200
ag671791-331902780,169000
safti-1-613370,179000
entities-1044599-2802934,310763
safti-1-865674,149900
safti-1-718720,311000
entities-1044598-2705200,357900
immo-facile-adresse-13258516,305000
guy-hoquet-immo-facile-2533683,421000
guy-hoquet-immo-facile-5825118,88000
immo-facile-44628681,169900
ag672129-381361144,169000
apimo-6876835,1200000
immo-facile-51179701,465700
160538081,302000
ag681391-323976666,280000
ag340369-295162463,169000
guy-hoquet-immo-facile-5698840,82500
immo-facile-47805473,275600
hektor-ELSASS2020-5392,449000
century-21-202_3377_1334,650000
immo-facile-33665668,312000
ag681156-319761297,179900
immo-facile-3773335,265500
ag681158-323693466,437000
ag681113-313615317,159000
mgc-370345762-2212LBKEMBS330PP,349999
immo-facile-43939059,335000
ag671474-383035511,210000
rodacom-5167564,252000
ag750949-335101257,124000
hektor-ghisimmobilier-1991,196000
guy-hoquet-immo-facile-2975116,82500
entities-1043690-3679228,334600
ag671791-296399415,159000
immo-facile-37657353,630000
immo-facile-3349256,186170
immo-facile-51613169,449500
ag671325-360706498,205200
hektor-moebel-immo-198,305000
ag340369-364355113,450135
hektor-girardi-pfastatt-2749,156000
ag681140-375805408,275000
immo-facile-33708603,109200
ag671791-282033791,85000
rodacom-4418845,440000
immo-facile-38773879,115700
mgc-361131659-CWE-221004-175608,384000
hektor-3ROIIMMOBILIERE-916,69000
hektor-robischung-2035,374000
guy-hoquet-immo-facile-5519401,77000
146414511,146000
guy-hoquet-immo-facile-2168542,98000
iad-france-1319744,300000
orpi-1-054039E1IYHX,127000
ag681158-381788431,228000
160070267,267200
ag681425-361344670,394320
mgc-340059294-ZILLISHEIM558VVTP,338000
immo-facile-46813444,91000
immo-facile-47563302,249000
entities-1044599-2745255,316800
ag680010-331305057,168000
guy-hoquet-immo-facile-6206143,94000
hektor-immoplusalsace-2169,144500
adapt-immo-680091552,121500
hektor-moebel-immo-278,425000
hektor-agence-efco-immo-1670,566500
orpi-1-054036E29E84,98480
147977443,224000
ag681237-373309819,134900
safti-1-587315,40000
rodacom-4401733,208000
visiteonline-p_5335168,228000
orpi-1-054927E1PFYT,185676
immo-facile-39685254,74800
citya-immobilier-1273-TAPP475333,115000
safti-1-655815,237000
iad-france-797023,339900
hektor-MAYAIMMO2020-2365,159000
citya-immobilier-1273-TAPP435587,88000
ag440414-366068176,410000
hektor-1192_EXPERTIMO22-105149,613900
161278485,202600
immo-facile-45797141,99800
mgc-298749575-SJ-210420-151830,394000
immo-facile-32380753,101000
152858159,273035
nexity-GB00151858,60000
ag671791-296788005,299000
guy-hoquet-immo-facile-5008221,399000
orpi-1-054927E1V7VG,155150
ag680297-245793811,249600
hektor-MAYAIMMO2020-2029,357000
iad-france-842848,137500
rodacom-5135898,169600
ag671474-288562985,75000
pericles-36630275,377500
apimo-7381735,367000
ag311656-359981590,120000
157464827,100000
ag681212-350482510,115000
immo-facile-44797785,228000
mgc-381233777-CWE-230405-104228,254000
ag670640-243078646,168000
immo-facile-adresse-11036811,250000
rodacom-4369228,245000
hektor-girardi-pfastatt-2830,65000
century-21-202_3377_898,118800
mgc-ancien-067673,41400
guy-hoquet-immo-facile-2632294,199900
iad-france-1176873,455000
hektor-expertiseimmo-93,163000
hektor-cdrieux-697,136000
iad-france-968749,266000
apimo-8158316,228563
ag671791-316790730,110000
orpi-1-054933E2DLJV,359000
155142997,131000
immo-facile-48451226,462000
ag681106-321939291,422000
iad-france-1312703,109000
immo-facile-46730629,171600
citya-immobilier-1273-TAPP446543AA,175500
guy-hoquet-immo-facile-2716707,125800
century-21-202_3185_1331,98000
ag681158-324180903,239000
iad-france-1194374,190000
ag681237-378288232,276900
hektor-deuxmm-3,79500
immo-facile-32986107,294000
immo-facile-42328726,279000
rodacom-4867104,196100
160782775,298700
hektor-289_cphagentsco-93004,142000
ag680297-263442773,228800
mgc-379996401-C-WER-411-137-OS1,355147
ag681332-340966674,540000
hektor-sweethomeconseil-1319,487000
safti-1-722822,830000
hektor-CGAIMMOBILIER-1694,168000
ag681404-326621112,113400
iad-france-1132017,385000
160646773,224500
hektor-cdrieux-843,179000
ag671791-308292612,105000
mgc-334698113-C-MIT-470-AG,317000
151216855,295000
ag440414-366068173,615000
ag681119-371595949,240000
ag681075-373688038,71000
apimo-4348549,313000
ag671791-310338555,130000
ag681158-356005762,225000
snpi-5304859,57000
immo-facile-46289495,86800
ag440414-316963512,123000
rodacom-5200213,398300
hektor-expertiseimmo-104,228000
nexity-GB00124811,87000
immo-facile-34070979,115700
hektor-moebel-immo-172,234000
161233399,214500
iad-france-1025227,310000
hektor-MAYAIMMO2020-1575,226500
160702415,247412
entities-1044598-2779336,385800
ag671791-313257108,159750
ag681391-353571277,1325000
entities-1044599-2725474,327300
hektor-LECEDREIMMO-146,315000
safti-1-587239,274600
immo-facile-43204750,239200
ag681108-326136231,274000
ag681158-377526532,180000
ag681158-353341558,198000
160156191,269500
ag671913-327072939,100000
hektor-agencedelill-12853,425000
ag681156-307976991,230000
ag210220-228422074,292000
iad-france-1263177,199900
immo-facile-2396007,196808
ag680286-258102373,185000
ag681140-370336513,490000
hektor-CGAIMMOBILIER-1582,174900
hektor-premium-prestige-11218,621500
safti-1-608051,91000
ag680297-363181201,246700
ag680286-319007730,375000
159794609,235500
hektor-MAYAIMMO2020-1782,470000
ag680297-318135819,399000
apimo-6379614,51000
mgc-382507918-RK_CERNAY_-TM335_opt5,329700
guy-hoquet-immo-facile-2529234,499000
157403449,403200
iad-france-1350288,227000
ag681145-370780783,304654
apimo-8158333,199000
ag680278-206507799,799760
apimo-7340720,364000
hektor-MAYAIMMO2020-2042,59000
ag671791-319227492,110000
orpi-1-054041E28WNY,125000
hektor-premium-prestige-12129,178000
ag681158-373017889,336000
hektor-agence-efco-immo-1783,304900
safti-1-742295,201100
hektor-agence-efco-immo-1822,289200
entities-1043690-3634297,417248
ag681158-298893960,385000
orpi-1-054927E1YIGO,63000
152723905,201755
guy-hoquet-immo-facile-2271937,74000
ag681158-359674456,200000
immo-facile-22200946,139360
guy-hoquet-immo-facile-6365892,326500
hektor-MAYAIMMO2020-2451,126000
nexity-GB00136648,100000
entities-1044601-2633616,810000
orpi-1-054927E1MAE5,215000
hektor-generalimmo-3231,232000
mgc-184855521,400000
guy-hoquet-immo-facile-6020154,232000
entities-1044602-2722473,654300
ag681391-363272842,990000
safti-1-681353,277700
entities-1044601-2629601,939720
ag681156-273638219,325000
iad-france-1304351,377500
iad-france-1096630,370000
ag681332-345093456,325000
ag681391-347002485,435000
ag671913-375027205,105000
mgc-308742759,250000
hektor-lifeimmo-2014,181000
ag681156-280874669,285000
157796037,237900
rodacom-4694577,209600
hektor-MAYAIMMO2020-2534,315000
hektor-cpdelta-100,530000
rodacom-4456195,450000
hektor-ag-orim-1159,195000
rodacom-5250952,205000
ag681158-278697554,107000
mgc-355145942-CWE-220819-163819,197500
guy-hoquet-immo-facile-5589042,141300
ag681158-353126209,470000
ag681391-365796097,246000
hektor-mhimmobilier-1406,446250
safti-1-608826,75000
ag671474-283823522,96000
147601711,191600
immo-facile-44190925,431600
hektor-generalimmo-3048,299500
rodacom-5108384,222263
125836821,151000
entities-1043690-3772676,334450
ag680633-260414404,92000
immo-facile-46712778,160000
ag681158-378912913,154000
160967723,323433
immo-facile-50596817,201500
immo-facile-51426615,125000
immo-facile-37776174,139300
snpi-5312623,172800
guy-hoquet-immo-facile-2565099,104500
immo-facile-46020482,343200
hektor-moebel-immo-323,278000
ag681158-290725250,66000
immo-facile-50602892,363000
immo-facile-40366759,74800
pericles-36546080,238900
ag681391-367434145,650000
iad-france-834569,129900
immo-facile-49874490,174900
hektor-CGAIMMOBILIER-920,190800
adapt-immo-680091536,519500
entities-1044601-2695409,512000
guy-hoquet-immo-facile-6195395,450000
orpi-1-054932E2CJGX,325500
ag680010-233247439,168000
hektor-MAYAIMMO2020-2148,320000
hektor-generalimmo-2917,286000
immo-facile-39056267,154000
guy-hoquet-immo-facile-5517169,221500
guy-hoquet-immo-facile-5599245,168000
immo-facile-adresse-12972991,173340
safti-1-609739,189000
mgc-380023142-CWE-230324-144412,259000
immo-facile-51752643,148000
ag681158-348987723,409000
adapt-immo-7401422367,286300
ag681332-357880165,575000
ag681110-376892236,283000
hektor-sweethomeconseil-1050,294000
adapt-immo-680091384,117000
hektor-PAQUIN2020-32,149900
hektor-sweethomeconseil-1133,815000
ag680575-176911540,237000
mgc-380000283-C-BOL-500-85-OS1,313300
149197713,154500
hektor-MAYAIMMO2020-2482,290000
immo-facile-adresse-12931230,299000
160071293,240000
ag060811-347606469,295000
hektor-sweethomeconseil-1237,650000
entities-1043690-3634377,360207
citya-immobilier-1273-TAPP420703,85000
gedeon-25386007,497000
ag681158-323364942,364000
safti-1-628476,275600
safti-1-759844,51000
immo-facile-51528351,94000
iad-france-686208,87000
ag340369-333357843,249900
hektor-sweethomeconseil-1352,424000
apimo-8158429,170000
hektor-alaingimmo-374,149000
gedeon-24751887,203200
hektor-MAYAIMMO2020-1991,313500
guy-hoquet-immo-facile-4689504,99500
immo-facile-43255909,54800
ag680254-335697705,107000
ag681158-298169004,107000
ag680297-317232603,369000
ag340369-348059769,251000
hektor-expertiseimmo-959,100000
immo-facile-36919931,985000
ag681106-364521487,138000
citya-immobilier-36-TAPP412050,77000
ag681122-304776183,242000
immo-facile-52408493,510000
entities-1043690-3683946,321966
hektor-ifeaimmo-1729,132000
orpi-1-054048E1J3JY,91800
ag671913-363528175,310000
ag681156-344602770,279000
ag671913-374637496,1092500
guy-hoquet-immo-facile-2732210,192000
apimo-7187143,113900
ag681104-265157148,240000
immo-facile-49700224,92000
gedeon-23954897,497000
ag340369-249344686,223200
gedeon-24259097,254000
mgc-182634618,255000
ag681494-367278982,99500
hektor-1_lerosenberg-1733,450000
mgc-335330238-RK_MSB_ROGGENHOUSE_TM620,359000
nexity-GB00146387,144500
ag680633-282193508,138800
156954023,199000
apimo-4287449,636000
hektor-MAYAIMMO2020-1911,380000
guy-hoquet-immo-facile-6078802,151500
ag681391-373563025,139000
immo-facile-47563087,180000
ag681145-318251883,420000
ag681391-373908454,575000
157403563,308580
hektor-MAYAIMMO2020-2210,199500
151236491,356000
immo-facile-51899025,397500
orpi-1-054048E1OVVB,231000
orpi-1-054928E24P6P,191500
nexity-GB00099070,66000
entities-1044601-2758132,612000
ag681104-288068909,260000
ag680297-326006058,106000
ag681158-345787149,96000
hektor-generalimmo-3316,163000
ag680632-257686825,115500
hektor-cdrieux-812,322400
mgc-370345777-2212JCPFASTATT418PP100,430600
immo-facile-51773116,178100
guy-hoquet-immo-facile-2628146,87000
ag671791-289969796,122000
hektor-CGAIMMOBILIER-605,294000
immo-facile-38877670,225000
hektor-girardi-blotzheim-2633,160000
hektor-MAYAIMMO2020-2349,149000
guy-hoquet-immo-facile-5811634,298000
ag680010-309041844,283500
guy-hoquet-immo-facile-5027145,190000
immo-facile-49003510,159500
immo-facile-50704062,322400
hektor-girardi-pfastatt-2762,275000
hektor-MAYAIMMO2020-1842,124200
ag670547-235216024,296800
hektor-immo-wittenheim-3148,208000
hektor-MAYAIMMO2020-1943,103000
ag681212-328421097,150000
iad-france-843108,245000
hektor-robischung-2183,229000
apimo-8179862,345000
ag681158-350907274,360000
rodacom-4694571,314295
ag681122-311728476,440000
rodacom-5085977,1200000
immo-facile-43317958,177000
ag681140-381426151,890000
152028443,104000
guy-hoquet-immo-facile-4440790,134900
hektor-mhimmobilier-85,81000
orpi-1-054038E24MGQ,224000
apimo-6172404,150000
hektor-robischung-2611,220000
immo-facile-29716419,299000
orpi-1-054048E1ONZ0,159000
orpi-1-054037E1RCDO,305975
immo-facile-49828426,379900
mgc-344041575-VMMORSCH2022509,424476
mgc-358354582-MKI-FELDBACH-20220914,532146
immo-facile-adresse-10926759,469750
guy-hoquet-immo-facile-4688308,207300
ag681158-314399592,239000
158553757,383000
guy-hoquet-immo-facile-4817455,115600
ag671474-311366160,100000
mgc-355048666-RK_MSB_BLODELSHEIM_TM537,334700
ag671913-320132970,234000
immo-facile-39711449,375000
ag681204-362995243,285000
rodacom-4299885,446000
rodacom-4825540,209968
141948157,138000
ag681158-300642948,832000
immo-facile-50596067,494000
ag681237-348270450,159750
ag681391-346572012,121900
ag680286-315340770,116000
mgc-118756865_EK-0610-OTT-4-EK-0610-OTT4-100-EK-0610-OTT-4-EK-0610-OTT4-100,338160
hektor-PAQUIN2020-33,169600
hektor-generalimmo-3113,520000
rodacom-5106870,125000
ag681404-378889708,129000
mgc-165885536_SOULTZMATT,161000
guy-hoquet-immo-facile-5699630,151300
iad-france-797986,184000
mgc-355232208-C-BAL-500-AG,302000
hektor-moebel-immo-220,390000
apimo-53177,114500
immo-facile-1447555,260638
ag671791-285089048,447000
immo-facile-49507840,395200
orpi-1-054039E19KTR,241900
150550537,344000
hektor-MAYAIMMO2020-826,241000
safti-1-722369,119900
ag671913-380482042,317000
ag681141-381896287,890000
orpi-1-054926E220U7,155150
ag681158-338183373,367000
hektor-immoplusalsace-2182,109900
ag681237-311865933,443100
ag681404-358528549,416725
hektor-cdrieux-881,128000
rodacom-4591048,148500
ag681088-369667975,210000
hektor-LECEDREIMMO-224,364000
apimo-5616526,149800
iad-france-1186893,106000
iad-france-735297,124500
hektor-lifeimmo-1915,163000
hektor-MAYAIMMO2020-2575,577500
hektor-girardi-pfastatt-3095,345000
mgc-372080879-CWE-230110-094153,232000
ag340369-359455624,268000
orpi-1-054037E2FHZ4,525000
immo-facile-48280372,112000
145263137,232000
hektor-mhimmobilier-1171,220500
visiteonline-p_5389252,560000
iad-france-1096124,229000
ag681404-326621049,185000
157403367,291300
pericles-36630255,217500
iad-france-1218021,283000
entities-1043690-3771468,347660
entities-1044598-2732767,426600
rodacom-5020053,249100
ag671791-382456123,277000
ag340369-337921428,149000
mgc-334755527,154000
immo-facile-51340011,439000
ag681332-350724991,279575
guy-hoquet-immo-facile-2601030,197400
guy-hoquet-immo-facile-5557365,99500
immo-facile-51035312,578000
guy-hoquet-immo-facile-1710674,118200
rodacom-5250932,200000
entities-1044599-2637217,373700
hektor-agence-efco-immo-1686,676000
hektor-mhimmobilier-1189,383000
guy-hoquet-immo-facile-2633584,137000
ag671913-371795260,185000
ag671791-281915285,151000
ag311656-378197248,99000
safti-1-674745,290000
nexity-GB00114912,108000
nexity-GB00156164,445000
ag681104-335159433,160000
safti-1-591356,185000
hektor-expertiseimmo-19,235000
entities-1044599-2752472,378000
apimo-82256900,171000
ag681156-317635500,315000
mgc-118756865_RFMEYE646-RF92P2GA-RFMEYE646-RF92P2GA,328500
ag681210-367629070,207000
orpi-1-054039E2C191,436000
ag681108-287902694,1200000
gedeon-24220057,390800
ag671913-381868933,428200
safti-1-800813,479000
ag750665-257731147,465800
mgc-172696845,297000
mgc-380630923-MKI-TRAUBAS-230330,393300
immo-facile-44976354,210000
hektor-MAYAIMMO2020-2235,161000
ag681237-293090612,605000
ag671913-375940093,339000
guy-hoquet-immo-facile-5813156,141300
ag681444-352669390,321700
hektor-immo-wittenheim-3158,296400
160967685,233858
158863125,206095
entities-1043690-3849692,364500
iad-france-1221977,149000
ag440414-366097714,225000
immo-facile-50669095,69800
gedeon-23497690,625000
immo-facile-47727742,370000
guy-hoquet-immo-facile-2730709,590000
hektor-mhimmobilier-1370,199500
hektor-immolandismunst-1072,197950
hektor-dagon68500-2334,80000
iad-france-1215334,125000
ag671474-248981818,159500
guy-hoquet-immo-facile-2799284,224900
ag681158-283411310,174000
ag681332-321449958,121000
mgc-118756865_DMBRUN4-DMBUR-DMBRUN4-DMBUR,745000
mgc-360488818-MKI-ZAESSINGUE-20222909,327431
safti-1-611411,172425
iad-france-1317768,175000
hektor-MAYAIMMO2020-1902,540800
144849391,152000
ag250493-263754710,276925
rodacom-5167087,234000
ag681120-375202414,572500
ag681237-305095566,290250
guy-hoquet-immo-facile-5557781,197400
156684833,219000
immo-facile-48682675,187200
ag681109-367550623,289000
mgc-223917192-SJ-191104-094441,345000
hektor-LECEDREIMMO-16,252000
apimo-7156603,255000
ag681104-335512386,292500
immo-facile-35297321,168000
ag680254-253911774,128400
century-21-202_3185_1079,245300
hektor-franckberna20-48,149800
ag681122-365513422,262000
hektor-robischung-2263,330000
ag680286-358710616,150000
entities-1044599-2803418,438000
148213201,155000
ag681104-274454351,47000
guy-hoquet-immo-facile-2736398,217000
hektor-dagon68500-2377,160000
orpi-1-054927E25DTL,139162
rodacom-5243024,385000
159953475,80000
ag680278-236509390,236250
ag681158-346736970,89000
hektor-3ROIIMMOBILIERE-970,172000
immo-facile-33492241,168000
hektor-1_lerosenberg-1550,359000
160182147,427615
adapt-immo-680091554,242300
century-21-202_3185_1272,161000
entities-1044598-2692353,342900
ag680824-319853646,192000
guy-hoquet-immo-facile-2808411,179000
mgc-381793947-C-OBE-460-84-AG1,315000
mgc-341355787-MS-220426-150449,304000
hektor-expertiseimmo-15,264000
mgc-300406328-SJ-210503-162608,414000
hektor-mhimmobilier-1315,143000
ag671791-314549841,93950
hektor-MAYAIMMO2020-2376,159000
orpi-1-054927E1C9JX,125080
hektor-agence-efco-immo-1467,236250
hektor-homeettoits-83,374500
iad-france-1019955,120000
hektor-girardi-pfastatt-2915,55000
iad-france-910192,132000
immo-facile-51276408,120000
ag681158-305887392,562000
ag671791-282281747,192000
ag680278-249654757,280000
mgc-382473711-C-WUE-463-112-OS2,409360
ag681158-335527926,170000
immo-facile-39819513,100000
hektor-amsignatureimmo-84,364000
immo-facile-37598756,141700
ag681158-352665520,101700
entities-1044599-2798785,363300
guy-hoquet-immo-facile-3472741,107000
ag671913-375133666,330000
160967325,319200
mgc-380603504-SJ-230330-110057,288500
immo-facile-45249743,260000
mgc-383226463-SJ-230424-183147,571000
mgc-376363399-RK_MSB_VOL_TM482m,311700
immo-facile-49072380,370000
entities-1044599-2802870,297400
160538055,399900
ag681237-376578172,530665
guy-hoquet-immo-facile-6283637,99000
immo-facile-33594568,131000
160617287,315650
century-21-202_3185_982,125000
hektor-sweethomeconseil-1351,147000
immo-facile-adresse-12623964,370000
ag681119-289078410,199000
apimo-5245766,375000
mgc-315667049-pp210910-103727,261720
orpi-1-054926E1UKXA,151940
safti-1-783857,402000
hektor-cdrieux-887,147000
guy-hoquet-immo-facile-5813299,171900
apimo-5569154,263800
guy-hoquet-immo-facile-6031607,226000
ag681237-290929922,118800
immo-facile-38944883,197600
hektor-MAYAIMMO2020-2455,228000
hektor-ghisimmobilier-1922,139000
apimo-6715609,318000
apimo-5803908,272000
snpi-5310208,220000
hektor-MAYAIMMO2020-1591,330000
ag440414-287972861,175000
guy-hoquet-immo-facile-2673870,315000
ag681104-332170017,115000
mgc-357265955-CWE-220906-115348,266500
iad-france-1311462,359000
hektor-moebel-immo-115,554000
hektor-girardi-pfastatt-2854,99000
immo-facile-46693310,497000
guy-hoquet-immo-facile-4355130,119600
ag680297-265562435,75000
safti-1-616334,251000
ag681391-359315701,445000
ag671791-300740544,200000
laforet-immo-facile-16939596,240000
iad-france-1275586,118000
entities-1043690-3683508,353471
mgc-310252299-VM-MASEVAUX-2020207,346257
visiteonline-p_4410138,153000
hektor-ghisimmobilier-1962,222000
nexity-GB00125958,110000
ag681391-351045277,175000
ag680734-364216141,166430
hektor-ELSASS2020-3724,252000
orpi-1-054927E25DQQ,199809
150550523,384000
rodacom-4583566,305501
hektor-agence-efco-immo-1698,225750
ag681110-343372413,212000
century-21-202_3185_1139,149900
hektor-Immobiliere-tradition-alsace-hoenheim-1519,70000
ag333747-330704058,124000
mgc-118756865_OBERE584-RF111TPG2-OBERE584-RF111TPG2,455500
entities-1044599-2745258,356363
rodacom-4344858,336000
mgc-369271134-C-OBE-096-AG,314700
ag680967-242958415,98100
hektor-generalimmo-3075,205400
156275487,139500
hektor-robischung-2533,262066
mgc-375576806-SJ-230210-150635,264000
safti-1-698420,93000
hektor-robischung-2274,386000
ag671791-291495812,75000
guy-hoquet-immo-facile-4681428,231700
ag681158-376784020,274000
hektor-girardi-pfastatt-2898,185000
gedeon-24363104,279800
immo-facile-33426753,99000
entities-1043690-3634389,403630
guy-hoquet-immo-facile-5519456,186900
mgc-285447675-SJ-210119-172247,384000
immo-facile-50458417,175000
immo-facile-50196957,440000
orpi-1-054048E1KHFK,149900
mgc-354884369-pp-220817-103241,260470
hektor-mhimmobilier-1367,148400
safti-1-569154,262000
151357107,349000
mgc-372486050-CWE-230113-180441,382000
ag670426-333334824,176200
ag681391-365796409,116600
mgc-276239793-CWE-201112-101240,386000
hektor-girardi-pfastatt-2837,168000
orpi-1-054928E26MVS,195300
gedeon-25511663,177000
ag681113-313682559,263000
safti-1-592859,189000
mgc-369250299-C-VOL-96-AG,305900
ag671791-364362343,89100
ag670426-336682980,294000
ag681237-321651765,179985
mgc-305687153-SJ-210614-095628,410900
hektor-1_lerosenberg-1352,175000
immo-facile-49175896,465750
orpi-1-054037E1QUTM,262000
orpi-1-054036E2C4ZN,241400
ag671913-316033620,359000
immo-facile-adresse-12992024,180000
entities-1043690-3705918,286700
immo-facile-52208334,70500
ag681156-341234646,568000
145058643,483000
immo-facile-45977715,135200
hektor-moebel-immo-199,579000
immo-facile-49153660,67500
guy-hoquet-immo-facile-5809548,234000
mgc-349849390-MKI-ALTKIRCH-20220704,286649
hektor-dagon68390-2435,399000
rodacom-4549856,215000
ag681158-370340974,230000
hektor-generalimmo-2768,252000
mgc-383070214-CWE-230422-084055,285000
iad-france-1083847,270000
mgc-363123637-2MERXHEIM368LP2P90,306000
guy-hoquet-immo-facile-5566979,463500
century-21-202_3185_1445,261000
hektor-PAQUIN2020-107,249900
ag681088-319931709,140000
hektor-MAYAIMMO2020-1769,230000
ag681108-273170693,402000
century-21-202_3377_450,139000
ag671474-348359205,235000
ag681088-343536711,210000
immo-facile-35458516,135200
mgc-347670933-cf-elodi3-soppe_1200m2,398500
ag671791-311496189,105000
ag681391-361581445,168000
century-21-202_3377_257,140400
hektor-MAYAIMMO2020-1936,338000
hektor-cdrieux-893,293000
hektor-LECEDREIMMO-90,199500
immo-facile-52257911,340000
139483195,225090
immo-facile-33605777,332800
ag681237-306183216,193830
visiteonline-p_5230606,388800
ag681158-265833629,50000
hektor-girardi-pfastatt-3350,150000
mgc-369722089-1612DIETWILLER501LP2P130,413000
guy-hoquet-immo-facile-1865805,232000
iad-france-863896,120000
mgc-363779940-C-GUE-620-D-AG-2,373200
157403343,272720
safti-1-759377,90950
immo-facile-43657352,135200
ag680010-201510459,199900
hektor-ghisimmobilier-1953,480000
ag671791-283067474,122000
mgc-118756865_DMBRUNS4-DMBRUN-DMBRUNS4-DMBRUN,820000
ag681108-355030762,299000
entities-1043690-3587700,318290
immo-facile-51380559,79800
immo-facile-51234268,329600
hektor-CCLAUSSSelestat-16358,120366
hektor-cdrieux-867,440000
orpi-1-054927E1H4IK,399000
mgc-277767498-pp-201123-162057,315824
gedeon-26811009,557000
ag671791-316649373,85000
ag681110-317556630,510000
ag680278-214186899,209900
immo-facile-37052094,145600
ag250493-263754695,64000
ag671474-336598122,210000
ag681404-356217367,432550
hektor-girardi-pfastatt-3381,298000
hektor-generalimmo-3302,239000
ag671791-292177556,230000
apimo-8158329,292388
160967869,275100
safti-1-793279,360500
ag681075-374085142,126000
orpi-1-054037E2CF88,220000
apimo-7546302,659000
ag681237-313383456,165000
entities-1044602-2708214,643900
hektor-CGAIMMOBILIER-1060,109180
guy-hoquet-immo-facile-5673919,318000
hektor-lifeimmo-1779,143000
mgc-118756865_EK-0610-DURM2-EK-0610-DURM2-100-EK-0610-DURM2-EK-0610-DURM2-100,358860
safti-1-801674,299900
century-21-202_3377_1363,395000
ag680824-364934920,116000
apimo-8158461,324000
entities-1044601-2795074,615200
immo-facile-45500771,741600
iad-france-1330900,229000
ag681404-326621085,40000
hektor-cpdelta-101,350000
entities-1043690-3747698,299580
laforet-immo-facile-17974994,187250
hektor-dagon68390-2456,645000
hektor-generalimmo-3164,246000
ag681106-375852607,370000
ag743447-328795347,619800
hektor-expertiseimmo-25,232000
mgc-344541540-EK-210522-WALD-Ober-Keog,409886
ag680575-266992859,181000
iad-france-1115126,210000
ag681391-358655962,490000
ag681140-367094734,1050000
hektor-girardi-pfastatt-2507,123000
ag743447-355012996,867000
guy-hoquet-immo-facile-4675072,370000
hektor-girardi-pfastatt-3323,220000
safti-1-713083,109900
mgc-379653512-MS-230321-155858,548000
ag681158-343694085,439000
mgc-377679681-C-TUR-635-88-AG,424600
entities-1044599-2725472,369500
immo-facile-adresse-12926818,335000
ag440414-337318155,268500
immo-facile-50736308,193600
hektor-generalimmo-3234,156000
152028517,149000
hektor-girardi-pfastatt-3156,203000
immo-facile-49344643,249600
immo-facile-51699834,269000
ag670426-338504475,186000
132800671,427000
guy-hoquet-immo-facile-5551741,307000
ag681110-374854342,329000
safti-1-729457,220000
158599089,225670
150944119,218400
laforet-immo-facile-17930785,98500
hektor-MAYAIMMO2020-2147,530000
hektor-MAYAIMMO2020-2095,169000
nexity-GB00112697,94000
hektor-expertiseimmo-38,210000
ag681237-312669063,113400
ag250493-340579683,386000
iad-france-1008687,409999
guy-hoquet-immo-facile-5812091,61000
mgc-378208282-MKI-ASPACHBAS-230307,263000
entities-1043690-3669950,351430
guy-hoquet-immo-facile-2808419,78000
iad-france-1264325,65000
ag680974-293990219,148000
orpi-1-054039E1J77W,225000
154979993,305600
ag681088-354599404,232000
ag301615-373644189,265000
rodacom-4211056,336000
mgc-361542137-pp-221007-095748,274020
ag743447-355258798,149800
hektor-immolandismunst-1103,140400
150511949,104000
guy-hoquet-immo-facile-2257379,474000
safti-1-783479,390000
apimo-4453292,325000
immo-facile-47737146,210500
ag671791-321281628,106900
guy-hoquet-immo-facile-5599043,116900
guy-hoquet-immo-facile-6061791,120400
ag671791-283263275,127000
ag681391-365795926,155000
guy-hoquet-immo-facile-2559510,75000
immo-facile-49787332,291200
hektor-generalimmo-2765,263000
hektor-1_lerosenberg-2017,239000
guy-hoquet-immo-facile-2113083,75000
ag681444-344791092,310000
immo-facile-39830626,140000
ag671791-315121341,240000
immo-facile-49588590,369000
ag680632-221642416,192000
ag681108-352089955,253000
rodacom-5236473,339000
ag060811-354693787,189000
ag681158-367337836,180000
immo-facile-46672674,135200
orpi-1-054039E1OXAW,646000
immo-facile-49301457,353600
orpi-1-054048E26P50,291500
hektor-moebel-immo-272,382000
hektor-MAYAIMMO2020-2072,420000
mgc-372201566-SJ-230111-101209,313600
ag681237-316953417,477000
ag681391-345435561,460000
ag681495-363024550,45000
century-21-202_3377_987,609000
ag340369-274986416,231900
immo-facile-47554680,227000
mgc-301526534-CWE-210511-185740,252000
immo-facile-34439246,197600
iad-france-1319379,219000
rodacom-4470279,86000
hektor-DYNAMICITY2022-9,125000
ag670547-237622366,59000
ag681237-349472634,369250
159579861,258000
ag681106-382703888,156900
ag753274-360997108,169900
ag680254-265066547,64000
ag671633-341798634,255000
ag671791-302861991,171000
immo-facile-40390153,416000
iad-france-933700,157000
hektor-CGAIMMOBILIER-865,327600
keller-williams-1-34_1_29-121577,175000
ag681110-365118199,447200
ag681391-351219229,145000
safti-1-769207,285000
hektor-moebel-immo-99,346000
hektor-MAYAIMMO2020-1875,449500
entities-1044599-2725461,365800
iad-france-870469,109000
hektor-robischung-2709,160000
entities-1044601-2812745,702920
mgc-274831163-EK-Ober-ID416-21120,287368
apimo-82485561,180000
hektor-MAYAIMMO2020-2416,229000
immo-facile-43217501,279700
immo-facile-46235643,166400
guy-hoquet-immo-facile-5753475,223000
safti-1-673879,170000
hektor-amsignatureimmo-82,469000
ag671791-301974582,174000
ag671791-325232235,227900
orpi-1-054041E1ULND,160000
entities-1044598-2758124,274800
hektor-1_lerosenberg-1398,700000
156275485,245500
ag681158-286625726,224000
hektor-generalimmo-2687,284000
hektor-robischung-2706,285000
ag681404-326621127,263500
guy-hoquet-immo-facile-5873411,310000
hektor-cdrieux-782,140000
ag681237-324180780,116640
hektor-immo-wittenheim-3183,117800
ag681145-353218513,320000
ag681158-361957609,199000
160072219,640000
156684831,135000
safti-1-738077,275000
mgc-320688120-AP-HAGENTHAL_LE_BAS-20212210,305000
guy-hoquet-immo-facile-5747797,110000
immo-facile-46659303,185000
iad-france-1124024,179000
immo-facile-43216829,270400
rodacom-4553067,276300
ag681104-274454378,60000
156968955,215500
immo-facile-51032224,130000
orpi-1-054927E1M3WM,86000
ag680286-283606628,275000
mgc-360788515-5MORSCHWILLERLEBAS281LB2P100,320000
orpi-1-054048E1L7K8,214000
immo-facile-42683118,398000
entities-1043690-3587709,341555
ag671791-299328009,75000
ag060811-346232844,498000
mgc-118756865_RFBANT1160-RF1224PGA-RFBANT1160-RF1224PGA,461500
rodacom-4825122,204000
mgc-371568593-MS-230105-104704,289000
ag680047-243329299,199500
ag060811-279288386,171846
safti-1-598630,101000
mgc-240514563-CWE-200224-114255,255000
entities-1044599-2752486,404500
ag681088-364532059,328000
ag671791-321699921,110000
apimo-7436784,149000
160070251,210388
entities-1044598-2770889,334420
ag680967-280450220,159000
ag671913-374114608,87900
ag681404-371168206,180000
rodacom-4702949,275700
ag681156-278547002,525000
entities-1044602-2637194,579700
iad-france-907051,116000
iad-france-1321327,299000
ag681104-381267310,279900
immo-facile-adresse-12775506,107000
guy-hoquet-immo-facile-2761512,285000
guy-hoquet-immo-facile-5646633,66500
immo-facile-47716340,150800
immo-facile-51909044,172800
immo-facile-33524008,189280
ag681158-340283547,211000
rodacom-4334837,129900
guy-hoquet-immo-facile-2715887,99000
entities-1044598-2771723,360000
ag681104-374409739,399000
orpi-1-054037E2EJT4,325000
entities-1044598-2631783,355000
hektor-CGAIMMOBILIER-1108,189900
hektor-CGAIMMOBILIER-1759,333636
mgc-351339661-3LEYMEN600JCPP100,498600
immo-facile-52316050,210000
guy-hoquet-immo-facile-5525519,71500
apimo-4524276,195000
guy-hoquet-immo-facile-5016614,109900
iad-france-1346133,133000
guy-hoquet-immo-facile-5739806,255000
hektor-MAYAIMMO2020-1987,367500
ag681204-325164663,288000
hektor-agencedelill-12872,499000
immo-facile-2191973,175532
157818455,482000
hektor-agence-efco-immo-1999,319600
hektor-girardi-pfastatt-2906,92000
hektor-cpdelta-64,418000
guy-hoquet-immo-facile-4860510,129000
ag681391-328568958,577700
ag681104-265851030,331000
mgc-334754624,219000
156275489,259500
apimo-4335628,545000
ag680575-305792502,420000
ag681088-329716425,263000
immo-facile-35448769,79800
immo-facile-47623852,139600
safti-1-751243,280000
ag681156-268922681,100000
nexity-GB00169724,98000
immo-facile-50776213,495000
mgc-147036571_ISSENHEIM,266000
immo-facile-46692216,273000
hektor-CGAIMMOBILIER-772,180000
hektor-MAYAIMMO2020-2458,205000
safti-1-758587,440000
160878357,401200
hektor-sweethomeconseil-1109,173000
laforet-immo-facile-20822204,285690
guy-hoquet-immo-facile-5989658,71000
mgc-381793740-C-OBE-460-112-AG1,339000
orpi-1-054934E2HMHB,61000
151434331,280000
guy-hoquet-immo-facile-5994309,169000
hektor-ELSASS2020-4951,285000
iad-france-985001,185000
160711971,189460
gedeon-24001908,728000
145774171,116600
immo-facile-51370313,129000
hektor-agence-efco-immo-1817,298000
mgc-382182089-pp-230414-091221,351660
mgc-149668820,269657
entities-1044599-2702098,434900
hektor-moebel-immo-194,228563
ag681075-261123511,168000
immo-facile-44197859,271000
hektor-MAYAIMMO2020-1820,590000
immo-facile-48010085,104800
guy-hoquet-immo-facile-4903080,189500
hektor-cdrieux-797,79500
ag681088-362538289,70000
hektor-moebel-immo-78,387700
guy-hoquet-immo-facile-5828644,99500
ag671791-362541799,89100
safti-1-836024,480000
orpi-1-054041E1C1CL,200000
immo-facile-50152677,239200
century-21-202_3185_1374,171100
hektor-sweethomeconseil-1183,465000
hektor-immoplusalsace-2207,282000
mgc-318651965-SJ-211006-101306,376000
guy-hoquet-immo-facile-4966133,253000
apimo-7912988,118800
ag681120-343921698,430000
citya-immobilier-36-TAPP431476,88800
orpi-1-054036E2F2J1,108400
ag681104-274454321,108000
ag680254-365840110,123050
visiteonline-p_5251270,136000
ag060811-381134632,197000
guy-hoquet-immo-facile-5698332,212400
ag671791-283263977,159750
155537265,163000
hektor-5_lerosenberg-1585,245000
entities-1044601-2687000,652800
ag681158-295420196,59000
ag680824-306483360,178000
immo-facile-50711417,123500
immo-facile-50664541,295000
safti-1-726111,318000
mgc-334058444-C-ISS-553-B-AG,495000
hektor-sweethomeconseil-1292,573000
rodacom-4760507,259000
ag681156-254710374,873600
guy-hoquet-immo-facile-2560105,115000
rodacom-4480664,175000
entities-1044601-2758130,727450
immo-facile-45477102,249600
hektor-alaingimmo-359,130000
entities-1043690-3887973,337000
fnaim-46616232,99000
guy-hoquet-immo-facile-5856807,200000
mgc-245530636-BK_Burnhaupt1,225000
orpi-1-054038E28UIR,159000
hektor-sweethomeconseil-1327,229000
iad-france-1178722,85000
mgc-343121601-SL-BALGAU-20220511,299013
mgc-348105240-2LUTTERBACH650LP4P,420500
hektor-robischung-2186,188000
hektor-alaingimmo-340,75000
iad-france-1214036,445000
ag671474-254738877,340000
ag681332-322302882,759000
ag671791-319371846,169000
hektor-robischung-2655,220000
visiteonline-p_5228693,224700
ag681158-306358500,169000
orpi-1-054927E1ID5T,346500
immo-facile-50409213,145000
megagence-1-110246,570000
immo-facile-35990662,26000
ag681120-374464414,249900
safti-1-719036,450000
143255785,212500
apimo-4203111,448000
ag681145-325828104,175000
hektor-PAQUIN2020-159,416000
immo-facile-46006660,161200
hektor-dagon68500-2424,180000
apimo-8016335,175000
ag680575-220007289,405000
apimo-8158436,234000
hektor-cdrieux-785,125000
immo-facile-43836273,163000
ag671791-283432523,89000
hektor-MAYAIMMO2020-2424,210000
mgc-382472604-C-BUR-410-135-OS4,422100
hektor-MAYAIMMO2020-2528,262500
iad-france-1313372,195000
ag681210-365059996,207000
laforet-immo-facile-20843458,477000
rodacom-4800103,134000
immo-facile-51318402,240000
gedeon-24744745,157000
150943949,186600
rodacom-5140090,319800
hektor-MAYAIMMO2020-2524,129000
ag681391-370879387,165000
nexity-GB00125984,82000
hektor-ghisimmobilier-2042,150000
hektor-immo-wittenheim-3076,132700
safti-1-807569,322400
immo-facile-1079134,238000
adapt-immo-75008109939,243800
ag681110-361935796,180200
ag680331-319201307,78000
ag681391-346572036,175000
hektor-agence-efco-immo-1564,172900
laforet-immo-facile-17742096,93500
ag670426-333335070,210500
guy-hoquet-immo-facile-4937257,117000
mgc-233031606-pp-200108-154752,389060
iad-france-1235944,410000
rodacom-4299564,200130
ag743447-363147961,269000
apimo-6139874,141000
ag681391-365796721,480000
161402499,273500
pericles-36630240,178000
ag340369-277239026,217500
ag681110-229898077,150000
hektor-lifeimmo-1811,230000
immo-facile-45489381,272000
gedeon-24848559,226000
immo-facile-1094711,219000
immo-facile-49701936,474000
immo-facile-49077352,131500
hektor-MAYAIMMO2020-2384,185000
mgc-358817491-3HOCHSTATT10002P140LP,560000
ag681156-268922672,748800
125437535,135000
ag681110-343373658,257500
mgc-177037289,231500
immo-facile-49821630,255000
immo-facile-47689773,278000
guy-hoquet-immo-facile-5669334,126900
149338907,312000
iad-france-1228425,313000
mgc-118756865_EK-HAGBAS-2P-100-360-EK-HAGBAS-360-100-EK-HAGBAS-2P-100-360-EK-HAGBAS-360-100,398300
ag681234-346549449,160500
iad-france-1281875,99000
147952039,85000
immo-facile-52218049,445000
hektor-MAYAIMMO2020-2367,149000
mgc-307665644-SJ-210629-164851,287900
ag681141-367440298,378000
hektor-girardi-blotzheim-2733,168000
ag681122-278357885,660000
ag681158-378527929,299000
hektor-generalimmo-3415,240000
immo-facile-49827144,2200000
nexity-GB00125311,125000
hektor-cdrieux-716,275600
immo-facile-48865288,646540
safti-1-794472,123000
hektor-robischung-2273,44000
adapt-immo-680091154,161000
immo-facile-35283119,167680
immo-facile-40712039,290000
ag671791-351153775,122000
hektor-girardi-pfastatt-3354,272000
hektor-girardi-pfastatt-2783,86000
guy-hoquet-immo-facile-2329360,249600
immo-facile-46693256,291200
apimo-6513383,530000
ag671913-378797575,745000
ag681158-321377787,288000
158272467,202000
immo-facile-44563605,395000
mgc-233204637,112000
hektor-MAYAIMMO2020-1881,530000
ag671633-287974310,219000
iad-france-1235731,148000
ag681237-321074970,422000
ag681156-259489324,175000
hektor-cdrieux-834,410000
hektor-expertiseimmo-2065,140000
mgc-376884062-SJ-230223-101240,280000
mgc-369248880-C-VOG-130-AG,379400
orpi-1-054038E2I8SW,296400
hektor-expertiseimmo-21,235000
iad-france-1312306,990000
nexity-GB00160296,94000
ag681113-289283135,298000
ag681156-289990967,443000
hektor-agcinqpattes-6,375000
ag670426-343593750,199000
safti-1-539568,189000
gedeon-24739063,167000
orpi-1-054934E2J4SO,142000
hektor-immo-wittenheim-3174,228800
guy-hoquet-immo-facile-2250662,237900
ag681103-251654760,117700
mgc-110707807,233672
immo-facile-42607571,249600
safti-1-723724,699000
iad-france-1318525,127000
hektor-CGAIMMOBILIER-1606,231000
safti-1-599652,245000
rodacom-4598821,425000
rodacom-4605031,212000
ag681158-365685064,399000
hektor-mhimmobilier-1442,295000
mgc-111005910,238431
ag681391-343130331,295000
entities-1044598-2657617,376900
ag681124-351974521,677000
immo-facile-35610032,360000
ag680047-281635778,262500
rodacom-5058342,391000
immo-facile-35600664,366340
immo-facile-27334381,197600
guy-hoquet-immo-facile-5002940,245000
ag671913-371795281,337000
ag671791-294405263,695000
ag681109-364673506,265000
ag680967-335832465,137160
132004623,167921
orpi-1-054933E248JR,498000
guy-hoquet-immo-facile-6232832,255000
rodacom-4495551,185000
ag681391-365796073,388500
immo-facile-44236962,79500
mgc-381371256-C-STA-222-112-OS3,280108
ag681494-354431980,269000
mgc-254888497-SJ-200617-111028,436000
iad-france-952233,137500
ag681204-335625735,119800
ag671474-349430313,115000
hektor-robischung-2815,365000
mgc-136042131,576500
immo-facile-50400755,199000
ag681119-362886541,398000
ag681154-252828196,137000
immo-facile-22913104,239200
immo-facile-46944104,274900
orpi-1-054041E2AQQY,445000
158951347,130000
immo-facile-33575105,119800
guy-hoquet-immo-facile-5856798,95000
mgc-358511405-CWE_220915-141314_,336000
hektor-girardi-pfastatt-3075,170000
immo-facile-45342672,150800
ag681111-267217844,250000
ag671791-296562594,447000
ag681154-252828148,186000
ag671791-300266364,105000
guy-hoquet-immo-facile-6009387,400000
mgc-351970015-SL-HEITEREN-2022217,315600
ag680010-329080596,221000
guy-hoquet-immo-facile-5824780,260000
apimo-4409633,262000
ag681156-271761218,148400
ag671791-314693199,159750
159027381,120000
immo-facile-51026217,324500
ag680254-381156955,132500
hektor-girardi-pfastatt-2862,292000
guy-hoquet-immo-facile-5017427,89700
orpi-1-054927E1PZW1,225782
mgc-373780004-CWE-230125-103517,271000
hektor-sweethomeconseil-1300,189000
visiteonline-p_5179790,334000
hektor-moebel-immo-143,463000
immo-facile-52319487,599990
rodacom-5249521,152000
immo-facile-48993351,222000
ag681158-307680810,189000
ag680633-268175111,152000
mgc-382433201-SJ-230417-085221,270000
immo-facile-43363922,215000
guy-hoquet-immo-facile-5845273,88500
ag681237-305413527,262500
safti-1-768294,280000
ag743447-378098725,399000
iad-france-1194172,138000
159794613,202500
ag681495-354343894,283590
gedeon-24441733,372000
ag681391-332963601,281000
immo-facile-49676766,167000
immo-facile-37802070,161200
160182101,309200
guy-hoquet-immo-facile-5782626,170000
gedeon-25134216,265000
ag680632-276255878,92000
hektor-moebel-immo-289,244000
rodacom-5166385,122000
hektor-fabienimmo90-85,262000
hektor-MAYAIMMO2020-2290,399400
ag671791-307371657,447000
mgc-338946934-MS-220405-143621,289000
146980671,90000
135755891,166900
immo-facile-50573249,228800
mgc-381371631-C-WER-515-125-OS3,342976
160878351,454420
ag681444-360992899,385000
159131713,287940
apimo-5229827,249000
gedeon-25662530,125080
hektor-5_lerosenberg-2071,245000
ag681104-353338522,199000
ag671791-321577485,149000
entities-1044599-2725465,404400
ag680278-249654697,148400
hektor-MAYAIMMO2020-2459,223000
entities-1044598-2713089,321625
ag671791-283067147,104000
safti-1-692320,600000
ag680010-357480355,273000
hektor-moebel-immo-40,378000
ag681332-351770407,293000
hektor-CGAIMMOBILIER-899,239000
ag681104-380010049,260000
mgc-382472040-C-ZAE-490-123-OS3,366256
ag680254-315570255,199000
ag681075-365512513,157500
gedeon-25730112,399000
hektor-lifeimmo-1772,210000
hektor-girardi-pfastatt-3109,120000
148552485,65000
ag680967-295935020,81750
pericles-36845971,186000
rodacom-4748253,286200
mgc-368227910-CWE-221202-120642,289000
ag681158-341763375,404000
guy-hoquet-immo-facile-2366844,244000
hektor-CGAIMMOBILIER-818,148000
apimo-7266952,288500
ag671791-305742438,80000
mgc-378373418-pp-230309-091013,242060
ag681332-345093423,295000
hektor-alaingimmo-439,364000
ag681237-317739765,299000
ag680632-235396510,70000
apimo-8158378,191000
orpi-1-054039E23VQ6,140000
hektor-girardi-pfastatt-2999,299000
ag671474-334547343,95000
ag681106-382447939,162000
ag671791-302395482,122000
hektor-girardi-pfastatt-2781,149000
snpi-5172348,474000
apimo-8045528,104500
orpi-1-054932E26TB8,127000
ag681237-349472643,166000
guy-hoquet-immo-facile-4177366,160000
mgc-307958832-EK-StUlrich-ID416-070121,285500
ag680254-319412085,199000
hektor-cpdelta-249,209000
hektor-immolandismunst-1088,275600
orpi-1-054048E1ZZM3,118800
adapt-immo-680091047,194000
iad-france-788625,175000
orpi-1-054041E1OZ38,55000
hektor-LECEDREIMMO-213,268500
hektor-girardi-pfastatt-2740,250000
ag680010-330736512,232000
entities-1044601-2811541,766680
ag680460-281299500,73000
ag681106-371611453,710000
ag680010-297969699,162750
160967219,363000
ag681156-358363732,189900
guy-hoquet-immo-facile-2929439,369000
mgc-347107771-SJ-220613-103215,433800
guy-hoquet-immo-facile-2537225,69000
apimo-7870922,224000
safti-1-538939,270000
ag743447-353451649,472000
immo-facile-40321174,175000
hektor-MAYAIMMO2020-2329,420000
guy-hoquet-immo-facile-2760980,343000
ag671791-322892172,227900
hektor-agfreyimmo-829,92000
century-21-202_3185_1425,320000
immo-facile-47877948,595000
guy-hoquet-immo-facile-6028562,399000
hektor-MAYAIMMO2020-2275,129600
ag671791-316228446,93950
ag681110-343373214,315000
entities-1044601-2716375,896980
hektor-cdrieux-750,179000
150944129,199000
guy-hoquet-immo-facile-1550647,61000
hektor-valencay-immo-2573,265000
hektor-LECEDREIMMO-222,231000
ag681158-378324610,209000
161417201,225310
safti-1-746848,179000
immo-facile-51772654,92500
adapt-immo-680091647,218500
hektor-generalimmo-3066,190800
hektor-MAYAIMMO2020-788,199000
guy-hoquet-immo-facile-4811614,215000
mgc-380718489-C-RUS-601-105-AG1,345900
ag681141-383644814,252000
hektor-robischung-2285,395000
hektor-generalimmo-3431,383000
ag681391-377080990,255000
safti-1-683315,244000
hektor-cpdelta-99,394000
immo-facile-adresse-12837739,155000
mgc-359133149-pp-220920-095441,324420
safti-1-540611,199000
hektor-immo-wittenheim-3171,223600
hektor-generalimmo-2748,235000
mgc-381793371-C-ISS-400-84-AG1,302500
ag681108-345597954,499000
immo-facile-43662115,65000
orpi-1-054927E1UXS7,299000
rodacom-4823437,76000
hektor-immo-wittenheim-3294,345600
hektor-CGAIMMOBILIER-1129,294000
ag671791-300115878,695000
mgc-75713538,163000
orpi-1-054037E1FI9J,194026
adapt-immo-75008119006,381600
citya-immobilier-36-TAPP444195,88800
ag680575-280556990,220000
155239401,489200
160182137,273300
immo-facile-36911290,299000
hektor-robischung-2872,375000
ag680633-227929471,137000
ag671791-282926003,523000
hektor-girardi-pfastatt-2777,66000
nexity-GB00152303,89500
iad-france-1110134,269900
hektor-girardi-pfastatt-3358,209000
hektor-generalimmo-3409,142400
apimo-6988197,383700
immo-facile-49677070,230000
mgc-261064624-VM-SOPPE_LE_HAUT-2020257,292500
guy-hoquet-immo-facile-5775023,220000
immo-facile-43722533,197600
ag333464-327835923,209000
immo-facile-adresse-12397808,225000
144687149,70000
ag671791-323571054,106900
hektor-DYNAMICITY2022-2,239000
ag440414-357893458,162000
ag671791-357441220,122000
159581529,213355
ag680967-355006936,194400
orpi-1-054037E0OA21,490000
hektor-ghisimmobilier-1892,139000
157652423,390000
immo-facile-46086224,175000
mgc-369253920-C-SOU-96-AG,309000
citya-immobilier-1273-TAPP446847,157000
ag681332-321913179,173250
ag681423-359130841,78000
orpi-1-054927E1KQ4Z,310250
hektor-MAYAIMMO2020-2453,152000
ag681122-262786562,830000
hektor-MAYAIMMO2020-2129,850000
160555523,564210
160782759,240800
ag681106-379800445,122000
safti-1-782565,65000
ag681156-356826934,123000
iad-france-1196425,272000
hektor-moebel-immo-56,790000
citya-immobilier-1273-TAPP441824,193000
160967613,349328
147811597,200200
immo-facile-45573967,265000
hektor-5_lerosenberg-1933,295000
apimo-8158412,249000
ag681237-321963315,260925
hektor-cpdelta-66,239000
hektor-girardi-pfastatt-3289,106000
hektor-agence-efco-immo-1580,172900
ag681391-328935543,424000
guy-hoquet-immo-facile-5645813,192300
ag681156-353211139,850000
ag671633-322165173,245261
ag671791-314159211,82500
gedeon-22559860,109000
immo-facile-51137541,130000
ag754248-271933832,359000
nexity-GB00138603,55000
ag671913-380687233,99900
ag340369-277444454,268800
ag440414-332434245,605000
immo-facile-46102474,541500
immo-facile-35609802,340000
rodacom-4825138,282832
ag681237-341009415,179900
hektor-agence-efco-immo-1792,273400
hektor-MAYAIMMO2020-1744,110000
gedeon-22836662,86400
iad-france-728974,215000
guy-hoquet-immo-facile-6015900,109900
ag670640-274120274,427000
ag681404-326621040,234300
mgc-354874918-Soppe-le-Bas758VV2P100,325000
mgc-377238119-SJ-230227-095231,303500
mgc-383071186-CWE-230422-085210,276500
157949895,290000
ag681158-366205024,215000
rodacom-5224975,165000
hektor-ag-orim-1046,260000
hektor-sweethomeconseil-1164,109000
159177543,135000
ag670426-343593858,290000
ag671791-353320024,102600
immo-facile-adresse-13263200,109000
ag671791-368495884,277000
hektor-immo-wittenheim-3118,213200
hektor-moebel-immo-48,189000
mgc-363766170-C-NIE-362-AG-2,313000
ag681154-252828262,449000
ag681404-326620917,296000
nexity-GB00128296,86000
mgc-354764344-CERNAY586,421000
hektor-agencedelill-12799,172000
orpi-1-054928E1GOKZ,144068
rodacom-4607393,95000
hektor-MAYAIMMO2020-1569,298000
ag681404-365436697,128000
hektor-immo-wittenheim-3104,195780
ag671474-365336146,86000
immo-facile-adresse-10903734,85200
guy-hoquet-immo-facile-5800000,138200
141721523,292000
safti-1-746159,369000
immo-facile-45832488,364000
ag681210-323619573,215000
160967213,642000
hektor-MAYAIMMO2020-2292,209000
apimo-8142392,305000
immo-facile-1094377,219000
rodacom-4897697,199000
immo-facile-37586983,339500
ag681158-260102926,192000
130391351,413000
orpi-1-054933E2CX81,473000
pericles-36364071,275700
hektor-CGAIMMOBILIER-839,207000
safti-1-771488,239800
hektor-sweethomeconseil-1283,339000
immo-facile-42682110,195650
ag681158-338822646,199000
citya-immobilier-36-TAPP489708,73000
ag681104-274454393,285000
hektor-girardi-pfastatt-3282,188000
rodacom-5017166,101800
ag250493-294453875,695000
hektor-CGAIMMOBILIER-935,137800
mgc-308865177-MA-STEINBRUNN_LE_HAUT-202187,438300
ag680967-329480151,87200
entities-1044598-2742375,419900
citya-immobilier-1273-TAPP402127,214000
entities-1043690-3617488,362235
entities-1043690-3639192,512140
hektor-moebel-immo-50,432000
ag671791-364768063,99360
mgc-323456475,175000
ag681425-336216225,185500
hektor-robischung-2168,605000
immo-facile-45448246,213000
hektor-CCLAUSSRIEDISHEIM-143,383718
apimo-4487225,595000
immo-facile-42484690,329000
guy-hoquet-immo-facile-2596165,187200
apimo-2199440,208000
hektor-sweethomeconseil-1320,167000
161364319,80000
mgc-177145291,239000
hektor-ag-orim-1143,127000
rodacom-4690559,249098
ag681237-277116986,359900
safti-1-771149,245000
ag671791-315553980,116000
hektor-agence-efco-immo-1845,629900
ag671791-343591455,225780
immo-facile-40889210,137000
apimo-4291365,436810
immo-facile-39085540,465000
adapt-immo-680091559,198000
ag671791-298456692,185000
iad-france-1313393,195000
hektor-mhimmobilier-1301,291000
ag751938-346076166,200000
hektor-girardi-pfastatt-2979,163000
ag681145-381014029,346500
immo-facile-50211615,374400
nexity-GB00099812,109000
hektor-alaingimmo-352,120000
iad-france-825045,37000
guy-hoquet-immo-facile-6305832,239000
rodacom-4833392,151365
immo-facile-46066734,187200
ag681158-323752911,250000
gedeon-22749410,95000
immo-facile-47410623,285000
ag671791-293387120,159000
ag671791-313819038,93950
hektor-MAYAIMMO2020-2033,169000
guy-hoquet-immo-facile-5968377,139000
entities-1043690-3669108,354535
immo-facile-50485051,399000
mgc-165885536_APARTE,232000
laforet-immo-facile-21169463,466400
154154311,73500
hektor-generalimmo-3422,181000
century-21-202_3377_1313,595000
mgc-340091380-CWE-220414-162338,249500
hektor-alaingimmo-389,99900
safti-1-786110,130000
iad-france-1328551,338000
hektor-cdrieux-898,230000
immo-facile-adresse-12776614,160000
ag681055-332831289,207900
hektor-agence-efco-immo-1981,343500
hektor-agence-efco-immo-1772,222100
guy-hoquet-immo-facile-4994366,190000
orpi-1-054932E1UXLD,126300
ag671474-381413371,470000
immo-facile-3798175,332000
160967887,315900
156684835,250000
safti-1-504204,380000
mgc-380979473-pp-230403-100911,245060
ag671791-320486037,106900
immo-facile-3661410,278000
hektor-immolandismunst-1085,472500
gedeon-25872699,772000
ag671791-374441008,99360
ag681088-379906459,265000
rodacom-4687547,173000
147744667,45000
iad-france-1343383,243500
ag680632-270195461,120800
hektor-immolandismunst-1131,265000
apimo-6798757,291500
hektor-sweethomeconseil-1221,199900
154289821,310000
immo-facile-50201628,299250
hektor-agencedelill-12823,448375
immo-facile-1104039,152000
immo-facile-49707259,165000
iad-france-715581,146000
guy-hoquet-immo-facile-2802334,320000
rodacom-5125377,364000
apimo-3622798,145000
mgc-382697326-pp-230419-104848,332145
guy-hoquet-immo-facile-2419873,131000
citya-immobilier-1273-TAPP431144,119350
immo-facile-52000570,262000
guy-hoquet-immo-facile-5817237,170000
immo-facile-45490606,250000
apimo-5669230,395000
immo-facile-46064593,425000
entities-1043690-3772322,316470
hektor-sweethomeconseil-1207,88000
hektor-generalimmo-3142,675000
iad-france-1072952,550000
entities-1044599-2800105,406800
mgc-381372396-C-WER-515-151-OS3,412976
160967403,304057
mgc-361282273-SCHLIERBACH626JC2P130,421000
ag680286-299703855,110000
immo-facile-49782472,218400
guy-hoquet-immo-facile-5786786,340000
ag680010-220596846,325500
guy-hoquet-immo-facile-5591914,285000
immo-facile-43374384,156000
entities-1043690-3587696,302750
guy-hoquet-immo-facile-5982556,125375
ag681158-350441338,892500
entities-1043690-3734019,312590
entities-1044599-2750941,465000
ag060811-368561137,94170
immo-facile-37118764,154900
ag671791-323838126,174000
orpi-1-054037E2551F,165000
ag671791-282033818,89000
entities-1044598-2750326,372900
ag681237-277149713,274600
ag681154-330698403,288750
apimo-4330683,217300
ag681158-315450612,707200
ag681391-331640805,874500
immo-facile-50120895,765900
ag440414-260517139,111490
mgc-377670856-VM-FELDKIRCH-2023227,274900
ag340369-251394232,343111
guy-hoquet-immo-facile-6009388,82000
ag681237-378572497,422000
guy-hoquet-immo-facile-5520383,130000
mgc-314006426-CWE-210827-085002,315000
apimo-8158405,175000
orpi-1-054927E1U5ZC,81700
immo-facile-50448087,167680
ag671474-311366130,78000
entities-1043690-3683566,367180
hektor-PAQUIN2020-16,267750
mgc-325516368-AP-FULLEREN-2021612,275400
immo-facile-adresse-11034843,495000
hektor-cdrieux-787,174000
laforet-immo-facile-17898862,138030
mgc-152879903,194000
hektor-ghisimmobilier-1939,263000
adapt-immo-680091063,361500
hektor-premium-prestige-12131,241000
guy-hoquet-immo-facile-5024794,275000
nexity-GB00123942,88000
apimo-7751018,234000
rodacom-4695307,229000
ag681391-366670522,238000
rodacom-4823440,125000
ag681332-359502673,284850
entities-1043690-3700258,337695
laforet-immo-facile-21181346,179760
ag681237-312530673,118800
ag680775-376778635,127000
adapt-immo-75008115534,495000
mgc-369722053-1612WUENHEIM379BK2P108,381000
immo-facile-15864835,414900
ag921790-323917905,315600
150943785,235400
laforet-immo-facile-17705424,457600
ag681120-348669945,222000
iad-france-754700,266000
ag671791-301205085,185000
hektor-ag-orim-995,310000
ag680286-355859038,100000
ag681425-330520800,107000
ag340369-322186833,199810
hektor-LECEDREIMMO-110,349000
mgc-361576594-WITTENHEIM517LBPP100,355100
iad-france-1204401,210000
century-21-202_3185_1178,181700
hektor-robischung-2190,188000
ag681088-359535013,450000
hektor-CGAIMMOBILIER-810,141500
hektor-sweethomeconseil-1146,303000
immo-facile-44266755,299600
ag681158-366630682,367000
apimo-6991596,260000
iad-france-1091603,202600
guy-hoquet-immo-facile-3073874,60000
155084731,234431
mgc-379167062-MS-230316-145456,343000
ag681332-359641543,263750
immo-facile-48749275,135200
guy-hoquet-immo-facile-2188927,46000
immo-facile-adresse-13192026,265000
ag340369-216253392,347000
iad-france-1285080,399000
mgc-378507767-SJ-230310-093920,375000
ag671913-375786439,195000
mgc-334364485-pp_220225-151112,330960
ag671791-325102803,106900
ag671759-375190312,199900
guy-hoquet-immo-facile-5595157,99000
rodacom-4334544,299000
guy-hoquet-immo-facile-5596825,99500
hektor-girardi-pfastatt-2791,179000
hektor-homeettoits-134,180000
hektor-moebel-immo-84,159000
immo-facile-47694399,136780
immo-facile-34039759,161200
ag670547-335254755,192600
immo-facile-51909131,381600
ag681404-326621016,477000
160967255,259800
150550519,363500
153724983,240000
rodacom-4694474,342000
ag681108-282072869,185000
orpi-1-054041E1V8LZ,260000
ag681158-354339157,367000
guy-hoquet-immo-facile-1647656,161600
ag440414-306327849,98000
orpi-1-054927E1PFXC,183255
immo-facile-49555408,390000
ag681391-381171061,395000
gedeon-21529091,250000
apimo-4425500,244800
hektor-agcinqpattes-12,372000
160967465,371506
ag681391-367173838,370400
ag681088-372121669,263000
immo-facile-31978459,119800
ag681106-328559451,232000
iad-france-1069070,550000
apimo-8092064,110000
ag681103-251355942,310000
ag681075-375898120,257250
hektor-lifeimmo-1850,183000
ag681204-344622162,199000
apimo-5292274,335000
entities-1044599-2646078,349860
guy-hoquet-immo-facile-2727297,105000
immo-facile-49645856,255000
ag680286-301642965,66000
ag681158-289687544,249000
mgc-361271326-MKI-DANNEMARIE4-20220510,335586
immo-facile-adresse-11487399,269000
entities-1044598-2737808,303000
orpi-1-054038E19Y2I,255000
ag681423-353677261,255000
hektor-generalimmo-3059,278000
safti-1-840227,159900
immo-facile-32380876,75000
ag440414-292212149,395000
hektor-agence-efco-immo-1902,493500
iad-france-1269191,195000
ag680575-181027579,169000
ag681158-307258161,179000
151800391,221940
mgc-366515485-1711REGUISHEIM500BK2P130,495500
orpi-1-054037E2B86F,124583
ag671791-292861136,299000
gedeon-22130212,395200
immo-facile-28192286,814000
ag680254-273375122,96000
hektor-MAYAIMMO2020-2531,369000
immo-facile-51240074,280000
hektor-girardi-pfastatt-3317,230000
laforet-immo-facile-21446025,227900
mgc-286274424-SJ-210125-115043,433000
hektor-moebel-immo-6,205260
hektor-MAYAIMMO2020-2283,225000
rodacom-5200209,312700
guy-hoquet-immo-facile-3066846,77500
safti-1-679853,150000
ag681158-372009808,185000
immo-facile-48866921,499900
immo-facile-3209126,133000
orpi-1-054048E25PZ2,256800
145263081,211000
iad-france-1224370,150000
apimo-5895066,233200
160145751,60000
hektor-ifeaimmo-678,599500
iad-france-1047837,385000
ag681158-366251788,199000
hektor-MAYAIMMO2020-1792,362500
hektor-1318_EXPERTIMO22-131596,569000
entities-1044598-2654598,307978
safti-1-655326,281200
immo-facile-38952707,104800
ag333464-357119368,153000
ag681204-378102958,330000
ag681360-338254833,159750
pericles-36004741,195800
ag681391-336608415,121900
guy-hoquet-immo-facile-2715910,590000
guy-hoquet-immo-facile-6219901,90000
ag681075-365964136,116000
safti-1-573768,219000
guy-hoquet-immo-facile-2344641,171000
156482819,239000
ag440414-341834544,300000
ag681237-330224364,77000
hektor-MAYAIMMO2020-2371,578000
ag681391-343130346,599000
hektor-immo-wittenheim-3188,116600
ag671791-299031834,159750
152977355,253917
ag671791-319641879,116000
immo-facile-adresse-11951860,139100
160070247,157833
iad-france-1186754,255000
safti-1-695806,120000
ag681158-320468178,396000
orpi-1-054928E1GDQB,171675
safti-1-772300,193000
iad-france-1197831,339000
immo-facile-37991774,205000
146842153,226800
hektor-moebel-immo-225,525000
ag750665-267793235,291000
ag681391-335817891,210000
mgc-305882165-MS-210615-165200,324000
ag681158-335786352,99000
guy-hoquet-immo-facile-4844313,168800
ag680278-222332869,573000
158682937,202700
hektor-cdrieux-721,415000
orpi-1-054041E17159,139000
160878359,435200
hektor-moebel-immo-17,421000
immo-facile-48679654,127200
safti-1-688268,260000
hektor-girardi-pfastatt-2833,73000
hektor-moebel-immo-214,199000
hektor-CGAIMMOBILIER-806,315000
ag440414-360027583,60590
ag671791-292177469,55000
immo-facile-adresse-10715102,148400
mgc-381939152-CWE-230412-164954,244500
161377271,490500
ag680775-328989192,116000
hektor-MAYAIMMO2020-2044,52000
immo-facile-49942760,398000
hektor-girardi-pfastatt-3285,163000
rodacom-4593722,98000
iad-france-1201766,319000
hektor-expertiseimmo-29,440000
hektor-1_lerosenberg-1613,485000
immo-facile-49153714,441000
hektor-moebel-immo-257,262500
immo-facile-37553689,255000
iad-france-1160328,229000
mgc-366508658-CWE-221117-155619,365000
ag680967-257108677,102500
gedeon-26568126,438900
ag681154-256239721,295000
guy-hoquet-immo-facile-1717592,63000
hektor-3ROIIMMOBILIERE-975,169000
hektor-immo-wittenheim-3214,65000
160403763,390000
iad-france-867287,195000
hektor-agcinqpattes-10,356000
mgc-303779591-SJ-210531-090506,408000
ag670547-341896995,68500
immo-facile-52318195,99000
hektor-lifeimmo-2003,96000
ag671791-324592482,174000
immo-facile-44179833,330000
iad-france-885904,185000
159557807,262100
ag680967-373556089,59950
ag681425-352494826,134620
safti-1-756543,185000
apimo-5616807,181900
rodacom-5008922,322800
guy-hoquet-immo-facile-2566739,185000
hektor-1318_EXPERTIMO22-119136,287000
hektor-cpdelta-177,267000
century-21-202_3377_386,245000
mgc-266841956-VM-STRUETH-202099,298111
apimo-7554693,212000
ag681237-321963309,263500
158644481,200000
hektor-premium-prestige-11213,293000
orpi-1-054037E20BLX,113750
century-21-202_3377_1169,300200
mgc-285377124-SJ-210119-083301,353730
entities-1043690-3841989,355000
immo-facile-1079296,155000
ag681106-322229217,190000
ag680010-380783662,99000
ag681237-380059684,244950
immo-facile-51380591,277500
immo-facile-1989585,159575
ag681237-369267673,171000
entities-1044601-2631206,604200
immo-facile-51671256,446250
immo-facile-3699144,265000
immo-facile-40319016,419432
ag681110-343373454,760000
immo-facile-36964034,318000
gedeon-24739155,237000
ag681109-375012898,212000
guy-hoquet-immo-facile-5708313,419000
ag681108-282181883,143219
citya-immobilier-36-TAPP456732,184800
guy-hoquet-immo-facile-6266776,83000
immo-facile-adresse-10748531,305000
entities-1044599-2752480,406600
ag681212-346092114,270000
safti-1-604789,330000
ag680967-175811743,245000
ag671791-292517438,109000
mgc-381363954-C-ALG-452-84-AG1,299900
ag681127-351045106,195000
mgc-363150673-CLM-REGUISHEIM-20221018,347300
orpi-1-054037E1XIMP,124000
158672001,419400
orpi-1-054927E1KJE0,165800
iad-france-1232096,595000
orpi-1-054048E1P48T,355000
ag681145-381014098,276000
immo-facile-37583633,168000
hektor-moebel-immo-114,419000
159131739,276900
ag681158-369985528,185000
151854861,155000
hektor-generalimmo-3114,149000
hektor-girardi-pfastatt-2860,140000
157809101,239370
160967263,249000
iad-france-869490,88000
hektor-girardi-pfastatt-2938,98000
hektor-3ROIIMMOBILIERE-973,106000
ag681391-357041659,399000
161395395,332700
ag671791-296561229,75000
ag671633-364256380,157000
guy-hoquet-immo-facile-2558768,269000
161377289,247000
ag680632-254187075,71900
ag681110-334389057,250000
ag671791-307068528,159750
ag680633-243167341,394800
ag681108-318867858,578000
hektor-cpdelta-124,180200
151357063,160000
ag680632-273105047,110000
hektor-MAYAIMMO2020-2298,199000
hektor-MAYAIMMO2020-2477,235000
153331915,326000
immo-facile-48514406,377200
ag681444-345572190,196100
ag743447-346414296,67500
ag671791-305653281,80000
gedeon-24396670,241000
mgc-378403923-C-OSE-370-105-AG,325900
mgc-360161191-3WITTENHEIM491LB2P105,350100
iad-france-1193346,585000
ag681404-339080844,175725
guy-hoquet-immo-facile-5794588,260000
entities-1044599-2651051,334800
ag681154-311967195,219450
immo-facile-37586932,248000
ag680297-258437866,199000
mgc-361282282-MERXHEIM368LP2P90,305100
ag681237-316886157,280000
entities-1044599-2697500,265400
ag671791-330962565,260000
safti-1-701050,426300
160019059,236500
ag681145-379312555,65000
ag681391-365797060,630000
ag671633-324234177,330000
154289429,259000
entities-1043690-3691007,481560
hektor-generalimmo-3181,265000
hektor-agence-efco-immo-1457,338000
mgc-379650311-CWE-230321-152203,298500
hektor-girardi-pfastatt-3279,212000
safti-1-787937,164500
safti-1-787690,73000
158437937,274700
ag680323-235703218,132000
rodacom-4421513,330000
hektor-1_lerosenberg-1798,235000
mgc-112974400,218700
rodacom-4166628,338800
mgc-378535154-CWE-230310-140804,316000
ag681158-321784005,88500
orpi-1-054041E28WTR,155000
gedeon-24863604,937000
ag681212-344243094,298000
ag370631-369123190,254400
ag541392-345793068,259000
iad-france-1320694,126000
160702413,288000
safti-1-661774,126000
immo-facile-42695633,426400
hektor-generalimmo-2613,232400
mgc-360788521-4HOCHSTATT1000LP2P,697000
iad-france-740547,82000
ag680824-381185428,149000
hektor-immo-wittenheim-3313,205000
hektor-lifeimmo-1952,96000
entities-1044599-2668531,403000
guy-hoquet-immo-facile-5791743,308000
ag681158-371172115,402000
mgc-177037441,287500
153770607,190000
hektor-agence-efco-immo-1423,110000
immo-facile-39290740,166420
safti-1-639120,320000
immo-facile-adresse-12791505,233200
ag681158-291365465,187000
mgc-369265995-C-DES-96-AG,311500
safti-1-628220,302000
hektor-cpdelta-6,261500
ag680974-273597326,249000
ag671791-329451324,169000
ag680254-287957096,139100
ag060811-302977155,572000
entities-1044598-2790492,449000
ag311656-372088060,210000
rodacom-5205768,241000
guy-hoquet-immo-facile-2714810,265000
apimo-6251829,236250
ag681109-376053583,241000
hektor-MAYAIMMO2020-2308,140000
hektor-generalimmo-3126,149800
immo-facile-52299800,661000
gedeon-26432432,462000
ag681404-379416775,427275
hektor-amsignatureimmo-37,154000
rodacom-5016402,327583
hektor-MAYAIMMO2020-1772,221500
ag743447-330406128,598500
hektor-MAYAIMMO2020-2402,349000
ag743447-372597583,272000
160195549,259800
hektor-CGAIMMOBILIER-1018,183750
orpi-1-054041E2CTB7,145800
ag681332-358224970,321775
ag681108-265029113,650000
hektor-agence-efco-immo-1363,499200
guy-hoquet-immo-facile-2720348,154900
157403547,260700
guy-hoquet-immo-facile-6232124,379000
rodacom-5243034,403500
ag671791-310457961,116000
gedeon-25525751,945000
rodacom-5265308,235000
ag671791-290311871,55000
guy-hoquet-immo-facile-5827299,551000
gedeon-24526850,420800
ag681156-304183722,230000
ag671791-289969331,140000
ag681158-254578146,273000
immo-facile-35557646,166400
iad-france-1162825,140000
iad-france-1012552,249000
ag680575-146337000,220000
gedeon-24540271,697000
ag680633-259774927,89000
immo-facile-36930712,89800
hektor-ifeaimmo-2171,133000
ag680575-257669527,169600
159581563,172000
ag680286-278569427,525000
ag681110-360445663,850000
ag681158-360957379,85000
entities-1044598-2758120,310900
guy-hoquet-immo-facile-5590391,50000
rodacom-4829121,238500
hektor-sweethomeconseil-1131,225000
ag671791-382341610,228000
immo-facile-50508332,132000
hektor-alaingimmo-346,226300
adapt-immo-680091421,203000
immo-facile-47245135,145600
safti-1-867342,243000
hektor-ag-orim-1020,163000
hektor-immo-wittenheim-3141,350000
immo-facile-35639452,139900
gedeon-24577294,420000
ag671474-314532318,98000
apimo-4524304,280000
immo-facile-49104575,345000
ag681108-279085940,179000
immo-facile-43361904,312000
ag671791-327670362,110000
gedeon-24651348,255000
hektor-agence-efco-immo-1910,349000
orpi-1-054039E1UKOO,49000
immo-facile-46470389,239000
ag670426-333335016,165000
immo-facile-40362119,208000
immo-facile-46290501,155000
guy-hoquet-immo-facile-2552777,88000
hektor-dagon68390-2393,375000
140489943,220000
iad-france-1044858,220500
ag681108-281449898,489300
ag681108-336872022,315000
orpi-1-054926E24GWG,236380
ag681104-348987054,262500
mgc-189697390-sl-20190316-algolsheim,269765
safti-1-749596,322400
ag681391-350413810,795000
orpi-1-054927E1HDMF,359000
hektor-5_lerosenberg-1312,299000
hektor-MAYAIMMO2020-2393,500000
ag681119-302847278,429000
apimo-4229565,254000
adapt-immo-670079360,215000
immo-facile-46515570,338000
hektor-immoplusalsace-2176,322400
immo-facile-38475231,234000
ag671791-318680076,93950
155279547,250000
mgc-378507242-SJ-230310-093456,361000
ag681404-339683088,212500
ag671791-310860492,240000
hektor-cdrieux-838,189000
immo-facile-45489258,181900
hektor-sweethomeconseil-871,150000
hektor-1_lerosenberg-2089,155000
mgc-381361268-pp-230406-094627,318540
ag681237-379907029,220000
orpi-1-054039E1C3J6,342000
hektor-MAYAIMMO2020-2141,696800
ag681332-365177659,70000
ag681391-365795998,140000
155537261,160000
160761457,80000
immo-facile-37672532,145600
ag681237-339409053,785000
immo-facile-33510509,570000
ag671791-318000669,159750
immo-facile-99938352028,174500
ag671474-334075830,89000
hektor-MAYAIMMO2020-2468,169500
153566865,325500
apimo-2847307,495000
147434361,319000
safti-1-758277,118000
iad-france-974919,229900
hektor-MAYAIMMO2020-1602,221500
132004569,166162
mgc-369253197-C-REG-96-AG,326000
entities-1044602-2807087,606000
guy-hoquet-immo-facile-2632275,161500
ag681158-324825234,93000
orpi-1-054927E1ZYLN,208650
iad-france-829984,302000
safti-1-744071,395000
hektor-CGAIMMOBILIER-835,200700
ag671913-374300104,120800
immo-facile-51726337,352000
adapt-immo-680091622,141600
ag681110-355396882,310000
ag060811-277000151,178500
ag752451-321496854,182640
ag681158-345649614,201000
ag681158-297139155,624000
orpi-1-054926E1OGAK,169060
guy-hoquet-immo-facile-2713257,337000
immo-facile-48509670,182000
orpi-1-054038E1I3ZU,180000
rodacom-4789592,240000
orpi-1-054928E2NUQW,390000
ag681158-365543704,179000
ag671633-306045072,261000
hektor-LECEDREIMMO-185,336000
ag670426-342305106,168000
ag680575-175146292,220000
153896461,217200
160782795,351560
immo-facile-43671920,327600
ag671791-289446275,168000
ag440414-366095746,520000
rodacom-4886911,203000
ag680575-290047775,232000
iad-france-902500,231000
immo-facile-36693656,269000
mgc-118756865_RFWITTER383-SMART1-3-1-RFWITTER383-SMART1-3-1,284000
ag671474-328775313,111000
guy-hoquet-immo-facile-2199209,125000
ag670426-343593651,236123
152735189,229600
ag681154-252828220,399000
iad-france-691431,229500
safti-1-678777,635000
151847191,234900
ag671791-317177874,106900
citya-immobilier-1273-TAPP457086,119500
iad-france-1073935,239000
ag681158-299709642,370000
mgc-296060048-C-SAU-530-SB,345600
ag680331-332787769,139100
immo-facile-50452200,156000
ag681237-366124393,279575
guy-hoquet-immo-facile-2850270,320000
ag681088-336151725,219000
orpi-1-054928E26RV5,387500
hektor-immolandismunst-1061,176550
iad-france-1256152,229500
ag671791-312552303,94000
hektor-sweethomeconseil-1156,147000
hektor-ag-orim-1041,220000
ag681425-370244293,65000
hektor-girardi-pfastatt-2761,259000
hektor-cdrieux-866,148000
mgc-381240368-CWE-230405-114056,263000
immo-facile-48327029,96000
hektor-MAYAIMMO2020-2021,295400
ag681204-376666852,190000
mgc-342812686-CWE-220509-112712,349500
gedeon-26124765,216000
adapt-immo-680091386,177000
orpi-1-054933E1XP11,183000
immo-facile-51527153,370000
laforet-immo-facile-17972953,245000
ag681113-230929261,299500
hektor-moebel-immo-109,545000
ag681104-328261806,60000
ag340369-374088868,392200
gedeon-26124771,158500
ag680575-226922923,152250
hektor-robischung-2459,213000
ag681158-376784011,490000
guy-hoquet-immo-facile-5520509,234000
ag671791-319102638,174000
apimo-6737368,273000
laforet-immo-facile-19162302,91500
ag681141-355967830,296000
mgc-369273216-C-MUN-096-AG,299500
ag681108-284423210,830000
ag680010-222020821,239000
gedeon-23657416,166000
ag681204-373907401,121900
orpi-1-054047E1HQEE,83930
hektor-cdrieux-699,169600
safti-1-637210,265000
mgc-354872393-CWE-220817-083225,372000
immo-facile-43869752,316000
ag681158-321945369,650000
ag680297-310335690,185000
guy-hoquet-immo-facile-5550949,450000
gedeon-24744847,311000
ag440414-297467049,49000
rodacom-4489321,325000
ag681104-372872194,779900
ag060811-358565293,395200
guy-hoquet-immo-facile-2715402,328000
mgc-377773470-C-ESC-581-113-OS,406800
ag671791-303690843,174000
hektor-MAYAIMMO2020-779,154000
hektor-1_lerosenberg-1147,490000
ag671791-329042505,95000
rodacom-4884346,286000
safti-1-764867,98000
ag671791-298456626,75000
orpi-1-054037E1R4AC,335000
mgc-366842056-RKL_MSB__ILLFURTH_TM730hg,598400
snpi-5085115,199900
gedeon-23657408,234000
ag680575-335053713,245000
ag681108-286945757,540000
ag680824-263948819,346500
hektor-girardi-pfastatt-3066,75000
hektor-cdrieux-507,236000
ag970168-279922004,128400
guy-hoquet-immo-facile-5009554,200000
immo-facile-44148809,246700
entities-1044599-2645453,469000
ag671791-367041895,99360
mgc-118756865_HMJEBS001-HMBOLD111M2-HMJEBS001-HMBOLD111M2,411920
immo-facile-50672866,258035
ag680824-376291690,141000
ag681391-323977419,440000
orpi-1-054037E2GUGX,424500
rodacom-4419188,75000
mgc-379087132-VM-CERNAY-2023315,273450
immo-facile-35275524,297000
ag681237-310227939,238600
immo-facile-adresse-13123391,99500
mgc-355146821-CWE-220819-170226,261000
161402835,230955
orpi-1-054933E1ZQO1,295000
visiteonline-p_5318833,272000
ag681210-367960852,167000
hektor-robischung-2667,366000
ag671791-283790795,106900
hektor-valencay-immo-2632,85000
hektor-MAYAIMMO2020-2182,165075
mgc-177037422,23700
hektor-cdrieux-665,180200
mgc-302196182-C-STA-600-I-SB,324000
hektor-1_lerosenberg-1989,125000
mgc-118756865_RFSOUL584-RF92P2GA-RFSOUL584-RF92P2GA,315000
orpi-1-054926E2ASP7,192600
guy-hoquet-immo-facile-6327202,450000
orpi-1-054038E1V6MU,269000
pericles-36629969,322800
apimo-5113459,277000
laforet-immo-facile-21598778,399000
mgc-371245193-pp-230103-103358,278220
hektor-deuxmm-29,278000
hektor-agence-efco-immo-1662,149000
mgc-355134271-RK_MSB_DIDENHEIM_TM323,363000
rodacom-5125287,212000
orpi-1-054926E1IULF,115000
ag671791-289969172,229000
hektor-cdrieux-766,340000
immo-facile-42683022,630000
immo-facile-38395579,267500
immo-facile-47563146,126000
ag671791-284122328,80000
apimo-8158449,278000
nexity-GB00103410,113000
guy-hoquet-immo-facile-2729391,269000
ag681055-265198826,83160
rodacom-4420606,135000
hektor-MAYAIMMO2020-1946,195000
mgc-165885535_LE-HAMO-DE-L-ILL,280500
ag671474-254356872,97000
rodacom-5125269,186000
guy-hoquet-immo-facile-2546145,73000
immo-facile-50116432,422000
mgc-381936521-CWE-230412-163548,239500
hektor-valencay-immo-2598,196100
hektor-lifeimmo-1969,392000
ag671791-297980475,122000
ag751938-319932156,74990
entities-1043690-3719950,375855
mgc-179079861,181866
ag680297-245794021,180000
laforet-immo-facile-21320109,140000
guy-hoquet-immo-facile-5720325,349000
138620893,149000
mgc-369386870-CWE-221213-115454,263000
immo-facile-adresse-13088895,159000
ag681425-342469707,92000
ag670001-383207732,99900
immo-facile-49351987,395000
iad-france-861344,585000
hektor-girardi-pfastatt-2932,470000
iad-france-802579,252000
rodacom-4746713,140000
entities-1044602-2722704,786700
immo-facile-adresse-10364057,415000
mgc-313077671,225000
hektor-MAYAIMMO2020-1962,351500
guy-hoquet-immo-facile-4820376,143000
orpi-1-054037E2AUXM,429000
immo-facile-35566658,195000
iad-france-1100205,320000
safti-1-860255,327000
hektor-ag-orim-1022,444000
160967705,343428
ag681106-321897654,135000
nexity-GB00133073,137000
ag671474-322507281,265000
entities-1044599-2703283,369068
ag671791-290312864,695000
iad-france-1109513,96000
mgc-330125780-MS-220119-105809,335000
apimo-8158177,303000
ag681158-295069292,414000
ag681158-333719211,85000
145695469,104000
mgc-367793277-SJ-221129-080113,356000
hektor-MAYAIMMO2020-623,115000
hektor-LECEDREIMMO-78,308000
immo-facile-48992846,136900
mgc-238668345-CWE-200212-120341,266000
immo-facile-49926232,138000
hektor-MAYAIMMO2020-2286,447200
ag671913-375642307,400000
mgc-362106664-MKI-STULRICH-20221110,275541
ag670426-333334917,199900
hektor-mhimmobilier-1181,149500
ag671474-375129652,273000
mgc-315297518-CWE-210907-163131,356000
hektor-MAYAIMMO2020-1773,835000
safti-1-777211,209000
guy-hoquet-immo-facile-5746898,419000
mgc-118756865_DMSCHLI2-DMSCH-DMSCHLI2-DMSCH,428000
immo-facile-46480491,180000
152977303,306500
hektor-cpdelta-95,337651
entities-1044599-2802931,489000
ag681158-380367967,787000
ag671791-283432391,112000
mgc-381098132-pp-230404-102101,288820
rodacom-4694496,244600
hektor-girardi-blotzheim-2565,65000
ag670426-343593735,345000
orpi-1-054038E2DCUZ,339000
ag681158-316346919,520000
ag340369-277444400,229200
hektor-MAYAIMMO2020-2089,335000
ag681444-378558928,227900
guy-hoquet-immo-facile-4882116,399900
mgc-354800045-CWE-220816-155305,257500
141957461,140000
immo-facile-45365538,520000
apimo-5897100,263940
hektor-homeettoits-146,515000
hektor-sweethomeconseil-1105,157000
157878593,267400
immo-facile-adresse-10715118,185500
citya-immobilier-1273-TAPP476158,49500
141948721,263000
apimo-82282577,355000
ag671791-315840711,160000
ag671791-287773877,378000
ag681237-354432673,269000
gedeon-22526723,90000
immo-facile-33451016,140400
ag680633-244143583,78000
safti-1-783461,185000
ag751938-263916146,405000
safti-1-633416,268000
rodacom-4890588,322800
nexity-GB00113360,77000
safti-1-680282,239000
orpi-1-054048E1VD8F,482000
ag681237-279231779,118000
gedeon-26124764,140000
hektor-girardi-pfastatt-3025,141000
ag681237-307481346,175000
guy-hoquet-immo-facile-5645608,239000
ag681158-357208051,635000
ag743447-330833475,549900
ag311656-366518593,85000
entities-1044598-2796832,389000
apimo-5762469,176500
hektor-girardi-blotzheim-2475,148000
ag340369-286766549,243000
laforet-immo-facile-17713342,316000
ag060811-331449279,183750
ag681237-339825882,249900
hektor-moebel-immo-223,385000
mgc-357695890-2RANTZWILLER480LB2P120,399400
ag681110-338482902,132000
ag680010-256068865,325500
hektor-MAYAIMMO2020-2237,351000
hektor-CGAIMMOBILIER-1780,246750
ag671913-356209771,125000
ag681104-360984877,184500
immo-facile-43884782,268200
immo-facile-44212127,156000
ag671913-380318266,279000
gedeon-25728560,205000
ag671791-287772632,140000
hektor-girardi-pfastatt-3296,89500
nexity-GB00124816,50000
immo-facile-34428014,119800
hektor-1_lerosenberg-1400,735000
ag753274-335820750,855670
mgc-379997511-C-BUR-1270-190-OS1,546000
ag743447-329936250,126500
ag671791-315973182,95000
hektor-cdrieux-779,320000
hektor-5_lerosenberg-1145,485000
laforet-immo-facile-20751917,367500
151236515,180500
159581583,171400
immo-facile-49205994,72500
ag681237-374343796,598000
immo-facile-35294998,161200
ag671474-376331218,235000
mgc-118756865_HMBAL0001-HMSMART1-3-3-100M2-HMBAL0001-HMSMART1-3-3-100M2,292080
ag680632-277986821,67400
entities-1044601-2750579,764000
ag671791-285270104,151000
immo-facile-49926428,195500
ag681109-337432629,498000
mgc-285448161-SJ-210119-172749,442800
iad-france-1101990,147000
hektor-lifeimmo-1966,178000
ag340369-375217204,127200
entities-1044599-2718765,295400
iad-france-1324588,123000
immo-facile-34254368,131000
apimo-4432735,191000
ag680824-314916114,116000
visiteonline-p_5238432,245000
ag680010-331149402,261000
ag743447-337631409,171000
apimo-4593382,234000
hektor-sweethomeconseil-1362,193000
orpi-1-054928E1I7YH,273000
guy-hoquet-immo-facile-5552537,278000
ag681237-320094879,118800
158599099,369207
safti-1-885411,119500
immo-facile-51613145,249000
immo-facile-50389011,279760
161548235,298500
hektor-MAYAIMMO2020-2249,348000
immo-facile-52097369,136000
hektor-lifeimmo-1832,123000
158642847,315200
orpi-1-054927E252MB,205392
ag680297-245794060,262500
hektor-MAYAIMMO2020-793,349000
mgc-177145346,167500
ag681158-312746205,260000
guy-hoquet-immo-facile-5506089,450000
ag670426-333335040,395000
entities-1044598-2798473,369000
ag671791-332951964,116600
citya-immobilier-1273-TAPP433094,162000
immo-facile-45440330,208000
immo-facile-34076956,80000
ag680632-213519429,145000
mgc-363766776-C-TUR-127-AG-2,498500
rodacom-4833391,266257
guy-hoquet-immo-facile-2554070,109000
151357073,218000
ag681109-339229371,301000
immo-facile-49512510,337000
ag681104-361937857,165000
161395389,306300
160967787,232000
ag681391-374692108,122000
apimo-3618679,410000
hektor-MAYAIMMO2020-2184,186000
hektor-ELSASS2020-4895,109000
hektor-MAYAIMMO2020-1900,223650
guy-hoquet-immo-facile-5777624,83000
ag681237-347761791,339000
immo-facile-52217061,195000
apimo-2964169,545000
hektor-CGAIMMOBILIER-861,395200
ag681156-373646236,369000
safti-1-788668,325000
orpi-1-054927E1MAXP,167900
immo-facile-51198384,78800
immo-facile-45834896,342160
hektor-1_lerosenberg-2020,145000
ag681158-336631821,253000
safti-1-880350,269000
hektor-moebel-immo-332,832000
ag681158-356400154,227000
immo-facile-49173189,235500
hektor-MAYAIMMO2020-2105,244000
mgc-319221402-AP-MULHOUSE-20211110,330000
ag743447-343698483,62000
hektor-generalimmo-3054,313000
hektor-CGAIMMOBILIER-932,86000
ag670640-221874934,360000
ag681391-347001483,155000
ag681391-358346995,290000
iad-france-1285635,379000
hektor-LECEDREIMMO-109,310000
guy-hoquet-immo-facile-5776716,289000
entities-1044602-2740094,1061450
ag681212-358345237,750000
ag681237-299723532,223000
ag680254-360354022,640000
guy-hoquet-immo-facile-5712974,165000
ag680297-296221185,122500
immo-facile-51624836,335000
hektor-lifeimmo-1948,240000
ag681542-378876333,110500
guy-hoquet-immo-facile-2346684,105000
ag440414-314344302,352500
guy-hoquet-immo-facile-3848351,295000
ag681108-316509273,295000
ag680254-273223946,215000
guy-hoquet-immo-facile-4945756,516000
immo-facile-51150054,549900
immo-facile-49329711,980000
iad-france-1230342,210500
hektor-expertiseimmo-96,380000
158437993,287940
hektor-MAYAIMMO2020-2576,519000
ag670426-333334854,219605
hektor-generalimmo-3062,257000
hektor-1_lerosenberg-1871,385000
160967417,270550
orpi-1-054041E2C98K,176550
mgc-366101913-C-WIN-110-AG,459000
159512327,800000
rodacom-5072127,259000
ag681234-364420915,129000
guy-hoquet-immo-facile-2748007,126000
apimo-8158318,279000
160512385,282600
gedeon-26321442,117000
mgc-288897399-pp-210210-155827,242800
ag671791-290032370,78400
immo-facile-30027313,448000
orpi-1-054927E2CGEP,320500
apimo-6789498,291500
ag680632-268133432,78400
immo-facile-51508146,187000
iad-france-701996,240000
hektor-LECEDREIMMO-75,390000
ag681391-323976573,159000
ag671474-311747484,499500
ag671791-318000633,116000
immo-facile-adresse-11069339,245000
century-21-202_3377_1128,76000
141957389,133000
rodacom-4337663,749900
hektor-girardi-pfastatt-2931,580000
153418489,141000
hektor-5_lerosenberg-1446,178500
immo-facile-49581836,119500
ag340369-358394221,405000
ag681158-369022297,329000
hektor-moebel-immo-237,799000
hektor-sweethomeconseil-1096,180000
orpi-1-054038E26U2L,199000
161399953,428860
citya-immobilier-1273-TAPP419568,166000
mgc-335918995-CWE-220311-112935,332000
hektor-CGAIMMOBILIER-1063,174900
guy-hoquet-immo-facile-2801893,61000
century-21-202_3185_1366,213500
adapt-immo-680091315,510000
ag681088-336871764,199000
ag681391-365796742,412000
ag680286-273562088,330000
immo-facile-34312362,256800
immo-facile-45563988,85000
immo-facile-51407913,171000
immo-facile-52217958,170000
immo-facile-48110279,199900
nexity-GB00125516,195000
ag680010-358710367,149000
ag680632-214922562,72000
ag681113-311619324,175000
ag942480-362405509,221500
157403487,369765
ag681122-382234384,405000
adapt-immo-6800964,98000
156194113,295500
hektor-sweethomeconseil-1129,369000
ag681104-319391268,155000
hektor-MAYAIMMO2020-1985,234000
ag681237-381814105,269000
hektor-MAYAIMMO2020-2366,167000
ag060811-341397744,240000
apimo-5119355,103000
ag681237-316886307,165000
mgc-377647265-CWE-230302-112321,246000
iad-france-1225241,365000
ag681156-315721425,344000
hektor-agence-efco-immo-1777,269600
ag681237-324244608,334900
immo-facile-48349029,579000
ag681237-361987732,199400
rodacom-5201080,281500
ag681106-322229223,240000
orpi-1-054927E1GJZV,62700
guy-hoquet-immo-facile-6184448,131100
ag681104-274454339,260000
hektor-sweethomeconseil-1223,193000
ag671913-375500452,310000
immo-facile-46011263,350000
ag681088-331927188,101000
immo-facile-adresse-12240324,157000
ag681237-314311401,263750
rodacom-4824435,165000
ag060811-376288378,289000
immo-facile-3270951,133000
immo-facile-44372990,275600
orpi-1-054041E248MH,162000
apimo-8126561,317000
apimo-82216044,348000
hektor-cpdelta-58,138000
immo-facile-43362717,108000
hektor-MAYAIMMO2020-2540,159500
safti-1-730927,420000
ag743273-340620153,296000
hektor-alaingimmo-301,180000
entities-1044599-2752477,436700
immo-facile-3470265,149800
immo-facile-51637602,473000
entities-1043690-3639073,440215
hektor-5_lerosenberg-1501,170000
guy-hoquet-immo-facile-2762272,160000
rodacom-5099838,105450
immo-facile-47938204,129000
adapt-immo-75008118179,203700
hektor-LECEDREIMMO-131,620000
hektor-MAYAIMMO2020-2248,159000
ag681158-354461170,243000
safti-1-624575,230000
immo-facile-50430856,199900
gedeon-23861865,386650
mgc-363772657-MKI-SAINTULRICH-20221024,247657
147363903,98000
orpi-1-054036E29WPS,230500
ag671791-303690657,105000
hektor-girardi-pfastatt-2744,128000
mgc-365272177-RKL_MSB_OBE_TM428-407B,314900
ag680632-199212340,129900
ag680967-286515185,162000
hektor-5_lerosenberg-1151,265000
apimo-4860760,285000
nexity-GB00143857,218000
rodacom-4704669,233416
guy-hoquet-immo-facile-4575395,145000
iad-france-927414,295000
apimo-7647376,371000
hektor-girardi-pfastatt-2839,121000
ag681237-354132172,129600
ag681075-338352912,199500
safti-1-609081,340000
mgc-381371934-C-WER-515-107-OS3,374976
safti-1-675041,110000
safti-1-594486,355000
immo-facile-adresse-12956906,199000
safti-1-841847,607000
ag681158-381813979,149000
hektor-girardi-pfastatt-3318,60000
mgc-339247134-EK-070422-Altk2-ID416,323458
mgc-332941897-MS-220212-101615,297000
ag671791-319513287,130000
mgc-96999,300000
gedeon-24629084,322000
hektor-agence-efco-immo-1881,346500
immo-facile-51244187,399000
entities-1044602-2637188,772000
hektor-cpdelta-220,189000
ag681391-377280874,472500
guy-hoquet-immo-facile-5635496,189500
immo-facile-52258823,399000
ag060811-280579895,85600
148361701,232000
hektor-MAYAIMMO2020-1948,145000
immo-facile-42373551,399950
ag681156-269659415,265000
entities-1043690-3612812,462560
mgc-177037062,359000
ag681358-323998296,380000
adapt-immo-680091445,157500
immo-facile-49820167,478000
immo-facile-40019731,140000
ag670640-200802531,209500
immo-facile-39311827,155000
guy-hoquet-immo-facile-2555037,212500
hektor-agfreyimmo-896,325000
hektor-MAYAIMMO2020-2450,156000
immo-facile-adresse-11994832,280900
gedeon-26707630,355000
gedeon-24526849,511800
hektor-5_lerosenberg-1886,260000
ag680824-342350838,325500
ag681332-369739333,577500
immo-facile-49632699,187200
guy-hoquet-immo-facile-6186991,141300
ag681237-332436576,155000
ag671913-382527748,299000
hektor-MAYAIMMO2020-2515,420000
guy-hoquet-immo-facile-6001363,162000
hektor-robischung-2097,220000
hektor-agence-efco-immo-1566,187000
entities-1043690-3634348,353390
ag681158-299709669,92000
ag680286-283843310,97000
151236511,431000
mgc-233617348-RK_MSB-TM_j-20_FESSENHEIM_T530,275100
ag340369-299181009,441000
rodacom-4789588,99000
ag681391-365796490,392000
ag680575-338580186,199000
ag681237-367317589,199900
guy-hoquet-immo-facile-5788408,151000
laforet-immo-facile-20906978,325000
safti-1-834671,250000
apimo-3052735,430000
ag670426-334999701,209000
citya-immobilier-1273-TAPP470047,135500
mgc-355107068-MS-220819-094902,330000
immo-facile-52310936,299000
ag680967-256480114,299250
ag681113-329192982,252000
159131727,394100
entities-1044598-2713091,327825
hektor-ELSASS2020-4947,239000
immo-facile-38987861,105700
ag681158-280252664,368000
ag681122-295756334,460000
mgc-165885536_LES-JARDINS-DE-JADE,272500
immo-facile-51785196,108500
immo-facile-46905905,208000
nexity-GB00165799,87000
guy-hoquet-immo-facile-2580476,228000
ag681119-314062877,202000
safti-1-634005,253200
iad-france-800589,240000
156482827,153000
159529675,259000
hektor-6_riif-immo-6407,315000
rodacom-4935685,1850000
hektor-valencay-immo-2596,170000
ag681158-298300284,275000
159329891,199500
apimo-4342085,360000
rodacom-5171879,394000
hektor-girardi-pfastatt-2954,410000
ag681113-330340575,189000
hektor-CGAIMMOBILIER-1735,61000
140477173,201000
156203153,190000
guy-hoquet-immo-facile-5578376,397000
ag680010-320481003,128400
gedeon-22641887,125000
guy-hoquet-immo-facile-5599283,168500
ag681494-371995951,73500
rodacom-4694472,288000
safti-1-631795,184000
immo-facile-51908634,625000
ag681154-252828292,376000
iad-france-821707,480000
entities-1044598-2770890,377160
hektor-lconseilimmobilierstrosswirh-6,176500
ag681158-259633861,73500
ag670426-338504742,165000
ag671791-360707329,89100
orpi-1-054038E2EK3N,259000
ag681110-349024947,420000
hektor-immo-wittenheim-3124,549000
mgc-112638826,186500
hektor-girardi-blotzheim-2691,565000
ag681158-358394977,227000
orpi-1-054037E1CRHE,749388
hektor-alaingimmo-371,157500
safti-1-652055,288500
hektor-girardi-blotzheim-2716,499000
ag340369-318865089,66000
guy-hoquet-immo-facile-6300830,296500
immo-facile-45883321,331000
ag250493-341270199,108700
guy-hoquet-immo-facile-3186979,299000
immo-facile-51624813,315000
guy-hoquet-immo-facile-2633586,219000
orpi-1-054927E1PF4D,186255
161398137,40000
hektor-MAYAIMMO2020-1588,159000
ag680575-295129973,156500
ag681332-317348505,305000
hektor-MAYAIMMO2020-1780,231000
orpi-1-054037E1N6CB,143000
ag250493-190808500,71000
guy-hoquet-immo-facile-2879441,104500
immo-facile-48433226,470000
iad-france-1085450,397500
mgc-316515356-CWE-210917-145135,243000
hektor-immo-wittenheim-3261,780000
safti-1-792354,150000
160303733,305380
ag681156-324685842,530000
immo-facile-50991764,160000
hektor-girardi-pfastatt-3084,192000
hektor-generalimmo-3237,219000
ag681237-332799411,186375
161214589,80000
immo-facile-40122504,125000
ag681158-308937510,222000
ag680010-286295561,199500
hektor-generalimmo-3441,424000
immo-facile-45976023,258940
145751287,185000
orpi-1-054037E2M9FG,235000
ag681237-363755398,580250
hektor-276_meilleursbiens-9288,290000
immo-facile-47559899,270000
gedeon-24643286,288500
orpi-1-054927E1UXRS,233200
mgc-288114528-CWE-210205-151449,212000
immo-facile-52369563,249500
apimo-5854487,195000
ag671913-316300305,350000
ag340369-246797071,445084
immo-facile-39769218,135200
ag671913-383388284,198000
ag681234-354490219,185500
guy-hoquet-immo-facile-2167428,124900
orpi-1-054038E211VZ,239000
entities-1044602-2708216,490100
hektor-alaingimmo-367,168000
158992765,290000
immo-facile-49299132,384000
guy-hoquet-immo-facile-2786165,161700
ag681391-336637215,397500
ubiflow-easybusiness-235023316,312000
hektor-girardi-blotzheim-2752,272480
ag681237-309666444,223650
guy-hoquet-immo-facile-4869814,395000
hektor-sweethomeconseil-1240,148000
immo-facile-41994413,374000
hektor-sweethomeconseil-1059,300000
ag671791-303515556,695000
hektor-girardi-blotzheim-2605,139000
ag751938-371140144,490000
immo-facile-adresse-10705733,413000
ag681332-366139483,202350
immo-facile-2240868,204255
immo-facile-51910053,369000
immo-facile-48299038,530000
hektor-mhimmobilier-1236,348000
apimo-82321744,189500
immo-facile-46917138,181900
ag671791-328053105,174000
hektor-LECEDREIMMO-218,660000
ag680633-370716399,99000
hektor-5_lerosenberg-1852,260000
ag681158-363164524,211000
ag681154-302395101,245000
ag671791-299169747,159000
hektor-ELSASS2020-4511,183000
immo-facile-adresse-10682179,345000
guy-hoquet-immo-facile-5846691,145000
safti-1-573323,250000
safti-1-770614,149000
immo-facile-42836355,182000
apimo-5053065,299000
hektor-girardi-blotzheim-2662,210000
iad-france-735101,343000
mgc-369722062-1612GEISPITZEN1065LBTP,810000
hektor-girardi-pfastatt-3278,149000
ag681113-300830598,70000
apimo-6849458,160000
mgc-369245588-MS-221212-101626,257000
orpi-1-054927E1R92A,283500
guy-hoquet-immo-facile-2631161,74900
immo-facile-52251566,335000
hektor-girardi-blotzheim-2747,230000
ag681106-361174903,463000
mgc-379149872-pp-230316-105024,292726
hektor-cpdelta-27,259000
ag671791-287925641,192000
iad-france-749921,134900
megagence-1-97372,610000
hektor-moebel-immo-277,559000
immo-facile-2143849,106382
entities-1043690-3747533,318590
nexity-GB00165228,71300
mgc-379275687-C-NIE-381-101-AG1,362700
orpi-1-054927E1XMFU,286650
guy-hoquet-immo-facile-5841114,551000
hektor-homeettoits-128,649900
orpi-1-054037E2GRF3,267000
hektor-MAYAIMMO2020-2315,316000
mgc-ancien-L01_0F01_071776,90000
hektor-alaingimmo-435,100000
century-21-202_3185_1249,168000
ag681158-296239599,400000
hektor-5_lerosenberg-1587,231000
rodacom-5267108,235900
immo-facile-48179583,267500
rodacom-4367937,272000
guy-hoquet-immo-facile-6082796,399000
immo-facile-45372613,280000
mgc-382930495-pp-230421-090858,282156
orpi-1-054041E2LEOP,212000
ag681119-327977143,223000
hektor-CGAIMMOBILIER-741,299250
ag681237-379036843,399000
hektor-3ROIIMMOBILIERE-918,77000
151105439,161900
149985019,109000
ag681391-339546900,190000
immo-facile-52054299,199500
mgc-334101048-SL-HEITEREN-20222302,320000
entities-1044601-2758134,740400
mgc-342832750-MS-220509-144845,315000
immo-facile-50854000,330000
158534419,212400
ag060811-337770480,431600
mgc-338795380-CWE-220404-155002,332000
laforet-immo-facile-18630067,122000
ag333464-383146139,320000
ag440414-326428230,370000
157648945,50000
citya-immobilier-1273-TAPP435545,105000
gedeon-26529962,289000
145263387,226000
hektor-cdrieux-690,259700
hektor-cpdelta-203,76500
ag671791-286297625,98000
ag680010-218404521,262500
hektor-girardi-pfastatt-2988,200000
immo-facile-51333832,299000
hektor-expertiseimmo-13,470000
ag680632-236130126,103900
ag681108-344367687,358000
ag681106-334276860,236500
158644483,200000
ag681237-318117855,223650
ag680010-297969684,300000
hektor-CCLAUSSSelestat-182,109424
iad-france-1086548,119900
immo-facile-42864738,350400
ag680575-102210551,274880
entities-1044599-2718773,319800
ag681104-274454387,73000
guy-hoquet-immo-facile-5591111,296500
immo-facile-37590031,161200
ag681106-328559382,132500
entities-1043690-3800612,318940
rodacom-4694469,334400
immo-facile-34520353,176800
ag681104-287757812,365000
ag681113-330350298,369000
apimo-4612161,225000
ag681108-289952177,297000
pericles-36630246,196000
guy-hoquet-immo-facile-5671180,96900
ag670426-343593684,274000
guy-hoquet-immo-facile-765028,141000
mgc-363772758-C-OBE-379-F-AG-2,259000
mgc-363782883-C-ENS-318-F-AG-2,247300
ag680254-280437749,249500
apimo-4878913,285000
160967327,324800
mgc-224509287-191107-171513,486000
entities-1044602-2780481,785450
rodacom-4189770,99000
hektor-expertiseimmo-17,238000
hektor-girardi-pfastatt-3300,380000
ag680575-102197642,270000
ag681158-367961899,415000
ag681425-370173634,132500
151641069,393120
guy-hoquet-immo-facile-5549381,260000
immo-facile-37092763,156000
ag333464-359470222,289000
orpi-1-054934E2ENY1,169900
160967873,267000
immo-facile-46488592,138000
rodacom-4616500,319900
ag671474-237624421,289000
guy-hoquet-immo-facile-2546363,18000
157403267,352180
iad-france-1045949,139500
hektor-PAQUIN2020-85,116600
ag681332-334150020,590720
immo-facile-49005835,218400
immo-facile-46906196,228800
guy-hoquet-immo-facile-1905663,379000
gedeon-26426486,399000
safti-1-606626,330000
ag670640-274120295,276000
ag340369-335962374,352000
mgc-323720690-pp-211119-155418,351520
immo-facile-46046052,540800
hektor-immolandismunst-1139,243800
iad-france-1226335,349000
ag680010-278688947,88000
nexity-GB00163207,97300
hektor-CGAIMMOBILIER-965,334950
guy-hoquet-immo-facile-4903325,126900
ag340369-351651211,241500
orpi-1-054041E2AUCY,190400
immo-facile-49114564,102600
157717481,416000
entities-1044599-2697499,296500
hektor-cpdelta-166,469900
visiteonline-p_5378347,240300
ag680967-361599685,167400
147434561,234000
immo-facile-47941201,140400
150944163,232900
entities-1044598-2771725,357000
ag680010-340717761,139100
apimo-6905880,468000
gedeon-21326415,110000
citya-immobilier-1273-TAPP420636,49500
hektor-CCLAUSSRIEDISHEIM-454,209146
safti-1-796719,235000
guy-hoquet-immo-facile-5698828,275000
hektor-MAYAIMMO2020-1903,168000
orpi-1-054037E2JWV8,194000
hektor-3ROIIMMOBILIERE-979,210000
visiteonline-constructeur-p_5234817-l_9798359,355000
ag681106-378282793,455000
orpi-1-054926E251GD,364000
ag681158-254578218,165000
hektor-sweethomeconseil-1256,238600
orpi-1-054041E1SBC2,192000
hektor-cdrieux-848,97000
ag681158-254578161,376000
ag681106-322062456,255000
gedeon-23582650,194000
orpi-1-054927E1LQZS,288000
iad-france-1305384,185000
hektor-MAYAIMMO2020-778,216000
hektor-immolandismunst-1071,144000
immo-facile-28384884,219900
ag681120-365765938,219000
immo-facile-50401444,129900
orpi-1-054928E1GKVY,279000
orpi-1-054927E1SCV5,145000
immo-facile-2489620,164893
mgc-284244039-SJ-210111-093612,359500
159131787,268000
entities-1044602-2740096,882640
orpi-1-054927E2CWTG,187250
160173279,228000
ag681145-381013975,329392
safti-1-800620,285000
161395397,364210
ag680575-284833589,217000
rodacom-4278112,265000
141948043,212900
ag671791-284437817,89000
mgc-375014617-VM-HABSHEIM-202225,325000
160967659,241300
iad-france-889877,189000
rodacom-4426177,155000
apimo-8158321,555000
ag681237-332799420,234300
guy-hoquet-immo-facile-6277141,441000
immo-facile-45352065,370000
hektor-immo-wittenheim-3241,514800
hektor-alaingimmo-427,299000
entities-1044601-2638020,742650
hektor-immolandismunst-1126,144450
immo-facile-47548627,210000
apimo-7448552,290000
158235615,235931
ag681158-338400738,122000
adapt-immo-680091399,245000
nexity-GB00126683,90000
ag681391-366773569,450000
guy-hoquet-immo-facile-5013729,125400
mgc-344055586-CWE-220519-114142,625000
immo-facile-2296025,170212
ag681158-369564025,134900
rodacom-4841115,340000
iad-france-1285346,199000
148521549,248500
rodacom-4731126,279000
ag671791-285088094,109000
immo-facile-37640898,181000
hektor-mhimmobilier-1354,198400
immo-facile-48981207,84800
hektor-girardi-pfastatt-3086,71000
hektor-MAYAIMMO2020-1778,329000
guy-hoquet-immo-facile-6111807,120000
ag670426-333334950,131300
guy-hoquet-immo-facile-4246839,230000
161417199,264610
safti-1-670414,240000
ag681158-342526383,133000
mgc-371700338-CWE-230106-113034,308500
immo-facile-49330445,231900
ag681332-351828691,252000
hektor-MAYAIMMO2020-1917,437000
orpi-1-054927E1URMV,169000
ag680010-215124234,246750
hektor-PAQUIN2020-144,665000
ag681156-303821943,299000
immo-facile-38159632,182000
ag681158-375975577,250000
hektor-expertiseimmo-44,115000
mgc-165885535_HAMOWOLFGANTZEN2,256500
safti-1-787689,132000
160019057,231400
hektor-generalimmo-3120,560000
150550539,260000
153724967,135000
mgc-340059015-Hirsingue639VVPP,390000
apimo-4439372,636000
ag681212-366239512,390000
safti-1-700791,299000
safti-1-642177,325000
apimo-5091848,259000
hektor-LECEDREIMMO-143,395000
citya-immobilier-1273-TMAI122833AA,410000
immo-facile-49758284,233200
iad-france-1093557,467000
ag681404-326620977,844000
guy-hoquet-immo-facile-4242584,280000
guy-hoquet-immo-facile-5799154,275000
immo-facile-3399023,329787
mgc-363766809-C-TUR-635-AG-2,486800
mgc-348646273-MS-220624-104652,350000
entities-1042950-3869688,283400
hektor-MAYAIMMO2020-2224,81000
immo-facile-35889734,187200
safti-1-817986,259600
mgc-360310067-SJ-220928-151026,356000
ag681104-367288108,110500
ag681088-336871767,510000
ag681156-252595297,350000
immo-facile-34512032,187200
mgc-361948924-LANDSER815JCPP120,532000
hektor-agence-efco-immo-1482,159000
orpi-1-054039E1GVCH,231500
145768209,249000
138812491,166000
hektor-franckberna20-4,261000
ag671791-292020416,122000
hektor-expertiseimmo-24,228000
147434401,233300
guy-hoquet-immo-facile-5751855,295000
rodacom-5239460,359000
orpi-1-054927E1PG4M,181842
orpi-1-054037E236H9,490000
mgc-317878055-MS-210929-161800,325900
ag681237-360668965,339000
guy-hoquet-immo-facile-2116473,75000
ag370631-342446598,126000
ag681106-339422397,250000
hektor-agfreyimmo-904,335000
apimo-6134100,259000
laforet-immo-facile-17928258,234000
ag681404-343290780,125000
iad-france-1141459,46000
entities-1044599-2811538,264000
161295599,279500
ag681158-380042203,429000
guy-hoquet-immo-facile-5843330,135800
hektor-CGAIMMOBILIER-613,241000
rodacom-4598813,423384
ag681391-357492817,349900
ag680297-270043862,283500
mgc-326842249,189000
160782781,252500
ag671791-282808664,245000
ag681234-350413651,233200
161268591,80000
ag681404-326621010,97200
hektor-cpdelta-76,489000
rodacom-5252305,1053000
guy-hoquet-immo-facile-2673562,174000
ag681104-338934147,179900
immo-facile-49464167,79800
immo-facile-48227249,465700
ag681158-360633475,399000
hektor-immolandismunst-1133,420000
155536901,68900
rodacom-4457057,319900
orpi-1-054933E26VZR,299000
immo-facile-49874756,230000
hektor-lifeimmo-1949,399000
ag681158-381914605,222000
orpi-1-054037E1P778,245000
guy-hoquet-immo-facile-2555285,199500
immo-facile-50178215,239200
visiteonline-p_5203666,298895
ag681110-361434580,246700
ag743447-364679833,299000
hektor-immoplusalsace-2181,474500
ag671791-290855408,315000
mgc-272308482-CWE-201015-154933,665000
mgc-376046591-CWE-230215-091029,282000
147601727,334900
hektor-immo-wittenheim-3314,200000
hektor-cpdelta-111,262501
ag681158-334978569,281000
hektor-girardi-pfastatt-2944,139000
gedeon-23728769,270000
iad-france-1088512,121500
160374801,240000
140489321,349000
hektor-immolandismunst-1067,296800
ag671791-281160782,85000
hektor-amsignatureimmo-3,218000
ag671791-284775659,106900
ag141252-303852081,166180
ag250493-276186605,136960
hektor-MAYAIMMO2020-1768,336000
immo-facile-47728783,296000
ag680633-355789236,66000
rodacom-4884342,262000
ag680297-285422303,47000
ag671791-292177241,106900
ag671791-295228649,230000
iad-france-1256398,569500
hektor-MAYAIMMO2020-781,157000
mgc-340059219-Froeningen600VVPP,425000
hektor-girardi-pfastatt-2773,265000
ag671791-281162228,230000
hektor-cpdelta-84,239000
ag681158-314443314,396000
citya-immobilier-36-TAPP448206,89000
entities-1043690-3669322,257230
ag440414-333556428,135000
mgc-371949413-SJ-230109-102752,380700
immo-facile-51993766,94000
mgc-337254945-RK_MSB_RIXHEIM_TM420,409500
rodacom-5020069,279810
159529663,163000
mgc-333232116-RK_MSB__OBERHERGHEIM_TM530,384900
hektor-robischung-2165,299000
gedeon-22387750,260000
ag681108-368927200,442000
ag671791-286102094,100000
hektor-CGAIMMOBILIER-1074,146280
ag671633-290178545,219000
immo-facile-52249757,299000
hektor-mhimmobilier-1313,375400
entities-1044598-2736657,352900
orpi-1-054927E1I817,81750
ag671791-292517924,498000
apimo-8196179,136000
iad-france-1167087,625000
iad-france-946075,225000
155238889,218200
ag681158-358242670,395000
immo-facile-25188760,499000
orpi-1-054039E2ANVK,195000
mgc-372992882-CWE-230118-112257,272000
mgc-297578940-RK_MSB_GUEWENHEIM_TM1000b,349700
ag671791-287773010,122000
rodacom-4591096,217800
apimo-6774065,680000
ag671913-380687278,235000
160967361,325946
hektor-immoplusalsace-2183,219000
guy-hoquet-immo-facile-5800957,340000
hektor-1_lerosenberg-2014,299000
orpi-1-054039E2EJGD,467000
guy-hoquet-immo-facile-5499639,66000
ag681106-322229199,158000
157403379,308780
ag681332-335840856,458000
mgc-340100877-HIRSINGUE285LPPP,235000
immo-facile-adresse-12212798,130000
orpi-1-054928E1TTNY,425200
ag671633-318140052,130000
safti-1-607341,75000
ag681156-289096436,128500
immo-facile-45496682,163280
160727715,185000
ag681158-254578152,995000
mgc-323994942-CHT-SOULTZBACH_LES_BAINS-20211122,471000
mgc-208633884-EK-Hirtz10-ID416-20190719,316800
ag681104-286946822,75000
gedeon-22826016,419000
iad-france-1154503,199900
safti-1-713151,79900
rodacom-4990475,399000
mgc-186057712-200219slwal,272000
guy-hoquet-immo-facile-4741829,359000
ag671791-290484137,447000
hektor-sweethomeconseil-1069,140000
immo-facile-39612386,335000
mgc-165885536_PLAINAIR,191500
hektor-MAYAIMMO2020-2518,299000
160200285,280000
century-21-202_3185_1263,318000
ag681391-365513500,380000
hektor-agcinqpattes-73,465000
153896287,85200
mgc-366849034-THANNVM-2011,409000
ag743447-363148018,79500
ag681088-353570863,263000
guy-hoquet-immo-facile-2756205,105000
entities-1044598-2770893,370260
immo-facile-51784489,399900
hektor-CGAIMMOBILIER-908,190800
hektor-lifeimmo-1898,291500
mgc-318403424-SJ-211004-144808,570000
immo-facile-39082782,228000
immo-facile-39002627,235000
hektor-robischung-2296,188000
safti-1-673673,175000
orpi-1-054927E1JP4I,171200
iad-france-1225691,270000
mgc-353219024-SJ-220801-180440,373500
hektor-CGAIMMOBILIER-1008,710000
mgc-360313135-HOCHSTATT1000BK,798000
ag681104-274454405,310000
rodacom-4470280,80000
iad-france-1282091,227800
iad-france-895402,134900
orpi-1-054038E21JBO,89000
ag671913-382649471,55000
hektor-mhimmobilier-1434,283500
mgc-286815897-SJ-210128-164649,398000
mgc-187581011,664635
hektor-generalimmo-3239,169000
immo-facile-49041197,265000
immo-facile-34340698,187200
ag681204-378102961,320000
ag333464-362572948,248000
hektor-alaingimmo-316,225000
orpi-1-054039E0TRGF,164000
hektor-sweethomeconseil-1229,215000
immo-facile-adresse-11542642,149000
immo-facile-47033970,139500
immo-facile-34716322,120000
hektor-robischung-2831,133000
immo-facile-34429374,270000
iad-france-1022772,335000
hektor-CGAIMMOBILIER-1025,378000
ag681391-365795974,239000
gedeon-26165348,347000
citya-immobilier-1273-TAPP486177A,193000
orpi-1-054041E1Q1ID,239000
hektor-MAYAIMMO2020-2438,469000
immo-facile-41245768,244400
immo-facile-51382055,399000
mgc-147166690,231300
gedeon-25179775,517000
142161285,218000
apimo-3950420,174075
ag750949-320166918,134400
hektor-MAYAIMMO2020-1735,159000
ag340369-376602877,139750
immo-facile-adresse-11525225,258475
ag681156-324478155,118000
ag681154-256239601,248000
citya-immobilier-36-TAPP465235,73000
apimo-8012979,245000
guy-hoquet-immo-facile-4998344,255000
guy-hoquet-immo-facile-2749763,200000
157403395,338200
hektor-1_lerosenberg-1488,472680
hektor-girardi-pfastatt-2950,272000
ag671913-316300281,259000
immo-facile-48202423,267500
ag681391-357998428,190800
snpi-5017859,260000
immo-facile-46956388,336000
guy-hoquet-immo-facile-5500548,202200
rodacom-4395544,279000
orpi-1-054932E224BY,195000
adapt-immo-680091601,525000
ag681404-361987426,305950
ag680254-346567068,305000
ag681391-366670690,375000
hektor-robischung-2341,193000
iad-france-1241559,179000
hektor-immo-wittenheim-3193,374400
hektor-immolandismunst-1176,441000
hektor-MAYAIMMO2020-1925,342000
hektor-MAYAIMMO2020-813,175000
hektor-LECEDREIMMO-115,210000
hektor-MAYAIMMO2020-2157,399000
ag681237-321074964,216200
hektor-immo-wittenheim-3181,299600
hektor-girardi-pfastatt-2851,299000
ag681158-364106563,235000
adapt-immo-680091582,330000
hektor-agence-efco-immo-1776,302400
entities-1044599-2798782,464440
ag681210-380411611,96000
146737067,126000
ag681158-320887992,126000
laforet-immo-facile-17463323,235400
ag681158-367337353,370000
160967291,226950
immo-facile-50462568,229000
158751603,300000
ag681088-338643186,99000
hektor-moebel-immo-65,349000
immo-facile-47991383,395000
entities-1044599-2792259,264000
mgc-118756865_RFCER586-RF92P2GA-RFCER586-RF92P2GA,306000
ag681237-380913178,405000
ag670547-266850632,54000
orpi-1-054933E21BZT,160000
151525627,243000
iad-france-953528,165000
apimo-8158164,294925
orpi-1-054041E2EL9S,149000
immo-facile-45814229,399000
ag671791-286102808,498000
immo-facile-51402125,439000
immo-facile-51765360,267500
hektor-CGAIMMOBILIER-863,283500
apimo-8158186,304000
ag681108-343527615,448000
ag681158-254762427,145000
hektor-alaingimmo-382,230000
immo-facile-48327292,432000
ag681391-361311346,130000
orpi-1-054036E2E7GD,273500
ag671791-315045081,207000
snpi-5238940,321000
hektor-ag-orim-1142,145000
ag680010-227964145,252000
iad-france-1021254,468000
iad-france-1244047,117000
iad-france-838326,235000
entities-1043690-3612819,346995
orpi-1-054038E1W5KN,345000
ag681494-377769667,149700
apimo-4259964,128000
iad-france-1132477,235000
mgc-333232128-RK_MSB__OBERHERGHEIM_TM530lib,437900
ag671474-381322870,67000
160182121,290200
hektor-cdrieux-759,135000
hektor-MAYAIMMO2020-1889,430000
156255153,180000
entities-1044602-2780482,743400
orpi-1-054927E1KVLZ,263800
ag681332-351974851,184000
ag681156-316378410,230000
ag681108-273170681,308000
hektor-5_lerosenberg-1520,239000
orpi-1-054037E28N3G,298512
immo-facile-43201170,187200
hektor-mhimmobilier-1399,630000
immo-facile-34472419,177000
ag750949-350246992,99500
hektor-PAQUIN2020-108,420000
145319973,155000
ag671791-299031009,106900
hektor-PAQUIN2020-130,230000
safti-1-674624,224500
hektor-cpdelta-130,252200
ag671791-282167465,238000
ag680632-250577218,125000
ag670426-342305010,239000
ag301615-373643928,248000
hektor-cpdelta-223,390000
safti-1-667401,174900
safti-1-705294,593750
immo-facile-48980554,140000
mgc-P183,236500
ag754248-292528118,359000
ag681237-338823078,181050
orpi-1-054038E27U2A,259000
guy-hoquet-immo-facile-4692735,99000
mgc-304767561-VM-BRUEBACH-202076,370243
immo-facile-adresse-12848191,158000
guy-hoquet-immo-facile-2334296,167000
immo-facile-45869868,265926
mgc-304452495-cf-traubach1000m2ID15,388000
hektor-girardi-pfastatt-2703,229000
mgc-381769214-pp-230411-091726,337526
orpi-1-054927E26SIY,86110
ag340369-278499152,220500
ag340378-283357601,330000
entities-1044598-2654593,283100
entities-1043690-3671190,349791
151441965,260000
gedeon-22170198,350000
ag681158-378020140,362000
ag681122-292719965,231000
ag340369-301369371,206700
hektor-MAYAIMMO2020-2143,679000
ag681158-375120544,211000
immo-facile-39685216,275816
mgc-296010634-C-KIN-493-SB,300000
ag681156-354343837,332000
ag681332-323173716,388500
ag680254-329876718,693000
ag743447-371971804,249900
mgc-321058979-CWE-211026-173359,267500
iad-france-1192540,315900
safti-1-742007,240000
immo-facile-adresse-11322106,372750
safti-1-825441,59500
ag681158-315450609,220000
hektor-sweethomeconseil-1110,149900
ag681108-279221549,235660
ag681140-382844867,420000
citya-immobilier-1273-TAPP476782A,110000
orpi-1-054927E1V2X3,61000
ag681154-252828184,249000
hektor-girardi-pfastatt-2187,729000
ag680633-277986845,136700
ag681145-371612140,290000
guy-hoquet-immo-facile-5610737,439000
hektor-1_lerosenberg-1138,691000
apimo-7975670,235000
mgc-371446847-MS-230104-095456,369000
mgc-362085184-2DIETWILLER_650LP4P110PP,452000
orpi-1-054927E1ETQX,153000
ag681110-330331884,180000
ag671791-297649557,117000
158622575,233540
ag680297-325696938,280000
mgc-ancien-L01_0F01_071023,70000
immo-facile-33182028,79800
apimo-7313964,245000
mgc-330200633-pp-220119-163002,308850
ag681158-359154376,129000
ag671791-328150518,116000
160967413,192008
mgc-363890274-C-WUE-115-OS-2,396600
mgc-368612540-SJ-221206-082441,343000
apimo-82272701,672000
rodacom-4890596,128400
rodacom-4215891,249000
mgc-383296381-SJ-230425-084707,456000
ag680286-378525034,70000
hektor-MAYAIMMO2020-2163,358700
hektor-cdrieux-888,153000
orpi-1-054933E20T3E,448000
hektor-lifeimmo-1815,118000
hektor-MAYAIMMO2020-2220,219000
ag681106-371137627,96000
mgc-377668110-C-TUR-635-104-AG,449500
hektor-1315_EXPERTIMO22-126934,419000
apimo-5026113,124200
ag681110-361089502,201000
hektor-generalimmo-2810,193000
guy-hoquet-immo-facile-4821650,156300
158794975,339500
ag681391-374642326,395000
ag681237-318557166,234300
hektor-robischung-2843,440000
ag671791-294238643,230000
rodacom-4807241,197215
orpi-1-054036E271IH,189600
hektor-MAYAIMMO2020-1906,185000
citya-immobilier-1273-TAPP104775,147000
gedeon-24148749,265000
hektor-immolandismunst-1108,325500
ag680575-347790879,219000
ag680254-375233956,79950
immo-facile-42373506,225532
150944159,213900
hektor-MAYAIMMO2020-1770,295000
guy-hoquet-immo-facile-2748817,182000
immo-facile-adresse-12468911,199000
161278495,163590
ag680967-316125396,140400
orpi-1-054039E2IPYK,490000
iad-france-900007,344000
mgc-342832444-MS-220509-144233,270000
hektor-valencay-immo-2622,180200
ag671791-381120835,99360
mgc-118756865_RFROUF594-SMART1-1-1-RFROUF594-SMART1-1-1,322000
immo-facile-49803030,115000
apimo-5746712,89100
adapt-immo-680091629,274400
ag681088-381843391,253000
guy-hoquet-immo-facile-5712735,248200
immo-facile-45489386,119800
hektor-moebel-immo-210,292388
immo-facile-48284306,150800
safti-1-604801,134000
immo-facile-48258816,158000
hektor-moebel-immo-303,170000
hektor-agence-efco-immo-1525,241500
hektor-MAYAIMMO2020-2346,254400
gedeon-24524584,285000
ag681237-378913987,108000
hektor-expertiseimmo-2259,259000
orpi-1-054927E234AO,66000
mgc-369252456-C-OSE-96-AG,296000
ag681204-332224071,117700
immo-facile-34969169,124800
citya-immobilier-1273-TAPP488693A,125000
ag671791-378165538,99360
immo-facile-adresse-13121184,469000
mgc-320107116-AP-RIEDISHEIM-20211810,531500
immo-facile-34583596,405600
orpi-1-054048E1XE5S,117000
apimo-3950957,64000
hektor-sweethomeconseil-1281,300000
ag681110-381106033,231000
safti-1-743850,399000
safti-1-734135,158000
mgc-233026224-pp-200108-150645,292060
ag671474-265499294,86000
immo-facile-adresse-12692113,220000
apimo-8158459,790000
160782761,298700
guy-hoquet-immo-facile-4075158,192400
ag680010-278688806,189000
safti-1-607310,365000
orpi-1-054927E25DSJ,166186
mgc-246776941-EK-Muespach_9-Libr-20201704,428534
apimo-5920511,350000
immo-facile-50837189,182000
immo-facile-49167388,208000
hektor-robischung-2602,262000
mgc-358895329-6DIETWILLER780JC2P,687000
ag681120-347120253,222600
ag671791-370103680,99360
guy-hoquet-immo-facile-2792711,337000
iad-france-1279591,249000
orpi-1-054039E1V6II,32000
ag680254-345810291,180200
rodacom-4092759,179000
immo-facile-37071986,457000
ag681391-344895873,246000
157972971,174000
ag340369-362877601,345000
ag681156-315567879,649900
mgc-153691950,260000
immo-facile-45707844,249000
immo-facile-43361963,72000
mgc-333821675-C-OBE-426-D-AG,349800
entities-1044599-2800103,380600
hektor-deuxmm-4,137800
ag680632-259457590,73000
hektor-mhimmobilier-1363,82000
iad-france-1134726,345000
adapt-immo-680091576,217000
ag743447-337631565,81500
nexity-GB00140313,45000
hektor-generalimmo-3071,270000
hektor-generalimmo-3268,195000
156618641,357000
guy-hoquet-immo-facile-6232119,99500
immo-facile-2522953,335106
adapt-immo-680091653,360500
hektor-CGAIMMOBILIER-1040,147000
mgc-249460452-SJ-200513-090428,335000
147601691,148800
iad-france-922903,233000
ag250493-273676172,468000
immo-facile-50816135,291000
hektor-5_lerosenberg-1295,231000
ag681113-313717980,229000
ag681158-340070730,566000
ag681088-354599407,298000
mgc-255264223-SJ-200619-093609,360000
mgc-372763121-CWE-230116-155125,258000
guy-hoquet-immo-facile-5663425,70000
hektor-sweethomeconseil-1241,155000
immo-facile-30776221,64760
mgc-118756865_HMMUNA-HMSMART1-3-3-100M2-HMMUNA-HMSMART1-3-3-100M2,324700
hektor-CGAIMMOBILIER-716,549000
orpi-1-054048E1EKQ4,498750
ag681332-318700563,505300
immo-facile-47563222,40000
ag680297-309724455,165000
hektor-alaingimmo-378,210000
hektor-cdrieux-744,340000
apimo-7407190,192000
ag671791-289445753,109000
157050035,428000
ag671791-295890239,299000
orpi-1-054037E1Y2HB,107000
iad-france-1309009,261000
mgc-177145254,292500
ag681156-372901627,499000
ag681110-342165360,283500
hektor-1318_EXPERTIMO22-119079,149900
rodacom-3951578,184000
ag681088-372218614,297000
apimo-8158233,554000
161566577,160000
guy-hoquet-immo-facile-5500442,139900
hektor-girardi-pfastatt-2947,232000
guy-hoquet-immo-facile-5775308,255000
ag750949-377582287,195000
apimo-7347743,267000
safti-1-764179,195000
hektor-MAYAIMMO2020-1966,436500
ag670547-237769066,75000
ag671633-356827930,210209
ag671791-281915654,127000
immo-facile-49966031,336000
mgc-334101039-SL-OBERENTZEN-20222302,306800
ag681237-370719160,168270
adapt-immo-75008114593,438900
mgc-366214698-C-CER-105-OS,324050
147434359,301000
safti-1-622703,309000
apimo-82321847,490000
orpi-1-054037E2BTWK,77300
orpi-1-054048E18XG9,117720
immo-facile-48188751,169900
160967493,298800
entities-1043690-3669018,289965
immo-facile-50979432,273000
iad-france-1302967,425000
hektor-alaingimmo-302,136000
hektor-CGAIMMOBILIER-739,294000
ag681404-326621169,128000
ag301615-354116349,85000
ag681109-337429734,463000
nexity-GB00158354,75000
adapt-immo-680091600,296000
ag681158-344617167,210000
mgc-343776919-CWE-220517-115102,339000
orpi-1-054927E2M3KQ,139000
guy-hoquet-immo-facile-2205993,239000
ag681158-310306857,437000
mgc-242349918-CWE-200306-154842,254000
apimo-8027524,270000
ag681237-365386927,278520
entities-1043690-3671182,296245
guy-hoquet-immo-facile-5016361,359000
orpi-1-054037E1WDUE,140834
orpi-1-054927E1IRKO,176000
adapt-immo-68008903,218000
ag680278-226514545,174900
mgc-382107461-CWE-230413-181950,254000
guy-hoquet-immo-facile-5778600,76500
ag681237-380657758,449000
157043011,176000
apimo-8049911,292000
orpi-1-054039E1YIFT,245000
safti-1-774752,125000
rodacom-4334889,246100
hektor-expertiseimmo-67,245000
160967961,259800
ag440414-380625139,161800
immo-facile-38924792,103550
iad-france-1280108,238000
laforet-immo-facile-17561813,117700
guy-hoquet-immo-facile-2758391,82000
ag681120-374546617,244950
ag671791-286457819,315000
hektor-agence-efco-immo-1694,315000
immo-facile-48560957,186000
laforet-immo-facile-17774786,442900
ag333464-367568752,449000
ag671791-314158623,160000
immo-facile-51528826,330000
immo-facile-35639707,99900
gedeon-21340943,79000
hektor-MAYAIMMO2020-1732,374000
safti-1-791114,239000
157544193,336850
hektor-mhimmobilier-1274,171600
rodacom-4349499,389000
immo-facile-33644354,290000
guy-hoquet-immo-facile-5681001,110000
hektor-girardi-pfastatt-3011,345000
hektor-girardi-pfastatt-3111,392000
mgc-165885535_HAMOJEBSHEIM,265000
ag681237-285610919,96000
ag680286-285906065,285000
immo-facile-1883510,189362
guy-hoquet-immo-facile-3473907,374000
ag750949-315766782,494500
entities-1044598-2770891,344520
mgc-234094176-SJ-200115-173228,384000
orpi-1-054038E1OX7G,98900
entities-1044599-2687947,409900
ag671474-267723494,88000
mgc-376310557-MKI-ZAESSINGUE-20230217,372400
apimo-5859055,269000
ag671791-311121162,130000
hektor-MAYAIMMO2020-2208,197000
hektor-308_troispourcent_admin-47135,217560
entities-1044598-2796829,370000
157071317,100000
ag681391-365796037,680000
hektor-MAYAIMMO2020-2462,269500
ag681113-299858124,150000
hektor-agence-efco-immo-1436,169600
orpi-1-054038E2FU77,208500
ag681423-333211434,87500
guy-hoquet-immo-facile-2710347,79000
ag060811-371764348,282000
hektor-robischung-1460,262000
rodacom-5187983,120000
hektor-agence-efco-immo-1646,299900
ag681391-365796454,122000
ag671791-367692142,277000
ag671791-304775613,117000
rodacom-4403211,138500
hektor-girardi-pfastatt-2765,108000
gedeon-24739186,264000
ag681154-270022058,215000
mgc-ancien-071794,97267
ag743447-356802592,420000
safti-1-764603,312500
145456335,180699
ag671791-303230982,122000
ag681404-365053723,186375
ag681109-349879906,235000
iad-france-1292983,279000
ag670426-343593801,244500
hektor-PAQUIN2020-97,273000
guy-hoquet-immo-facile-2793720,94000
immo-facile-adresse-10717160,69225
hektor-robischung-2620,199000
guy-hoquet-immo-facile-5966103,75500
mgc-118756865_EK-DIET6-EK-DIET6-120-EK-DIET6-EK-DIET6-120,476800
mgc-352504299,179000
immo-facile-42093764,84800
hektor-girardi-pfastatt-3126,170000
ag671791-286799078,78400
guy-hoquet-immo-facile-6223866,445000
mgc-359186790-C-NIED-90-AG,339500
iad-france-885269,319000
ag681120-347166549,299900
visiteonline-p_5054766,141500
laforet-immo-facile-20890688,640000
orpi-1-054037E1SCJP,140833
hektor-ELSASS2020-3043,315000
ag681158-377382139,750000
iad-france-1337353,239500
hektor-robischung-2617,595000
orpi-1-054928E1JD8N,70000
iad-france-1163452,159000
immo-facile-43363809,172000
hektor-valencay-immo-2616,178000
entities-1044599-2804083,451900
iad-france-1134334,102000
rodacom-4694466,410432
guy-hoquet-immo-facile-5677565,523500
ag671791-285606038,245000
century-21-202_3377_14,225000
ag670547-320339442,335000
ag681391-323977431,335000
immo-facile-adresse-12826919,212000
152584437,198800
151357053,208000
immo-facile-49187237,246750
hektor-moebel-immo-18,770000
ag681106-337007922,495000
immo-facile-50838631,119900
ag681542-380482950,78400
159581521,216860
ag681127-330475944,179000
ag680297-335275011,108000
iad-france-860558,199000
entities-1043690-3587708,310961
immo-facile-35221564,364000
rodacom-4593723,154000
ag681234-356648791,493500
ag681158-378891142,204000
ag681237-311153391,103000
ag340369-349030977,304000
hektor-MAYAIMMO2020-2293,255000
hektor-agence-efco-immo-1791,442200
immo-facile-47995161,156000
ag671791-302102343,117000
immo-facile-45835214,328640
ag681158-378307372,640500
entities-1042950-3869201,481743
immo-facile-38434767,208000
ag681110-343373211,139100
immo-facile-44084845,819000
ag681156-347162532,916000
immo-facile-adresse-11062860,180000
orpi-1-054039E159M1,145000
hektor-alaingimmo-431,210000
apimo-4971455,276000
ag750665-266248421,214000
guy-hoquet-immo-facile-2782511,275000
guy-hoquet-immo-facile-2466472,285000
immo-facile-adresse-12835780,117700
hektor-MAYAIMMO2020-2075,149900
iad-france-1156960,129000
guy-hoquet-immo-facile-2756304,145000
orpi-1-054927E2F8NZ,180000
ag681108-336767874,319000
ag060811-298726086,245000
guy-hoquet-immo-facile-2723205,285000
immo-facile-3364221,260639
hektor-MAYAIMMO2020-2225,170000
159131785,268000
guy-hoquet-immo-facile-2617813,460000
ag681158-340587270,289000
orpi-1-054048E1VBHJ,482000
orpi-1-054927E25DRB,154162
apimo-82248268,355500
laforet-immo-facile-17865663,510000
entities-1044599-2687948,423760
immo-facile-35774810,270400
immo-facile-35919529,228800
hektor-robischung-2618,232000
immo-facile-48105622,149760
immo-facile-43094399,219350
ag440414-339828696,359000
safti-1-754923,440000
hektor-robischung-2561,380000
mgc-341725079-C-RUS-600-B-AG,310000
ag681088-366395773,79000
ag440414-240855814,110990
ag250493-267783362,574080
iad-france-1153891,96000
ag065259-168645199,85000
immo-facile-35610328,385000
immo-facile-adresse-11018893,525000
iad-france-716067,245000
mgc-280990448-VM-ZILLISHEIM-20201412,344037
ag681158-277748966,182200
nexity-GB00100057,280000
hektor-agfreyimmo-818,308000
mgc-370345723-2212LPSOULTZMATT800PP100,380000
161402517,268360
hektor-generalimmo-3036,149800
mgc-342877713-VM-HABSHEIM-20220509,380219
153896491,251400
mgc-136062822,135000
ag680297-334396743,258000
hektor-sweethomeconseil-1294,580000
ag681104-363749308,77000
megagence-1-97125,108000
ag210591-318347943,729000
ag681391-347494650,159000
guy-hoquet-immo-facile-4671161,166800
apimo-8158434,320000
entities-1044599-2803416,421900
apimo-8213344,318000
ag681145-363000817,180000
guy-hoquet-immo-facile-5620254,215000
hektor-ba-immobilier-1107,142000
ag681113-283239614,205000
146114811,140000
orpi-1-054037E2DE48,470000
guy-hoquet-immo-facile-4679548,161700
mgc-307125984-RK_MSB_LAUW_TM537,248100
ag681332-343389189,965000
orpi-1-054039E1M45O,242000
hektor-PAQUIN2020-39,285000
hektor-agence-efco-immo-1763,218100
orpi-1-054927E1KPCX,580000
immo-facile-38896157,145600
ag681154-252828160,202000
immo-facile-45854154,641500
hektor-1_lerosenberg-1073,307000
ag681106-317079345,180000
ag681444-350144281,252000
adapt-immo-680091606,207000
ag681158-304235310,260000
iad-france-1159254,330000
ag681158-362970721,225000
ag681237-370754866,453650
hektor-alaingimmo-341,220000
iad-france-1043527,200000
iad-france-826381,165000
orpi-1-054039E1N58Q,69000
hektor-MAYAIMMO2020-2573,230000
hektor-5_lerosenberg-1413,470000
ag681158-342453789,144000
immo-facile-49225657,266000
mgc-373521560-MS-230123-103207,320000
nexity-GB00087403,225000
hektor-MAYAIMMO2020-1775,312000
safti-1-743503,119900
iad-france-732531,157000
rodacom-5226809,537000
mgc-382473567-C-WUE-463-84-OS2,335652
apimo-6833794,384000
155183341,143000
ag681210-369923851,398300
iad-france-1307648,140000
ag060811-262762409,260000
ag681158-333995478,91000
ag681332-345093480,599000
ag681124-354218737,316000
immo-facile-48986995,248000
immo-facile-34270093,179000
161470073,293850
hektor-immo-wittenheim-1142,338000
hektor-MAYAIMMO2020-2425,540750
hektor-CGAIMMOBILIER-1037,142000
mgc-347161618-MS-220613-173628,273400
guy-hoquet-immo-facile-5611354,245000
ag680974-298213704,97755
ag681104-358493254,119900
citya-immobilier-1273-TAPP470331AA,159500
hektor-moebel-immo-307,320000
orpi-1-054048E20EUW,187250
ag681332-333090798,582400
nexity-GB00147971,92800
immo-facile-45558306,198000
orpi-1-054037E1S3YQ,249500
160967951,255000
iad-france-1282093,213000
hektor-MAYAIMMO2020-2296,335000
guy-hoquet-immo-facile-2623265,109000
ag440414-381529063,346000
hektor-dagon68500-2372,185500
ag680331-328433495,395000
immo-facile-44353938,980000
guy-hoquet-immo-facile-2733852,190000
gedeon-24614407,306000
153418491,192000
immo-facile-47100401,498000
iad-france-907107,240000
ag670547-242024791,92000
ag681113-313615332,209125
ag681423-381776950,126000
ag680575-335779947,100000
hektor-cdrieux-875,315000
apimo-5827805,156000
hektor-girardi-pfastatt-2904,65000
mgc-383466982-pp-230426-181639,274392
ag680254-259659481,144450
guy-hoquet-immo-facile-2594843,348000
ag681210-371137375,260000
ag681140-338489001,355000
160967329,261000
immo-facile-32380880,165000
146211137,46200
ag671791-312308223,240000
immo-facile-43363197,430000
immo-facile-50323467,469900
mgc-377636731-CLM-JUNGHOLTZ-030223,557450
147983391,235000
mgc-380982525-C-STA-183-85-OS3,251321
orpi-1-054041E1K0WF,171200
160512383,312750
ag681158-279936155,525000
ag671791-282545930,151000
apimo-6977716,780000
iad-france-842967,93000
hektor-MAYAIMMO2020-2336,400000
guy-hoquet-immo-facile-5716078,185100
visiteonline-p_4972598,229600
immo-facile-50814975,190000
160782797,239000
guy-hoquet-immo-facile-5747127,79000
mgc-355779196-2Masevaux615LPPP97,309999
immo-facile-51909054,194400
rodacom-4593720,75000
guy-hoquet-immo-facile-3334530,72000
mgc-323718404-pp-211119-154137,281020
ag681237-383000078,314000
iad-france-789442,100000
hektor-robischung-2389,200000
ag671791-290031791,162000
immo-facile-49323150,280000
ag681110-362522512,128400
ag681423-370315546,212000
apimo-82190789,229000
ag681404-326620920,242000
entities-1044601-2812018,794300
entities-1044601-2814492,530900
orpi-1-054928E1I7YU,280000
hektor-agence-efco-immo-1930,246000
ag681158-291872603,44500
ag671474-282723845,259000
entities-1043690-3634340,315315
immo-facile-47728659,225000
hektor-girardi-pfastatt-2943,133000
apimo-7612819,318000
hektor-generalimmo-3259,490000
iad-france-1159919,199000
immo-facile-37922359,142252
ag681145-359798173,296800
hektor-mhimmobilier-476,220000
nexity-GB00149662,197500
hektor-1_lerosenberg-1458,245000
ag671913-381868972,190000
adapt-immo-680091541,360500
ag340369-312901284,71500
gedeon-25728559,208000
entities-1043690-3634296,391003
mgc-365846410-BLODVM-1011,335500
hektor-cdrieux-840,499000
161295601,209641
century-21-202_3185_1133,185000
151072329,147000
gedeon-22800453,142000
immo-facile-49807346,277000
hektor-cpdelta-3,275600
160182129,205950
ag681391-342215346,267500
ag681108-286951943,395000
ag681101-326653644,277000
iad-france-825088,213500
hektor-sweethomeconseil-1144,318000
hektor-generalimmo-2813,177000
ag681113-271446920,188000
ag681088-354599410,220000
guy-hoquet-immo-facile-4820247,190000
mgc-265173968-VM-fessenheim-2020288,313184
hektor-agfreyimmo-882,149000
hektor-immo-wittenheim-3197,235000
ag680010-205568445,231000
mgc-380987574-C-SOU-400-84-AG2,309000
hektor-moebel-immo-63,163000
hektor-alaingimmo-417,200000
immo-facile-50852838,290000
ag681391-360197815,159000
ag743447-329078388,198500
hektor-robischung-2716,227000
safti-1-714834,90000
hektor-CCLAUSSRIEDISHEIM-17503,310000
iad-france-887732,380000
apimo-6992688,398000
safti-1-774469,164000
hektor-MAYAIMMO2020-2241,246000
immo-facile-34933781,280000
immo-facile-52369356,129900
hektor-girardi-pfastatt-2821,198000
immo-facile-46498979,240000
hektor-1_lerosenberg-1455,655000
rodacom-4409582,329000
mgc-340509525-ELBACH1400VVPP130,369000
ag681391-373005835,541000
hektor-3ROIIMMOBILIERE-972,53900
ag681332-330476550,452000
hektor-expertiseimmo-91,453200
immo-facile-52454545,178000
adapt-immo-680091447,294000
mgc-371246852-pp-230103-104017,294532
immo-facile-adresse-12812498,265000
ag681124-322196259,485000
ag680824-303153672,170000
ag670609-329450610,372500
laforet-immo-facile-20871140,399000
orpi-1-054934E2GZK8,130800
ag681237-339935430,129600
iad-france-766395,207000
century-21-202_3377_313,86500
ag340369-377685733,555000
immo-facile-40262271,260000
pericles-36844242,215000
ag680297-336653922,91000
rodacom-4436967,210000
149197811,477800
ag681156-296974512,273600
hektor-mhimmobilier-1292,191100
ag340369-360985816,302500
hektor-lifeimmo-1999,130000
safti-1-873999,199000
gedeon-24739130,309000
orpi-1-054038E1HA4Y,117000
hektor-PAQUIN2020-24,349000
ag681237-383000063,470000
guy-hoquet-immo-facile-5606421,120800
160988203,204310
159529665,210000
immo-facile-49457943,119000
safti-1-758632,742000
ag680047-234314836,159000
ag671474-311747433,370000
iad-france-669113,150000
hektor-robischung-2365,178000
ag671791-298133061,159750
immo-facile-35639576,480000
hektor-MAYAIMMO2020-2558,420000
hektor-sweethomeconseil-1103,379000
157700143,427100
ag671791-296561037,109000
ag681108-279241088,238247
ag681391-365796115,222600
161638837,180000
mgc-328792667-CWE-220107-140424,398000
157247041,260000
guy-hoquet-immo-facile-2627943,176000
ag681391-332963577,495000
158528715,234000
mgc-204965306-SJ-190626-105225,225900
entities-1043690-3587702,314490
laforet-immo-facile-17783005,219350
guy-hoquet-immo-facile-3655899,146900
immo-facile-52369550,180000
guy-hoquet-immo-facile-5608822,379000
guy-hoquet-immo-facile-5832684,165000
hektor-generalimmo-2839,240000
immo-facile-adresse-10897030,515000
153331839,172000
mgc-323315336-CWE-211116-171434,239500
mgc-ancien-L01_0F01_067676,75500
hektor-CCLAUSSRIEDISHEIM-17501,388974
hektor-girardi-pfastatt-2810,222000
mgc-283601105-BK_Burnhauptlehaut,224000
adapt-immo-68009441,180000
ag681106-376813279,92000
ag681158-365173015,315000
hektor-1_lerosenberg-1915,299000
guy-hoquet-immo-facile-3870565,98500
guy-hoquet-immo-facile-4927353,199000
immo-facile-52634476,79990
guy-hoquet-immo-facile-5792395,189800
iad-france-961995,232000
safti-1-570099,205000
rodacom-5095396,285498
hektor-1_lerosenberg-1564,429520
mgc-380752067-MS-230331-154408,398000
ag680775-366501715,545000
156324599,145000
gedeon-24978280,169000
guy-hoquet-immo-facile-6058016,139000
mgc-347443261-MS-220615-102935,309000
safti-1-821941,420000
hektor-cpdelta-75,74900
hektor-MAYAIMMO2020-790,279000
visiteonline-p_5385666,312050
laforet-immo-facile-20958177,239000
adapt-immo-680091269,617000
safti-1-742927,358800
ag681156-354343852,168000
entities-1043690-3747723,310430
mgc-118756865_RFVITH500F-RF94TPGA-RFVITH500F-RF94TPGA,333500
orpi-1-054927E25DUL,166186
nexity-0089__89080,201329
ag681154-344244579,595000
hektor-CGAIMMOBILIER-1751,434447
hektor-MAYAIMMO2020-2512,199900
hektor-ag-orim-971,385000
guy-hoquet-immo-facile-73094,47000
159626925,409000
hektor-girardi-pfastatt-2868,255000
mgc-287382057-SJ-210201-120927,284500
gedeon-23452467,152250
ag743447-338261064,99000
hektor-immolandismunst-1100,357000
ag681158-380412361,336000
iad-france-1146738,118000
visiteonline-p_5151011,290000
ag681391-355030894,179000
immo-facile-34087831,305000
hektor-girardi-pfastatt-3162,150000
ag671791-300881634,55000
160667285,263910
ag671791-294083156,378000
guy-hoquet-immo-facile-5017423,86000
immo-facile-29870452,95760
hektor-mhimmobilier-1338,382000
mgc-374596863-C-DES-308-AG,249000
guy-hoquet-immo-facile-5995900,118600
mgc-177145418,231000
immo-facile-adresse-12542617,159500
mgc-165885536_ZILLISHEIM,255000
immo-facile-49814101,131000
immo-facile-38931200,243750
ag681391-344907099,572000
ag671717-371144746,375000
immo-facile-47885882,90000
immo-facile-47860972,525700
laforet-immo-facile-20845033,445200
immo-facile-44255144,124800
immo-facile-44376954,169000
rodacom-5233884,71000
iad-france-925282,305000
147811579,223600
safti-1-821089,344000
orpi-1-054927E2708H,97200
safti-1-671965,158000
hektor-girardi-pfastatt-3070,307000
safti-1-833972,259000
century-21-202_3185_1377,134000
immo-facile-34307377,249600
ag671474-347055108,395000
immo-facile-adresse-12388695,133750
laforet-immo-facile-20765905,106500
ag681106-381292489,375000
hektor-agencedelill-13306,363700
ag670426-338504709,196000
hektor-237_EXPERTIMO22-49969,360000
ag681158-365388982,326000
guy-hoquet-immo-facile-2727446,232800
mgc-344272983-RK_MSB_KRUTH_TM900opt9,297000
guy-hoquet-immo-facile-5603298,210000
hektor-girardi-pfastatt-2797,188000
ag681158-338984352,566000
adapt-immo-68009691,183500
ag681494-367279036,52800
ag250493-269135618,426400
immo-facile-49869657,206000
immo-facile-45839256,268944
hektor-ELSASS2020-4204,198000
ag681154-256239556,418000
immo-facile-34546550,324800
immo-facile-51669427,468000
immo-facile-3467008,136500
mgc-340494376-SJ-220419-095223,355000
iad-france-1054031,100000
hektor-MAYAIMMO2020-1996,157000
hektor-CGAIMMOBILIER-1041,204500
138585461,210000
immo-facile-49446527,318000
mgc-339210275-C-BUR-481-OS,326000
adapt-immo-6700710872,526000
mgc-362876338-DIETWILLER580JCPP,483000
161295585,415000
ag680047-279984434,472500
hektor-PAQUIN2020-74,132500
hektor-girardi-pfastatt-2858,110000
immo-facile-51680658,189000
orpi-1-054039E1KCTV,163100
ag681156-340485921,299900
ag670547-242024803,86000
hektor-MAYAIMMO2020-2456,153000
ag681158-378035968,1312000
entities-1043690-3671180,348506
iad-france-981729,369000
ag680632-272640152,99600
ag681088-379285834,190000
iad-france-1072177,179900
153296225,280000
ag681494-354431962,232000
154979991,219000
ag681156-254663751,137800
hektor-moebel-immo-26,547000
hektor-1318_EXPERTIMO22-128731,359000
ag681124-319283154,477000
mgc-152206576,198000
ag681444-344791137,299000
ag681425-365446912,374400
ag681212-347359374,160000
hektor-sweethomeconseil-1338,124000
safti-1-493502,99000
hektor-alaingimmo-385,250000
ag681158-254578134,418000
ag681237-332065287,91900
immo-facile-37103169,285000
ag681425-365395306,95000
hektor-CGAIMMOBILIER-845,208700
iad-france-1311860,195500
immo-facile-35990111,145096
ag681158-316667073,562000
159794621,207400
hektor-MAYAIMMO2020-2342,362000
hektor-PAQUIN2020-22,174900
ag681404-326621115,199900
ag681119-305992748,76000
hektor-generalimmo-3131,169000
135200987,275000
hektor-lifeimmo-1888,220000
immo-facile-49786871,130000
ag671791-317592765,129000
ag680824-290060786,141000
orpi-1-054037E1VNQT,353600
entities-1043690-3707350,436000
hektor-sweethomeconseil-1335,235000
ag681358-336261141,74000
ag681156-323717562,409500
hektor-expertiseimmo-46,450000
mgc-364186969-2710WILLERSURTHUR533LP2P130,347500
ag681391-370713130,170000
ag681237-378288160,274300
ag671913-375266866,215000
apimo-8158324,374981
gedeon-24441735,420800
ag680010-249401599,288750
safti-1-714244,165000
rodacom-5151771,305500
ag671791-308727192,122000
guy-hoquet-immo-facile-2723514,192300
guy-hoquet-immo-facile-2816517,135000
mgc-371948312-SJ-230109-101143,352600
hektor-MAYAIMMO2020-1604,388000
mgc-340797339-LEIMBACH220VVTP,435000
visiteonline-p_5222826,134600
rodacom-4324163,447358
ag751938-253106788,275000
mgc-347670921-cf-elo3-altkirch-750m2,356300
ag942480-361298191,248000
immo-facile-44425901,199500
guy-hoquet-immo-facile-5241486,348000
mgc-302443335-cf-soppe-3janv-650,375500
ag681075-351142345,189000
immo-facile-48779244,290000
hektor-dagon68500-2452,108000
ag671913-377600047,397000
ag671791-371840254,228000
guy-hoquet-immo-facile-5757436,255000
immo-facile-1595173,372340
guy-hoquet-immo-facile-2025895,180000
guy-hoquet-immo-facile-6055073,72000
hektor-1_lerosenberg-1843,374000
rodacom-4340742,159000
160967623,409622
immo-facile-42443170,70000
ag681425-330961815,95000
ag681106-329332059,159000
ag671791-285425519,89000
hektor-alaingimmo-390,157500
iad-france-794678,299000
ag681204-339530307,278100
ag681108-279449798,263000
snpi-5167472,349900
ag681101-322577382,124000
guy-hoquet-immo-facile-5439835,99900
immo-facile-37647442,65000
160453555,265000
150944165,232900
mgc-323624952-AP-HIRSINGUE-20211811,343000
apimo-6020979,176000
hektor-agcinqpattes-57,178000
guy-hoquet-immo-facile-2761086,165000
ag750665-252859579,80000
hektor-CGAIMMOBILIER-1124,514500
immo-facile-28623656,264100
ag681237-365684869,274300
gedeon-24445080,232500
ag671791-315434496,93950
guy-hoquet-immo-facile-4510424,207500
gedeon-24148742,245500
160967969,299311
ag681158-299507421,552000
immo-facile-52403545,238500
immo-facile-49014279,325000
guy-hoquet-immo-facile-2719049,170000
ag681158-323752815,311000
nexity-GB00144251,175000
guy-hoquet-immo-facile-5702835,112000
ag671791-356508259,122000
ag681237-313383459,175000
orpi-1-054932E1KGSE,159450
hektor-MAYAIMMO2020-1795,240000
mgc-363776628-C-RUS-600-D-AG-2,353000
hektor-CGAIMMOBILIER-1718,327000
ag680632-265547165,39000
ag681088-332200587,645000
ag681154-252828235,640000
guy-hoquet-immo-facile-5658515,88500
immo-facile-46452947,370000
151410813,111000
hektor-agence-efco-immo-1647,81000
mgc-118756865_EK-0610-LEY-850-EK-0610-LEY-TP-126-EK-0610-LEY-850-EK-0610-LEY-TP-126,619850
ag670426-343593693,265000
safti-1-863101,289000
hektor-MAYAIMMO2020-2003,277000
rodacom-4479619,157000
mgc-ancien-067639,52200
apimo-8158426,331500
ag681391-323976807,399000
145191001,306000
orpi-1-054037E1QUEQ,194026
hektor-immo-wittenheim-3107,126000
apimo-6977869,495000
immo-facile-44288568,169900
mgc-336992495-C-COL-368-AG,394600
hektor-robischung-2454,530000
ag681088-374575105,112000
gedeon-22303295,44900
orpi-1-054038E1YKLA,107000
ag671474-254113500,143000
hektor-girardi-pfastatt-2994,199000
mgc-360871225-3BATTENHEIM690LB2P130,477700
ag680010-201510423,231000
ag681391-323976636,159600
ag681391-365920426,410000
nexity-GB00146793,90000
mgc-363766716-C-RIQ-105-AG-2,438500
rodacom-5093814,259550
ag681391-365796928,520000
ag681119-238329495,335000
immo-facile-51217572,115000
hektor-MAYAIMMO2020-2288,399845
orpi-1-054039E1MKYL,116500
orpi-1-054039E20863,390000
hektor-girardi-pfastatt-3074,65000
ag670426-333334851,159000
160967411,242706
iad-france-1004701,229000
mgc-302033094-RK_MSB_ROGGENHOUSE_TM603,408900
orpi-1-054037E268W1,195000
ag680632-208291932,87900
160145753,50000
ag681110-371362219,173250
ag671791-287925743,106900
ag440414-364643731,516000
ag681444-344791062,259000
immo-facile-35754521,279000
apimo-2446535,193000
157403459,292465
orpi-1-054038E1ID54,205000
ag681391-351016087,334000
ag681108-354564109,209000
immo-facile-adresse-12832868,95400
citya-immobilier-1273-TAPP431652,141000
guy-hoquet-immo-facile-2447315,151200
citya-immobilier-1273-TAPP422301,120000
132004605,251442
immo-facile-35563553,213200
159273743,181460
hektor-agence-efco-immo-1530,468000
ubiflow-easybusiness-236631223,116000
160182119,290200
ag681158-347456904,206000
immo-facile-46450982,399000
immo-facile-51691188,190800
safti-1-612153,167000
orpi-1-054048E2FO7A,463840
ag681237-381814204,269000
orpi-1-054048E2FVWU,367500
iad-france-1340810,129000
ag671474-279575762,160250
ag671791-293388569,695000
152959049,436000
orpi-1-054037E1O20X,110526
immo-facile-2279137,191489
mgc-227705229-CWE-191128-161145,418000
ag681140-358022359,199000
ag681104-274454327,452500
ag671913-381753307,362000
rodacom-5181506,488560
mgc-118756865_EK-0610-MUESHT-487-EK-MUESP-116-EK-0610-MUESHT-487-EK-MUESP-116,409525
ag681120-337893090,174900
ag680297-251375464,106000
immo-facile-adresse-12623972,233200
mgc-368503870-VMHABSH125,378000
ag671474-337894977,96000
hektor-MAYAIMMO2020-2488,399500
rodacom-4564213,338800
ag681391-337277499,175000
mgc-347353326-2MANSPACH1008LP2P130,422250
laforet-immo-facile-21598858,399000
hektor-CGAIMMOBILIER-731,287000
ag681158-323752866,304000
148844981,156000
ag681088-317316414,252000
160182153,376650
hektor-cdrieux-821,241000
pericles-27219291,64000
ag681154-256239622,299400
safti-1-767355,158000
hektor-1_lerosenberg-1432,369500
immo-facile-50355754,100000
159632769,320000
hektor-cdrieux-663,72000
immo-facile-39614126,271000
ag681088-354599377,147000
hektor-MAYAIMMO2020-2446,172500
ag671791-299031939,230000
ag681391-363314776,196000
ag751938-249874582,430000
entities-1044599-2702101,307600
entities-1044599-2725467,439800
ag680824-341545842,130000
immo-facile-3573600,295000
safti-1-853901,540750
safti-1-637876,140000
hektor-girardi-pfastatt-2583,382000
iad-france-1277792,386000
guy-hoquet-immo-facile-5997848,296500
rodacom-4403219,153500
hektor-girardi-pfastatt-3067,94000
146114807,80500
orpi-1-054037E1L9IO,260000
laforet-immo-facile-19519997,130000
hektor-ifeaimmo-948,499200
ag301615-332198978,374000
immo-facile-32880328,124800
guy-hoquet-immo-facile-2756004,82500
mgc-372201965-SJ-230111-102246,355700
ag681109-344775822,320000
guy-hoquet-immo-facile-5599048,230000
immo-facile-50116863,160000
adapt-immo-680091632,572000
161278493,214600
orpi-1-054927E1O1RF,118000
immo-facile-52234461,488000
hektor-girardi-pfastatt-2930,310000
safti-1-727500,217000
ag680633-257536453,60000
hektor-CGAIMMOBILIER-824,212500
ag311656-360119815,272000
mgc-344505348-EK-230422Morsch41B2,589705
ag681237-306951411,353425
ag681404-365688157,118800
hektor-agence-efco-immo-1765,344500
ag681075-365975233,325500
rodacom-4430732,468000
hektor-PAQUIN2020-90,149900
orpi-1-054037E1YMN8,134000
hektor-robischung-2809,128000
rodacom-4461444,186000
orpi-1-054927E1QKLR,260800
snpi-5279892,123500
apimo-6965158,291500
orpi-1-054039E1XMEY,379000
ag681140-355023694,332800
rodacom-4345245,109000
ag681391-363143119,180000
guy-hoquet-immo-facile-5724494,146100
hektor-sweethomeconseil-850,245000
mgc-333944840-C-COL-343-C-AG,325800
rodacom-4690573,393000
rodacom-4682760,430017
immo-facile-32602343,96800
ag681158-376934089,123000
immo-facile-38263211,25000
hektor-robischung-2455,175000
mgc-136042206,201500
hektor-agence-efco-immo-1985,312700
ag681391-351516640,152000
ag681237-334372521,197000
ag340369-336632091,66000
hektor-moebel-immo-127,154365
orpi-1-054037E2DD9Y,362000
hektor-alaingimmo-338,65000
safti-1-740768,312000
rodacom-4890598,149800
guy-hoquet-immo-facile-2587896,110000
145766291,273000
ag671791-358347259,122000
mgc-376887728-MS-230223-104709,485000
mgc-294888072-MS-210323-135740,296500
iad-france-1037109,285000
ag681332-361422778,460000
rodacom-4760489,437040
immo-facile-36900721,479000
ag681158-298351644,169000
hektor-cdrieux-860,335000
139483193,222900
gedeon-23657422,153000
ag681124-350483122,644800
immo-facile-50737804,499000
immo-facile-48545852,284300
ag681108-279221582,205686
laforet-immo-facile-17866717,498000
iad-france-1219616,159000
ag680824-263093228,364000
mgc-359999977-6Sentheim933BK2P125,362500
hektor-alaingimmo-373,105000
ag680297-213739884,71000
orpi-1-054928E1GEI3,132330
mgc-348745158-VM-NIEDERENTZEN-2022246,282260
rodacom-4404013,499000
ag680010-205568400,160000
immo-facile-49078638,84800
ag681075-351488968,79900
hektor-MAYAIMMO2020-2369,425000
mgc-147036571_WINTZENHEIM,283000
immo-facile-49813717,69800
138585543,137000
ag671791-333830322,95000
ag681237-336509589,432550
iad-france-1323666,240000
ag681108-267955997,335000
mgc-334236857-C-COL-292-B-AG,325000
ag671474-381020569,700000
entities-1044599-2645454,459000
ag681113-242112811,110000
ag681391-365796433,255000
ag743447-370337302,270000
rodacom-5029652,292388
hektor-CGAIMMOBILIER-817,142000
ag681156-300420819,1150000
157901243,269000
152977319,191125
hektor-cpdelta-12,294000
orpi-1-054048E1LSDJ,312000
century-21-202_3377_1177,310000
guy-hoquet-immo-facile-2540116,45000
ag680632-258744052,90000
rodacom-4675522,249098
ag681237-318557208,305950
safti-1-801696,475000
orpi-1-054048E1RG93,372750
ag671791-296052090,572000
hektor-CGAIMMOBILIER-683,162500
mgc-363150676-CLM-MUNWILLER-20221018,354960
ag670640-274120304,330000
century-21-202_3377_955,161120
guy-hoquet-immo-facile-4857169,77000
rodacom-4649397,206700
ag681106-342590952,189000
iad-france-1109573,45000
immo-facile-34171932,69800
safti-1-450574,43000
immo-facile-40473049,372000
orpi-1-054932E1HCWN,209500
hektor-generalimmo-3411,144000
guy-hoquet-immo-facile-2419661,101000
hektor-PAQUIN2020-161,399000
ag671791-310458117,159750
hektor-robischung-2477,157400
mgc-349296609-SL-HOUSSEN-202207,499019
guy-hoquet-immo-facile-2962742,223000
ag681212-317347365,140000
160782771,239000
entities-1044601-2697021,595600
apimo-7407155,449900
ag681145-381142801,129600
immo-facile-46481240,450000
151976553,129000
hektor-MAYAIMMO2020-2266,312000
hektor-moebel-immo-254,492000
immo-facile-34435104,240000
immo-facile-49523624,399000
hektor-mhimmobilier-1414,304500
ag680775-376778638,96000
immo-facile-52003076,179000
160967383,458000
ag671791-293015147,140000
apimo-8158230,483000
guy-hoquet-immo-facile-2716906,165000
immo-facile-30440487,96000
immo-facile-44628763,150000
ag671474-344002131,429000
hektor-expertiseimmo-8,219500
ag681391-331334250,280000
ag680278-235448407,487000
ag671791-281745857,110000
ag671633-322165014,330000
ag681158-344617368,209000
hektor-cdrieux-415,148400
ag671791-293569814,185000
rodacom-4345326,125000
rodacom-5157454,281000
hektor-robischung-2759,199800
immo-facile-46257025,320000
orpi-1-054037E19F7X,299500
iad-france-1195102,148500
hektor-ag-orim-986,215000
ag670547-378709069,189600
hektor-generalimmo-3207,213000
guy-hoquet-immo-facile-5652496,338000
immo-facile-51357285,440000
rodacom-4338129,248300
immo-facile-52114346,159000
hektor-PAQUIN2020-113,159000
138812333,259000
entities-1044599-2725464,379800
ag681425-363623776,240000
ag671791-297297432,695000
guy-hoquet-immo-facile-4965886,175000
immo-facile-31310022,145600
safti-1-775141,305000
hektor-CCLAUSSColmar-161,189000
apimo-4234725,75000
ag671791-313920681,106900
ag671791-324206559,130000
apimo-7308889,95000
ag681158-333995355,365000
immo-facile-47645599,365000
pericles-36630263,256500
151055237,205400
iad-france-844380,147000
guy-hoquet-immo-facile-5989455,305000
immo-facile-49323074,135000
hektor-MAYAIMMO2020-2546,168000
hektor-moebel-immo-9,349000
149211115,562480
ag671791-297456963,185000
immo-facile-48212581,318000
160702417,264000
hektor-immo-wittenheim-3208,468000
hektor-agence-efco-immo-1940,263000
hektor-homeettoits-75,180000
ag681156-300913308,170000
130412685,218000
immo-facile-40091963,426400
ag681158-356822089,85000
immo-facile-adresse-11034085,135500
entities-1043690-3671192,310470
immo-facile-25821559,480000
hektor-MAYAIMMO2020-2291,315000
immo-facile-19042603,139900
apimo-82237310,228000
orpi-1-054037E1XU5Y,199416
ag681122-335128965,395000
hektor-alaingimmo-423,126000
ag681113-313682547,256000
gedeon-23657404,230000
hektor-alaingimmo-388,230000
mgc-306462614-SJ-210619-182348,329000
guy-hoquet-immo-facile-4872566,77500
iad-france-986990,200000
safti-1-692006,167500
demathieu-bard-immobilier-PR4E0042,207500
ag681332-317177739,540800
adapt-immo-75008120682,381600
ag680633-211433748,139000
161402513,205950
ag681210-371137390,260000
gedeon-25511649,230600
guy-hoquet-immo-facile-6123467,139000
161427939,250000
ag681120-358075747,260000
guy-hoquet-immo-facile-5709710,239000
mgc-135564124,231000
ag671913-377221123,279000
ag671913-372307063,405500
ag333464-303512397,157200
guy-hoquet-immo-facile-1927737,150000
laforet-immo-facile-17865643,205000
hektor-mhimmobilier-1450,273000
safti-1-763626,235000
ag681106-339607353,123000
ag681158-309821862,89000
immo-facile-51402068,315000
hektor-generalimmo-2962,169000
hektor-MAYAIMMO2020-794,272000
hektor-immoplusalsace-2152,212000
immo-facile-28584464,161200
guy-hoquet-immo-facile-5619792,178200
160967287,256600
154222177,154000
ag671791-327443106,169000
ag681391-343130322,305000
ag681391-365796778,646600
orpi-1-054927E1N8B7,187000
century-21-202_3377_1247,229000
guy-hoquet-immo-facile-5720983,275000
safti-1-720525,358000
iad-france-837795,165000
158153577,279000
immo-facile-1067942,163000
ag440414-360788116,159000
guy-hoquet-immo-facile-5598489,263000
rodacom-4401732,225000
rodacom-4829136,573000
apimo-5183690,580000
mgc-215193956-pp-190906-105719,209840
orpi-1-054927E2H187,230000
apimo-7349627,259000
ag671791-315841053,174000
ag681108-337168311,175050
guy-hoquet-immo-facile-5587201,171700
mgc-378542621-pp-230310-154157,406230
ag671791-281159861,85000
ag681391-374823691,310000
160967695,283000
immo-facile-48978462,160000
hektor-premium-prestige-12133,252000
gedeon-24183272,748000
iad-france-831640,251000
mgc-313310547-VM-GUEBWILLER-2020198,422960
ag681103-251488314,139100
guy-hoquet-immo-facile-5646815,239000
rodacom-5115408,158104
ag681055-343412949,160650
gedeon-26388619,125000
ag681360-359003461,399000
immo-facile-45922513,162500
immo-facile-46693711,130000
orpi-1-054041E254KB,107000
mgc-364877507-CWE-221102-160830,383000
ag060811-310791528,384800
immo-facile-48771198,92000
pericles-36800940,197000
ag681106-333179727,145000
gedeon-26124772,198000
adapt-immo-75008116236,90000
160988193,245000
hektor-dagon68390-2409,153000
immo-facile-40258060,332850
ag681204-367687861,355000
rodacom-4338104,77000
ag681237-381154795,239000
158141271,148000
hektor-immo-wittenheim-3125,260000
mgc-118756865_DMBRU2-DMBRU-DMBRU2-DMBRU,320000
ag681158-311865798,238000
ag680775-351478486,61000
ag681103-338086547,139100
immo-facile-3399221,745000
apimo-6790679,279000
immo-facile-49191280,237000
orpi-1-054038E1RGSK,469000
ag671791-312853536,160000
orpi-1-054048E1LO0S,89000
ag681158-381115288,89500
mgc-369550493-SJ-221214-172309,298800
rodacom-5250940,210000
hektor-LECEDREIMMO-164,99000
ag671474-374064157,122000
ag060811-363404182,255600
ag681154-256239745,410000
ag681444-344791032,204000
pericles-36630253,212300
apimo-8158290,292985
160967505,240800
ag680010-337317081,262500
ag681108-358530577,168000
immo-facile-49046165,395000
ag681332-322465680,471000
ag681121-262591970,140000
immo-facile-50160984,403000
safti-1-673476,249000
rodacom-4702942,201350
149199115,284500
ag681104-376162303,350000
ag681113-332054097,215000
ag681110-345368865,338000
immo-facile-51671326,182000
immo-facile-34263508,398000
159975747,234500
rodacom-5201889,610000
ag681156-294766217,175000
hektor-agence-efco-immo-1594,133000
ag681237-343012497,337600
gedeon-25096572,263000
hektor-girardi-pfastatt-3349,455000
gedeon-26379766,399000
hektor-MAYAIMMO2020-2463,230000
guy-hoquet-immo-facile-5516712,254000
ag681088-316674348,387000
safti-1-817434,107000
immo-facile-50359346,228800
rodacom-5197286,231000
ag681425-368037184,212000
hektor-immoplusalsace-3319,449900
entities-1044598-2697859,319000
155853231,200300
mgc-379997715-C-BUR-1270-148-OS1,579800
apimo-4937534,135000
immo-facile-42997638,312000
guy-hoquet-immo-facile-2295046,146300
iad-france-1073267,99500
orpi-1-054037E1PL7B,316825
orpi-1-054927E2DP1P,76300
ag681391-361989082,334000
151105451,329000
immo-facile-50363071,169500
citya-immobilier-36-TAPP452049,72300
guy-hoquet-immo-facile-6018255,67000
hektor-generalimmo-2604,214000
immo-facile-51526161,293000
guy-hoquet-immo-facile-5800200,158000
ag681158-337270989,253000
guy-hoquet-immo-facile-5672824,358000
guy-hoquet-immo-facile-5809573,281500
151216851,185000
ag671791-324967500,263000
ag681158-323752899,336000
ag681158-325088559,245000
hektor-robischung-2126,315000
orpi-1-054041E1RVAV,190000
rodacom-5168019,117000
ag340369-344236632,250500
hektor-cpdelta-55,178000
153896483,236300
immo-facile-35023294,239200
immo-facile-17369182,84800
160555513,574550
160722073,349500
ag681158-264074687,125000
gedeon-23462015,319000
ag681404-367189771,140400
immo-facile-47597097,133000
hektor-alaingimmo-396,498000
ag750949-306949131,315000
pericles-36799440,364000
mgc-86643441,247994
mgc-318015455-MS-210930-163816,335000
mgc-341323833-VALDIEULUTRANLP2P,285000
160809221,240000
ag681088-342702573,119000
snpi-5181323,174900
157972973,230000
ag680286-347665311,55000
ag670426-343593636,287200
160617293,397600
mgc-369722059-1612BEBLENHEIMJC3482P,345500
immo-facile-45775287,340000
hektor-girardi-pfastatt-2995,99000
ag681158-378573184,81000
ag670426-333335025,192000
hektor-agfreyimmo-892,230000
160935619,515000
hektor-agence-efco-immo-1732,308500
safti-1-658570,139000
ag681158-358395031,295000
ag681332-345093363,315000
ag311656-372088093,180000
citya-immobilier-1273-TAPP486948,143000
mgc-363150709-CLM_-_FORTSCHWIHR_-_20221019,326933
160555515,340500
rodacom-4494159,155000
gedeon-23682681,313000
159794607,213960
guy-hoquet-immo-facile-6328690,82000
ag681158-311153145,438000
ag671913-366620734,119900
entities-1044601-2779722,664100
iad-france-1295446,87000
hektor-MAYAIMMO2020-1905,177500
safti-1-729968,299000
ag681237-276785867,232900
orpi-1-054039E2JAGK,216000
safti-1-717043,650000
hektor-immolandismunst-1147,273000
gedeon-24652389,158000
laforet-immo-facile-19580453,231000
hektor-immoplusalsace-2131,174900
ag671791-362096056,102600
ag681212-319805700,138000
entities-1044601-2812743,581690
immo-facile-47458360,199000
hektor-1_lerosenberg-2092,400000
ag340369-315528831,155000
hektor-generalimmo-3436,303000
ag681237-377069494,124200
149214275,545000
ag340369-302375091,330000
mgc-382719250-MS-230419-145413,355000
hektor-girardi-pfastatt-2717,499000
mgc-118756865_RFHABS470-SMART2-3-1-RFHABS470-SMART2-3-1,371400
immo-facile-adresse-12773969,174000
ag671791-298888203,80000
hektor-mhimmobilier-1407,174300
immo-facile-49190093,420000
orpi-1-054934E2CJI6,184200
hektor-MAYAIMMO2020-2051,321500
ag681404-360526498,60500
120205687,197000
ag681158-263869043,945000
mgc-369273075-C-OBE-120-AG,369000
ag340369-251394235,224205
immo-facile-49897335,242000
hektor-robischung-2729,220000
160967249,445800
ag680967-308172069,124200
ag681158-259193104,225000
guy-hoquet-immo-facile-2896262,480000
ag681158-327210867,297000
orpi-1-054048E1EW0R,206000
mgc-314337153-EK-20210830-Tago-2356m_-Keog,405790
apimo-7457696,632000
ag681332-347643408,237000
hektor-generalimmo-2626,220000
immo-facile-49078550,176800
ag680633-264368420,131442
ag671474-360677824,212000
hektor-moebel-immo-58,631500
ag681158-308041251,314000
safti-1-880932,211000
iad-france-1084964,199000
orpi-1-054039E1TVJO,112000
guy-hoquet-immo-facile-4883741,410000
entities-1043690-3669854,337140
ag681391-371716912,270690
guy-hoquet-immo-facile-2849863,125000
guy-hoquet-immo-facile-2169789,179000
125219711,285000
ag671791-325515417,116000
citya-immobilier-1273-TAPP476128,70000
ag671791-281916074,159750
ag681104-377239861,349900
visiteonline-p_5180932,174000
entities-1044602-2648702,847200
ag110472-328185030,729000
iad-france-1256179,440000
gedeon-25066848,89000
entities-1044599-2725473,342000
orpi-1-054927E258MT,161200
iad-france-1299314,115000
entities-1044598-2705198,348900
orpi-1-054927E2KPNX,122600
laforet-immo-facile-21480994,115560
orpi-1-054037E2IRVP,160000
ag681391-332963643,331000
ag681106-383488631,153000
immo-facile-adresse-10364241,142000
immo-facile-37586964,318000
ag681495-382350283,158000
immo-facile-46236036,135200
ag440414-337006263,459000
hektor-girardi-pfastatt-2957,121000
ag681158-328394409,138000
ag680286-258102421,265000
ag680254-283480856,174900
visiteonline-p_5203668,217000
ag681237-287015699,399900
iad-france-1348801,632000
ag681088-315856200,66000
immo-facile-42265827,260000
immo-facile-40220948,416000
orpi-1-054036E2BOJN,87600
hektor-sweethomeconseil-1218,183000
ag440414-303240741,325000
mgc-332287492-CWE-220207-115230,283000
ag680331-332059903,242000
hektor-moebel-immo-27,438000
146497161,259000
adapt-immo-680091598,224000
hektor-PAQUIN2020-6,283500
gedeon-25791682,135000
ag681158-368816893,78000
ag681237-320525475,129000
hektor-sweethomeconseil-1154,190000
ag671633-314867274,198000
150044421,79900
ag681391-383577908,279000
orpi-1-054039E2G0WY,245000
pericles-36630280,556000
hektor-amsignatureimmo-34,295000
ag681494-377769676,119500
ag671646-381532342,139500
ag681237-313396863,844000
ag681391-324680598,106000
ag681158-359972218,378000
ag680278-237967861,280000
entities-1044601-2795071,897580
hektor-PAQUIN2020-95,367500
ag681104-261875049,362500
ag681158-313792908,87000
ag681237-362265028,118800
hektor-agfreyimmo-826,179000
hektor-lifeimmo-1987,210000
immo-facile-48398829,242860
155698961,99000
mgc-194314516,270050
157901245,407020
guy-hoquet-immo-facile-4688241,171900
apimo-82340906,347800
mgc-315408917-CWE-210908-105758,332000
ag681106-357973660,160000
mgc-342993043-CWE-220510-165635,225000
ag681113-285922931,460000
159016037,203000
hektor-girardi-pfastatt-2816,75000
mgc-370345768-2212JCHABSHEIM4504P120,396000
ag681237-376221232,64800
century-21-202_3185_1450,187000
hektor-girardi-pfastatt-2284,395000
immo-facile-43673470,395200
immo-facile-35364914,950000
ag340378-283524497,349000
safti-1-572942,375000
ag680331-327425900,299600
ag681088-379527820,309000
mgc-336196139-DB_14032022,441389
ag681391-344125995,316000
guy-hoquet-immo-facile-5990290,131100
safti-1-636802,65000
hektor-cpdelta-78,153000
immo-facile-47689113,447000
hektor-ifeaimmo-953,176800
rodacom-4403214,282700
hektor-generalimmo-3301,175000
hektor-ag-orim-1028,335000
entities-1042950-3885273,321650
laforet-immo-facile-21476502,160500
ag681391-350570989,260000
ag681158-308937504,274000
134804391,139000
safti-1-885438,68500
safti-1-851924,408000
orpi-1-054038E1H4IA,129000
ag333464-383146136,345000
rodacom-5214666,341150
immo-facile-adresse-11029029,87200
immo-facile-48272958,159000
hektor-moebel-immo-334,324000
ag681404-372449962,244950
immo-facile-34257037,135200
mgc-383555692-MS-230427-140757,268000
ag340369-249344698,128000
ag681237-296852412,365000
ag671474-380436673,112000
ag680575-305400591,399000
ag681120-361447546,224900
hektor-generalimmo-2847,257000
hektor-alaingimmo-377,185000
laforet-immo-facile-17927298,123050
guy-hoquet-immo-facile-2575085,450000
immo-facile-52472070,398000
ag681110-375167719,237000
guy-hoquet-immo-facile-5593426,90000
safti-1-713330,88000
orpi-1-054933E1Y8VV,339000
immo-facile-52445136,183600
160967373,478948
hektor-MAYAIMMO2020-2080,200000
immo-facile-49714318,312000
immo-facile-40125427,312000
safti-1-512272,149000
hektor-valencay-immo-2583,79500
rodacom-4866102,193850
161377277,239419
ag681119-297999671,385000
ag681391-333724458,469000
immo-facile-47966276,221000
hektor-moebel-immo-290,250000
hektor-agence-efco-immo-1599,141750
ag670640-248706118,350000
visiteonline-p_5227436,344448
immo-facile-49700632,139000
ag681391-348868467,196000
safti-1-798769,329000
laforet-immo-facile-507178,256800
guy-hoquet-immo-facile-4815562,168500
ag681158-348435783,211000
orpi-1-054927E1MARV,315000
135755903,181600
immo-facile-43214491,153194
iad-france-650391,205000
immo-facile-49523968,235000
mgc-118756865_RFOTTM407-RF92P2GA-RFOTTM407-RF92P2GA,294500
ag681404-326620980,147960
ag681156-371604565,399900
ag681210-382404970,177000
safti-1-576675,59000
orpi-1-054927E1T7SE,108000
155537279,275000
hektor-girardi-pfastatt-2582,208600
ag681110-351465613,863200
immo-facile-39801626,218400
ag743447-348115740,89900
immo-facile-45338358,136780
hektor-immo-wittenheim-3173,205400
safti-1-697721,235000
orpi-1-054041E1TL0P,55000
hektor-CGAIMMOBILIER-808,136500
orpi-1-054041E200XO,147960
145766301,123000
142611339,237400
hektor-CGAIMMOBILIER-1003,185500
161545453,198000
immo-facile-51217418,215000
142364755,294000
148521523,235400
guy-hoquet-immo-facile-1926040,160000
immo-facile-adresse-13043835,318000
entities-1043690-3836551,310000
immo-facile-24379257,85700
guy-hoquet-immo-facile-5675199,530000
hektor-sweethomeconseil-1225,459500
immo-facile-47442642,219000
entities-1044599-2718777,293000
mgc-381370506-C-WIN-1600-125-AG2,465000
ag681154-252828103,297000
mgc-318864384-AP-HIRSINGUE-2021710,288000
hektor-MAYAIMMO2020-1894,240000
ag681108-279273491,219000
ag670426-333334836,140000
iad-france-1219535,355000
immo-facile-49804472,202800
iad-france-1230904,250000
ag681156-305893110,299000
iad-france-1209438,249000
century-21-202_3185_1270,234700
guy-hoquet-immo-facile-5529891,540000
ag681158-350885242,325000
mgc-348085848,292000
hektor-CGAIMMOBILIER-1749,371596
ag671913-372207997,165000
ag681158-360289864,419000
guy-hoquet-immo-facile-2566303,483500
ag340369-364252810,315000
orpi-1-054048E1QGLM,149900
ag681106-380486635,226000
ag671791-284122775,122000
149971933,53000
hektor-generalimmo-3221,728000
129488827,202900
guy-hoquet-immo-facile-5519842,200000
ag681158-348731031,149000
hektor-robischung-1830,272000
hektor-cpdelta-82,199000
hektor-robischung-2863,650000
ag681158-336057516,175000
immo-facile-42861727,192400
safti-1-599619,109000
entities-1042950-3507219,350100
ag681110-356770165,561600
ag681391-365797135,599000
entities-1044598-2790491,418200
ag671791-311967561,159750
ag681237-279306086,181050
hektor-girardi-pfastatt-2849,302000
mgc-362984917-WILLERSURTHUR307BK2P100,280000
ag680286-280643483,133000
immo-facile-52332472,570000
ag680297-320484114,400000
ag671791-337014684,116000
ag671791-294744458,117000
guy-hoquet-immo-facile-4864732,81000
ag680632-265663865,99600
ag681158-336236511,565216
entities-1044598-2750327,365900
guy-hoquet-immo-facile-4965772,159900
ag681158-298116855,153000
151071909,103000
orpi-1-054041E1YW1C,161000
mgc-343121607-SL-ALGOLSHEIM-20220511,298056
iad-france-1296520,259000
adapt-immo-7401422264,296000
immo-facile-45936399,160500
iad-france-1215278,225500
153296177,590000
ag681158-323752854,336000
hektor-mhimmobilier-1248,141300
iad-france-1070539,298000
ag681141-336244488,1050000
ag680286-336378525,650000
hektor-ghisimmobilier-1934,263000
entities-1043690-3634332,383417
149234677,178500
guy-hoquet-immo-facile-2717157,141100
orpi-1-054927E1KUAW,254000
apimo-4448740,169000
ag681104-375442933,79900
hektor-CGAIMMOBILIER-909,649000
orpi-1-054927E1Q5CZ,169000
guy-hoquet-immo-facile-2433971,187000
orpi-1-054041E1F3TM,156600
ag681237-277149716,299900
laforet-immo-facile-17914268,256800
ag671791-306164103,106900
ag681158-369219772,499000
immo-facile-35871146,439875
ag681106-376606333,183000
ag681154-256239583,215000
ag681113-313615353,215475
hektor-moebel-immo-167,481050
apimo-4525748,286200
ag680297-245794096,159000
ag671791-294238100,162000
ag681210-344957427,453200
orpi-1-054038E2D5CJ,319000
guy-hoquet-immo-facile-2720606,219000
ag680575-317749437,181000
safti-1-565753,178000
153418499,225000
hektor-sweethomeconseil-1278,282000
safti-1-588516,155000
hektor-girardi-pfastatt-2970,105000
hektor-generalimmo-2935,179000
iad-france-1196262,365000
iad-france-1049350,195000
guy-hoquet-immo-facile-5575648,176700
ag671474-364776211,80000
ag681145-375973453,88000
mgc-383530129-pp-230427-093435,359101
ag681104-380010067,199900
guy-hoquet-immo-facile-5830818,135800
immo-facile-40318652,162500
ag681204-334986792,347000
immo-facile-38357754,371900
rodacom-4999020,239500
ag681237-365037163,318000
immo-facile-51983426,199680
guy-hoquet-immo-facile-5970148,290000
ag301615-330507796,156000
hektor-girardi-blotzheim-2776,399000
ag754248-377413471,209000
ag681119-379634527,95000
orpi-1-054927E2ALT6,192000
apimo-4415040,313000
ag681104-343677522,160000
orpi-1-054037E2FBG5,495000
safti-1-632103,219000
immo-facile-44584485,140000
ag681237-343132140,244950
ag681332-371493343,228000
hektor-LECEDREIMMO-158,799000
immo-facile-34554240,141400
mgc-376156472-SJ-230216-091334,325000
hektor-robischung-2150,279000
ag681332-331135440,229000
immo-facile-2289948,369000
apimo-4395627,176500
guy-hoquet-immo-facile-5578447,75900
apimo-8158400,422000
immo-facile-49951688,183900
ag340369-308036109,262500
hektor-lifeimmo-1830,188000
immo-facile-40990555,150000
ag681055-374053585,340000
hektor-expertiseimmo-2094,290000
guy-hoquet-immo-facile-4692768,274300
ag681210-326781333,253000
hektor-MAYAIMMO2020-1899,377500
ag680775-382435624,232000
iad-france-955161,190000
mgc-321454833-VM-STEINBRUNN_LE_HAUT-20212910,321550
mgc-118756865_EK-WOLSCH2-EK-WOLSCHW2-111-EK-WOLSCH2-EK-WOLSCHW2-111,408700
orpi-1-054041E1T4K1,205000
ag681158-299017332,133000
immo-facile-50574938,172000
immo-facile-38043135,186000
immo-facile-52168128,235400
ag681110-283978634,288000
safti-1-753054,121000
adapt-immo-680091607,290000
entities-1044599-2772411,349500
immo-facile-34003073,295000
orpi-1-054037E1XIGX,619286
immo-facile-51243666,312500
ag671791-310338441,122000
mgc-322407056-CWE-211108-102201,378000
rodacom-5068188,440000
ag681088-367196146,370000
152784867,280000
orpi-1-054038E1HNWE,194000
hektor-generalimmo-3404,141000
iad-france-1167258,349000
orpi-1-054039E2J2GA,320000
ag670426-343593687,170000
hektor-MAYAIMMO2020-2353,378000
nexity-GB00151925,114000
immo-facile-48122611,374900
ag681391-365796757,424000
safti-1-782664,85000
ag680047-269695703,294000
iad-france-1021915,215000
hektor-agfreyimmo-903,89500
immo-facile-52468934,199000
nexity-GB00135277,79000
hektor-immo-wittenheim-3140,296400
orpi-1-054037E217GC,334484
century-21-202_3377_880,139320
guy-hoquet-immo-facile-5658470,120800
161295589,348500
immo-facile-50989734,119000
safti-1-579613,178000
immo-facile-35357917,218400
guy-hoquet-immo-facile-2801999,236300
immo-facile-46001309,102600
ag681237-303116463,124200
immo-facile-3217257,372400
hektor-moebel-immo-160,315000
ag681158-302697867,81000
ag671474-378563950,97000
snpi-5316321,479000
ag670426-342305286,335000
ag681391-381288436,266000
ag681237-356820217,181000
orpi-1-054927E1MLI3,141000
iad-france-1091621,205600
158462885,235865
ag370631-322371522,319335
hektor-immo-wittenheim-3146,294000
ag681158-293425109,312000
mgc-118756865_RFVITH641I-RF92P2GA-RFVITH641I-RF92P2GA,311500
rodacom-5026988,314000
guy-hoquet-immo-facile-4962713,349000
ag681332-325564227,288750
orpi-1-054037E1T5C0,105000
mgc-382076403-C-OST-578-138-AG3,485200
mgc-348083010-MKI-ILLFURTH-20222006,431978
gedeon-24992883,499200
mgc-298749887-SJ-210420-152043,445000
immo-facile-47121332,171000
mgc-286606182-SJ-210127-093541,412000
ag671343-323623653,136500
hektor-generalimmo-3245,176900
ag681237-305839050,282000
rodacom-4694583,209500
apimo-5530174,280000
orpi-1-054932E2D6M2,162000
safti-1-692331,180000
immo-facile-52179852,260000
immo-facile-51680662,197900
gedeon-24947271,319900
gedeon-25981386,547000
144650017,208520
apimo-5892649,212000
guy-hoquet-immo-facile-2758847,77000
orpi-1-054932E1OS0T,95000
hektor-expertiseimmo-33,235000
rodacom-4401721,225000
orpi-1-054927E1O0VW,310000
apimo-6271847,140000
ag681106-377684986,102000
ag681332-351828658,249000
orpi-1-054041E1M1KQ,170000
laforet-immo-facile-21473827,304950
ag670547-225496690,86000
laforet-immo-facile-20782385,321000
hektor-robischung-2199,360000
141957021,203500
ag681106-344105754,55000
entities-1043690-3581967,322735
160182107,279800
iad-france-777974,339000
hektor-MAYAIMMO2020-2065,430000
ag671913-368311294,153000
hektor-robischung-2852,385000
ag681158-323752857,367000
orpi-1-054927E1BAIT,229500
157050037,371500
orpi-1-054036E1K3OQ,74500
ag681425-353189932,182000
ag671791-281130107,67200
hektor-3ROIIMMOBILIERE-915,167000
entities-1044599-2803415,452600
160727717,184000
ag681088-379285807,74000
laforet-immo-facile-17923819,367500
entities-1044598-2779338,413900
rodacom-4951408,248000
apimo-4827222,85000
ag681108-341089353,369000
hektor-robischung-2648,315000
hektor-alaingimmo-438,392500
rodacom-4369924,379600
nexity-GB00104781,233600
immo-facile-50575481,119000
rodacom-5174718,403500
iad-france-1124550,91000
ag680010-205568478,313000
ag671791-286798766,106900
entities-1044601-2811539,608860
pericles-36546093,265000
ag681237-348986964,633000
hektor-lifeimmo-1901,150000
hektor-sweethomeconseil-1220,276900
148521529,227800
hektor-agence-efco-immo-1857,419000
150550527,162600
immo-facile-51639845,385000
guy-hoquet-immo-facile-5675337,131100
ag681158-314311773,204000
mgc-342530585-C-BRU-930-OS,555900
safti-1-785986,104900
immo-facile-51263716,189900
orpi-1-054927E1FHIB,106000
nexity-GB00152074,60000
orpi-1-054927E28EEA,120000
apimo-6092958,430000
ag681391-345435555,200000
hektor-MAYAIMMO2020-2137,232100
144996693,194000
hektor-MAYAIMMO2020-2091,160000
mgc-356479893-C-RUS-105-AG,319500
hektor-sweethomeconseil-1158,136000
hektor-girardi-pfastatt-2913,199000
guy-hoquet-immo-facile-2617356,131100
laforet-immo-facile-21032140,572000
mgc-363767004-C-FOR-290-AG-2,268500
hektor-MAYAIMMO2020-416,68000
hektor-MAYAIMMO2020-2338,160000
rodacom-4938186,90100
hektor-generalimmo-3218,380000
century-21-202_3185_1262,119000
apimo-8158439,540000
ag681404-326621046,245000
hektor-alaingimmo-336,175000
apimo-8158160,529000
160967955,242000
hektor-MAYAIMMO2020-1887,199500
century-21-202_3377_1249,390000
immo-facile-37093108,145600
hektor-MAYAIMMO2020-1799,249000
immo-facile-52477379,399000
ag671791-283946087,119800
guy-hoquet-immo-facile-5507661,92000
orpi-1-054933E2GQRH,327500
ag671791-290033033,159750
hektor-generalimmo-2747,189000
ag681237-295783532,189000
adapt-immo-680091497,322000
ag681404-373615918,385000
immo-facile-adresse-13055490,203300
ag681104-379278361,159900
ag681145-346645497,420000
ag681237-303264360,188000
hektor-robischung-2146,259000
hektor-agfreyimmo-817,174000
immo-facile-48225702,158875
mgc-368072780-pp-221201-100558,381291
160538049,417600
hektor-MAYAIMMO2020-2341,443000
entities-1044599-2708208,339000
ag681425-331953120,235320
ag671791-308292897,174000
142611323,236200
hektor-MAYAIMMO2020-825,295500
immo-facile-38867733,103000
immo-facile-3467831,188000
ag671474-350403565,374000
ag681391-365796688,382000
immo-facile-adresse-10502668,213000
158002141,292415
iad-france-1057372,95000
rodacom-4402914,278250
guy-hoquet-immo-facile-2727965,220000
ag671791-286298351,117000
apimo-6629490,149000
hektor-MAYAIMMO2020-1807,373000
hektor-alaingimmo-347,270000
immo-facile-39231063,455000
147242261,186375
ag681391-356251993,427000
guy-hoquet-immo-facile-6031918,110400
rodacom-4479613,192000
mgc-378171946-MKI-STEIN3A-230307,508000
ag681391-336608277,169600
guy-hoquet-immo-facile-4968308,156500
immo-facile-48523787,199800
151357081,137000
ag681088-382101874,51000
rodacom-4349386,224700
ag671913-334923549,65217
immo-facile-52258711,274900
153296145,285000
159016885,224000
immo-facile-51683457,129000
apimo-5846595,190000
guy-hoquet-immo-facile-75435,116900
mgc-376882856-SJ-230223-095413,358400
adapt-immo-680091659,106500
ag681391-369265858,83740
guy-hoquet-immo-facile-5576364,354000
ag681119-299124806,245000
hektor-MAYAIMMO2020-544,259500
160967225,275100
mgc-282004215-SJ-201222-091719,346000
nexity-GB00122769,76300
entities-1043690-3577360,342565
hektor-cdrieux-879,161000
immo-facile-37470081,172800
immo-facile-31448589,130000
hektor-robischung-2657,283000
immo-facile-35947698,110000
hektor-immo-wittenheim-3296,312700
guy-hoquet-immo-facile-2318661,92000
apimo-4036339,310000
iad-france-938100,262000
ag301615-345440255,209000
ag681088-381819106,124000
entities-1044601-2779720,801650
immo-facile-adresse-11230206,310000
safti-1-775152,259000
ag681141-376641592,93280
guy-hoquet-immo-facile-5559507,198000
ag681391-375846613,275000
apimo-82256880,633000
immo-facile-50395712,345000
ag681158-380751178,170000
iad-france-1052884,349000
hektor-dagon68390-2459,222500
apimo-7459084,283000
orpi-1-054041E1M1MJ,265000
hektor-robischung-2043,335000
hektor-agence-efco-immo-1797,287200
mgc-378174686-MS-230307-152918,268000
guy-hoquet-immo-facile-5605880,83000
ag681158-320306925,220000
ag681119-350852401,89000
apimo-7290711,329000
ag681154-256239715,235000
hektor-MAYAIMMO2020-2439,231000
mgc-374287853-pp-230130-095724,317235
hektor-cdrieux-679,187200
guy-hoquet-immo-facile-4690599,99000
hektor-cdrieux-795,450000
guy-hoquet-immo-facile-75895,168000
hektor-MAYAIMMO2020-2236,525000
citya-immobilier-36-TAPP77016A,77700
mgc-188931924-SJ-190312-163947,262000
ag681332-356796106,493500
guy-hoquet-immo-facile-2799937,115000
guy-hoquet-immo-facile-4823029,263000
ag680632-240727624,95000
hektor-MAYAIMMO2020-812,98000
immo-facile-48496482,172000
hektor-generalimmo-3273,262000
safti-1-687819,435000
mgc-276969534-CWE-201117-142519,332000
immo-facile-44095110,175000
hektor-cpdelta-16,146000
mgc-360650509-MKI-JETTINGEN-20223009,316668
entities-1044599-2758126,399180
guy-hoquet-immo-facile-2548813,215000
ag671474-371609290,129000
iad-france-739345,99000
iad-france-787117,155000
entities-1044602-2766740,628500
hektor-amsignatureimmo-93,336000
mgc-118756865_GILWAHLB5-MATHIS-TPLAT-GILWAHLB5-MATHIS-TPLAT,540000
ag681391-348424506,175000
immo-facile-47554537,285000
apimo-4227354,242000
ag680278-224677546,236250
ag681210-369871912,249000
hektor-girardi-pfastatt-2793,80000
immo-facile-46730406,538200
hektor-moebel-immo-259,429000
iad-france-941354,225000
immo-facile-3288791,245000
safti-1-742429,262500
ag671791-317052816,93950
laforet-immo-facile-21561709,149800
ag681204-329969952,117700
hektor-MAYAIMMO2020-1545,179000
ag680633-265211573,77300
guy-hoquet-immo-facile-5972269,202400
ag680297-245898820,209000
immo-facile-3806771,129900
ag681104-261493077,412500
immo-facile-38683319,280000
guy-hoquet-immo-facile-5842325,296500
hektor-moebel-immo-163,175050
ag681124-351974527,465000
160967725,262267
hektor-girardi-pfastatt-2730,249600
ag671791-292861616,348000
immo-facile-45489561,238000
hektor-lifeimmo-1833,576000
immo-facile-37097664,227900
ag681119-377804950,250000
apimo-7267011,288500
ag681106-370949989,264000
immo-facile-adresse-13077086,210000
mgc-328334892-AP-MORSCHWILLER_LE_BAS-202241,363100
apimo-8158357,778000
safti-1-792729,249000
immo-facile-2431124,308510
ag681391-365796925,329000
ag681110-278297474,149000
guy-hoquet-immo-facile-5609669,109500
158272469,270000
hektor-ghimmobilier-23,99000
iad-france-921222,299900
rodacom-4850645,398000
immo-facile-45581889,420000
150943727,252900
ag681158-262157524,100000
ag681237-358242379,263750
mgc-328122527-220103-100108,315000
immo-facile-3455853,196100
ag681106-381251746,330000
immo-facile-43961672,343200
ag671791-302543871,106900
ag681110-279397655,236000
hektor-moebel-immo-168,432000
entities-1044602-2659294,548500
150943767,233178
ag681234-319102530,110900
ag681141-364331173,160000
hektor-robischung-2437,354000
ag681156-262746578,159000
rodacom-4456138,175768
ag681158-342410085,150000
immo-facile-35914732,332800
ag340369-277112003,221030
hektor-MAYAIMMO2020-1961,135000
safti-1-658213,89000
ag681109-344797326,226000
entities-1044599-2718774,298600
guy-hoquet-immo-facile-4037295,120800
apimo-4616504,191000
mgc-376056038-CWE-230215-110453,236500
ag681158-315142458,380000
immo-facile-31972818,128000
entities-1044598-2681695,259992
ag681158-362857195,409000
ag681158-323752851,621500
immo-facile-44013233,550160
entities-1044599-2794536,289000
ag681158-320468169,130000
ag671474-272463605,261000
161002565,100000
iad-france-1163397,169000
hektor-MAYAIMMO2020-1787,175500
rodacom-4568049,395000
ag681391-332963676,486000
immo-facile-43356926,250000
ag681158-317577987,174000
citya-immobilier-1273-TAPP476271,109000
orpi-1-054037E1PL0O,412239
immo-facile-34787209,260000
hektor-moebel-immo-93,218000
safti-1-800526,192400
guy-hoquet-immo-facile-4835078,240000
immo-facile-35118674,114800
hektor-agence-efco-immo-1875,279900
ag743447-355013020,292000
ag681140-372464491,395000
ag681237-290160308,258000
160404529,249954
hektor-MAYAIMMO2020-2304,199000
ag681113-313615350,197625
safti-1-688647,95000
orpi-1-054048E236YM,169060
immo-facile-adresse-11331952,69000
ag681075-338352930,137000
ag671791-334354020,155000
hektor-mhimmobilier-1371,336000
ag440414-335013162,265000
147601731,203400
orpi-1-054038E1UBE6,180000
entities-1043690-3639072,399320
safti-1-620204,189900
immo-facile-adresse-12433487,415000
guy-hoquet-immo-facile-2787943,200000
ag670426-342305070,176200
ag681088-379686889,270000
ag681391-365796838,460000
ag671633-314867538,330000
iad-france-1188295,523000
ag671791-287180162,185000
immo-facile-34878813,100760
hektor-valencay-immo-2624,91720
hektor-CGAIMMOBILIER-705,165000
ag671474-362892433,251600
ag681391-337415583,223600
hektor-girardi-pfastatt-3167,159000
hektor-PAQUIN2020-9,220500
immo-facile-50805726,338000
safti-1-628069,351750
safti-1-883794,445000
immo-facile-44423804,140400
160182145,330500
ag681237-356353459,337600
orpi-1-054038E1K1RA,139000
115977265,199000
immo-facile-1696634,244681
ag681156-374416891,379900
ag681075-377202517,261450
laforet-immo-facile-17894617,434600
citya-immobilier-1273-TAPP478365,115000
guy-hoquet-immo-facile-2730015,182000
hektor-moebel-immo-215,266000
hektor-LECEDREIMMO-217,335000
hektor-dagon68390-2352,233000
immo-facile-42875317,148000
161344801,476500
immo-facile-39412027,135200
hektor-ag-orim-1010,180000
guy-hoquet-immo-facile-4852014,237900
mgc-369842440-RK_MSB_SOULTZ_TM370moy,294800
safti-1-545765,87000
ag681404-326621100,179985
ag681391-365795860,179000
immo-facile-46626869,135200
ag670426-342635928,184000
hektor-sweethomeconseil-1126,215000
apimo-7900605,560000
mgc-369979635-C-ESC-115-OS,463400
ag751938-260620123,235000
immo-facile-45446439,149000
rodacom-4470281,84000
ag133675-283192604,450000
guy-hoquet-immo-facile-5617777,275000
ag681237-365934853,459000
guy-hoquet-immo-facile-6302239,86000
iad-france-1094200,303000
ag681088-330588807,189000
hektor-1_lerosenberg-1640,485000
hektor-MAYAIMMO2020-2138,249000
149234697,134500
immo-facile-46606714,89800
apimo-7410942,388000
iad-france-1263252,147000
rodacom-4425947,197000
157652425,390000
135755877,147500
ag340369-353033239,150000
immo-facile-50401452,199900
adapt-immo-680091650,164000
ag670426-343593630,251000
ag681106-377413489,265000
guy-hoquet-immo-facile-5567093,290000
ag680278-206304510,590200
ag681109-353222965,317250
hektor-mhimmobilier-1426,210000
hektor-CGAIMMOBILIER-1724,593000
ag681156-363127870,299000
ag671791-282402062,185000
157550935,40000
safti-1-720084,170000
161555719,312675
mgc-165885535_HAMOEGUISHEIM,259000
safti-1-793677,235000
apimo-4402463,398000
hektor-DYNAMICITY2022-15,258500
immo-facile-50749878,125000
ag680632-279451208,99000
century-21-202_3377_1369,150000
entities-1044599-2752476,406200
iad-france-827495,224000
ag671791-290662175,117000
guy-hoquet-immo-facile-1803987,418950
safti-1-645691,62000
immo-facile-52173224,788000
mgc-372342350-CWE-230112-171808,323000
ag671717-371144806,284000
153331911,262871
hektor-MAYAIMMO2020-2264,162000
immo-facile-52217741,214000
immo-facile-43099874,352000
ag681332-321449913,156450
safti-1-790737,225000
ag671913-371207110,269000
ag681109-337429836,280000
ag681158-356400058,582000
147241329,79800
guy-hoquet-immo-facile-4468304,495000
mgc-261834984-CWE-200731-103642,265000
ag670426-334865769,229500
hektor-generalimmo-2826,816000
safti-1-865411,199000
ag681104-363780697,272500
orpi-1-054927E1ROOH,472500
rodacom-4884349,535000
ag681360-319806555,298500
entities-1044601-2695412,682600
rodacom-5115366,252200
guy-hoquet-immo-facile-4853568,61000
immo-facile-30996198,430000
immo-facile-36117530,260000
151216843,170000
immo-facile-44593777,400000
ag440414-335964138,283000
rodacom-5020157,374981
153060803,1290000
ag681158-375987247,128000
157796039,186400
orpi-1-054048E1R4S5,325000
ag680967-310488372,199000
ag681542-382976298,110000
orpi-1-054927E1MUY6,429000
ag681119-328307494,85000
hektor-agence-efco-immo-1721,258500
guy-hoquet-immo-facile-2633580,252000
148653977,276540
ag681113-323178633,265000
immo-facile-adresse-12953761,160500
mgc-118756865_EK-0610-HIRZB639-EK-0610-HIRTZ-102-EK-0610-HIRZB639-EK-0610-HIRTZ-102,382800
immo-facile-51113585,450600
ag681110-229897204,235040
mgc-382187841-C-BAL-390-84-AG2,273700
immo-facile-50664422,295000
entities-1044599-2752481,445200
ag681237-311619813,249000
ag681119-279065319,146000
ag681156-372901603,315000
laforet-immo-facile-21485195,139100
adapt-immo-7401420637,107000
immo-facile-3360143,568421
ag671791-285088427,185000
mgc-372438104-pp-230113-101904,299790
snpi-5289712,130000
150943947,192500
guy-hoquet-immo-facile-2762143,180000
rodacom-4468261,148000
ag743447-337631277,559000
hektor-amsignatureimmo-50,294000
immo-facile-47533507,156600
hektor-robischung-2804,200000
hektor-mhimmobilier-1207,231000
century-21-202_3377_800,198000
ag681110-376882645,654000
guy-hoquet-immo-facile-6021947,250000
entities-1044601-2747301,659300
ag681158-304235316,437000
adapt-immo-680091609,315500
iad-france-1328263,239000
gedeon-24652225,255897
ag671791-299328075,185000
immo-facile-52400577,135200
ag681494-381277987,293500
apimo-7159653,89000
orpi-1-054036E1K3P3,25000
ag671474-365585845,220000
mgc-118756865_HMJEBS002-HMSMART1-2-HMJEBS002-HMSMART1-2,288788
guy-hoquet-immo-facile-3363204,338000
ag680331-320073944,222600
guy-hoquet-immo-facile-2817405,149900
immo-facile-36862749,70000
adapt-immo-680091563,126500
hektor-ag-orim-1053,660000
ag681158-350855926,89000
hektor-immoplusalsace-2168,83000
gedeon-24390972,323000
laforet-immo-facile-21311112,139000
guy-hoquet-immo-facile-5010914,306500
hektor-generalimmo-3369,260000
mgc-328176260-SJ-220103-174123,338000
hektor-agencedelill-12881,198800
entities-1044602-2781120,663400
immo-facile-51909175,493000
ag681104-291683822,290000
ag681158-346533213,269000
immo-facile-44766300,167000
snpi-5312627,224700
iad-france-850371,229500
immo-facile-50832010,148000
nexity-GB00156208,82100
ag671474-354655309,40000
pericles-36461776,289000
gedeon-25511662,237000
hektor-MAYAIMMO2020-2326,100000
ag680632-206101980,408000
century-21-202_3185_1465,381600
immo-facile-adresse-12407720,465000
hektor-cpdelta-38,125000
nexity-GB00137340,181750
safti-1-610166,109000
iad-france-848202,137500
entities-1043690-3639148,233200
gedeon-26762444,129000
immo-facile-36149665,65000
hektor-immo-wittenheim-3258,270400
hektor-MAYAIMMO2020-2111,449500
immo-facile-40205865,290000
ag680575-176911516,360000
hektor-MAYAIMMO2020-1757,640000
161061067,150000
immo-facile-35159470,158000
safti-1-712284,189000
mgc-355779157-2LUTTERBACH650LPPP130,485100
mgc-267915924-CWE-200916-134547,263000
mgc-359963522-pp-220926-112318,250674
hektor-CGAIMMOBILIER-1753,442876
mgc-366380635-CLM-MUNWILLER-20221115,329680
hektor-girardi-blotzheim-2521,148000
hektor-robischung-2177,229000
immo-facile-50398747,215000
hektor-immo-wittenheim-3252,205920
ag671791-373542346,277000
hektor-girardi-blotzheim-2753,277680
immo-facile-51198519,135000
hektor-generalimmo-2744,235000
rodacom-5256004,459000
immo-facile-48695683,162000
orpi-1-054933E1XTIS,276800
ag681391-344918805,155000
hektor-agfreyimmo-907,169000
gedeon-23789302,399000
ag681156-299194773,269900
ag681158-295069298,382000
mgc-82005371,329500
rodacom-4999022,268750
ag680575-378870040,371000
safti-1-728415,89250
safti-1-836492,280000
hektor-agence-efco-immo-1927,336000
iad-france-945904,449000
ag671791-357120922,289300
ag681124-374455525,306000
ag681120-344055444,399900
hektor-CGAIMMOBILIER-896,372750
guy-hoquet-immo-facile-5567244,179000
orpi-1-054041E1738X,99800
immo-facile-48398873,318000
immo-facile-35512781,260000
ag671791-282665753,112000
hektor-girardi-pfastatt-2927,282000
apimo-5245729,180000
hektor-276_meilleursbiens-9286,155000
immo-facile-2076475,129787
apimo-82283221,439000
ag681106-379880209,675000
ag681404-343290777,160920
immo-facile-48979818,69800
guy-hoquet-immo-facile-5693130,281500
ag681360-360672880,128400
immo-facile-34348104,231000
hektor-moebel-immo-315,399000
pericles-36630266,294000
hektor-CGAIMMOBILIER-964,399000
immo-facile-34585135,76800
iad-france-735268,150000
ag681444-344790981,219000
hektor-CGAIMMOBILIER-1583,162750
immo-facile-adresse-10550616,400000
ag681088-327112935,239000
immo-facile-47495272,145000
ag681404-326621061,414000
ag681332-341242089,270000
ag681158-382601558,206000
immo-facile-42213004,499000
entities-1043690-3705503,300540
safti-1-562704,328000
ag681158-323752842,293000
guy-hoquet-immo-facile-4937223,210000
ag681113-324813972,126000
iad-france-1339299,121000
ag681391-348924120,765000
rodacom-4470285,108000
ag680297-245793907,274236
mgc-339687567-WITTENHEIM517JC2P,355000
160667287,217500
ag681113-313717983,330000
ag681106-366423982,159000
ag681332-347494758,336500
immo-facile-49431625,434000
entities-1044599-2638701,339900
ag440414-304467867,106990
hektor-237_EXPERTIMO22-113761,349800
laforet-immo-facile-17924560,123050
mgc-329054552-CWE-220110-155250,236500
mgc-207921536-pp-190715-100817,227854
citya-immobilier-1273-TAPP441622,188000
ag743447-324991956,79500
rodacom-4591415,250200
161377287,305000
ag681154-335128698,199800
ag681425-350755543,375000
ag681158-367194319,308000
entities-1043690-3840860,341210
rodacom-4732986,425000
hektor-mhimmobilier-1223,257000
ag680575-176911324,235000
ag680734-372740541,63300
orpi-1-054928E1T3Y9,904800
hektor-PAQUIN2020-114,449900
entities-1044598-2770887,386000
orpi-1-054041E21HI2,399000
laforet-immo-facile-19101138,190000
guy-hoquet-immo-facile-5004445,215000
ag680286-374077930,120000
hektor-agfreyimmo-808,99000
mgc-184855529,259750
161344815,240000
hektor-girardi-pfastatt-2887,320000
immo-facile-adresse-12939891,300000
immo-facile-50465900,175000
immo-facile-48545842,246700
mgc-165885536_VERTUOSE,174000
ag670640-186106249,349000
rodacom-4572184,219000
iad-france-1230026,169500
hektor-alaingimmo-293,85000
immo-facile-50213304,66000
hektor-girardi-blotzheim-2775,267000
century-21-202_3377_1211,85000
gedeon-25723362,335000
immo-facile-49097872,676000
immo-facile-51700029,59000
mgc-363779349-C-COL-368-B-AG-2,388500
immo-facile-51241009,195000
hektor-3ROIIMMOBILIERE-960,135000
hektor-girardi-pfastatt-2755,90000
160450221,120000
rodacom-5127069,286200
hektor-MAYAIMMO2020-1958,247000
ag681158-299238153,398000
154289559,269000
hektor-generalimmo-2961,164000
iad-france-1147538,395000
ag680297-330493854,160000
immo-facile-50591058,327600
hektor-girardi-pfastatt-3105,250000
ag681154-325702218,184400
ag671913-376619260,365000
immo-facile-52258631,179900
142611333,226900
ag671474-353592637,96500
ag681122-289583402,242000
hektor-MAYAIMMO2020-2391,183000
adapt-immo-680091305,420000
entities-1043690-3683473,323580
guy-hoquet-immo-facile-2867662,71000
orpi-1-054038E1VYQ9,82000
safti-1-540519,198000
ag340369-302086959,169900
orpi-1-054036E2G0Q2,176650
iad-france-1241309,90000
immo-facile-40992507,171600
hektor-immo-wittenheim-3287,275600
ag671474-369582772,265000
hektor-CGAIMMOBILIER-1451,262500
immo-facile-46246020,213200
mgc-152228336,279000
hektor-agence-efco-immo-1831,610000
hektor-immolandismunst-1166,286200
hektor-girardi-pfastatt-3098,168000
iad-france-1177575,148000
hektor-5_lerosenberg-1814,300000
ag671474-380826244,126000
ag680010-383546903,297000
orpi-1-054039E1JL1Q,320000
immo-facile-40711838,241500
ag681391-323949735,445000
citya-immobilier-36-TAPP423677,109000
ag681391-327684219,1166000
ag743447-369535483,189500
apimo-4757849,577000
mgc-279206268-SJ-201202-085653,283900
ag681332-332951931,67000
rodacom-4426200,209000
mgc-342530198-C-HIR-820-OS,322000
adapt-immo-680091631,161100
safti-1-779171,125000
rodacom-4453823,89000
immo-facile-49104240,299600
visiteonline-constructeur-p_5219902-l_9735614,234900
immo-facile-adresse-11066237,205000
ag681158-310228026,235000
ag681106-322229238,320000
mgc-221162175-SJ-191016-081258,337000
mgc-342424396-MS-220505-143945,268000
ag060811-295110650,145000
immo-facile-2500125,330750
immo-facile-1067963,229000
ag681103-360808764,31000
mgc-346517193-2SOULTZ533LP2P100,325500
iad-france-1066614,250000
orpi-1-054927E1KE77,91800
hektor-moebel-immo-326,165000
151236495,470000
immo-facile-48122849,185000
hektor-cdrieux-726,229000
laforet-immo-facile-17944833,202230
ag681109-337429776,206000
160967265,263750
mgc-341722177-pp-220429-103523,381260
ag680010-305368698,99000
entities-1044602-2686404,615200
entities-1044601-2814797,600900
immo-facile-51544185,179500
immo-facile-44427224,124800
hektor-sweethomeconseil-1268,434600
ag681120-342026262,529000
rodacom-4953071,1100000
immo-facile-34520089,210000
160538047,277700
laforet-immo-facile-18329780,149800
immo-facile-49167131,135200
guy-hoquet-immo-facile-6000293,425000
safti-1-757256,361000
ag681120-321481989,230000
guy-hoquet-immo-facile-5856586,275000
immo-facile-36931495,230560
ag671791-305562480,160000
mgc-296061665-C-STE-2000-SB,366600
ag681145-331620996,245000
ag671913-372035320,269000
entities-1044601-2631205,595400
ag681391-365975590,364000
immo-facile-49951757,150000
mgc-369722032-1612KEMBS691JC4P120,538000
ag440414-264782189,169600
ag671791-284122616,185000
ag681158-294928061,247500
adapt-immo-3011428460,126000
immo-facile-37184872,38500
ag681055-257507926,64800
orpi-1-054932E21DQT,421000
hektor-cpdelta-164,280000
hektor-MAYAIMMO2020-2469,884000
immo-facile-45270896,264000
ag681141-343357233,890000
ag681154-252828106,249000
orpi-1-054932E1V1BX,174000
immo-facile-51351586,245000
hektor-cdrieux-738,100000
ag681154-252828193,139000
ag681108-279221555,160250
hektor-girardi-pfastatt-2770,192000
ag671474-343594029,335000
161417191,182350
gedeon-25511660,227000
immo-facile-49692301,355000
161310093,50000
ag681204-344622231,346500
gedeon-25511653,240000
mgc-355779184-3BISEL1300LBPP100,350000
guy-hoquet-immo-facile-5668456,199900
ag681237-316552656,161900
immo-facile-adresse-10678508,124900
orpi-1-054039E1KE7Z,120900
immo-facile-adresse-10898592,262500
snpi-5316318,449500
hektor-agence-efco-immo-1784,276900
hektor-276_meilleursbiens-9289,400000
entities-1044598-2771716,393900
nexity-GB00145897,415000
hektor-CGAIMMOBILIER-1076,409500
ag681119-289096863,141000
apimo-5167567,159000
rodacom-4564212,124000
century-21-202_3185_1015,140000
ag681391-343089966,384100
guy-hoquet-immo-facile-5848851,176700
hektor-CGAIMMOBILIER-848,156700
immo-facile-3641827,395000
ag681141-348404325,295000
safti-1-532447,174900
orpi-1-054048E2ASLN,318000
ag681158-369633721,232000
ag681158-306131106,109000
immo-facile-37585953,318000
immo-facile-35625601,546000
ag671791-307820898,122000
immo-facile-45270717,390000
orpi-1-054927E1J09L,86110
citya-immobilier-1273-TAPP482471,83000
ag681108-324097482,490000
mgc-372793540-MKI-SEPPOISBAS-230116,343400
ag681108-344367675,253000
150943789,227800
ag681332-366139477,255600
entities-1044599-2679934,409000
ag680824-267453650,204000
rodacom-4402915,588000
immo-facile-46024574,149500
ag681210-332960712,260000
ag681124-379312438,204000
hektor-ag-orim-1172,147000
hektor-MAYAIMMO2020-1762,69000
immo-facile-37458734,159800
ag830847-317346135,281000
ag681158-324734436,535000
hektor-mhimmobilier-1337,348400
immo-facile-35863185,278000
guy-hoquet-immo-facile-5769384,243000
ag681141-373670908,117700
hektor-MAYAIMMO2020-1639,229000
160423297,490000
immo-facile-3371868,260638
ag681120-363327460,295000
ag681158-342007296,135000
hektor-girardi-pfastatt-2729,299000
ag333464-330960177,123000
orpi-1-054038E1HN5A,210000
ag681140-354022579,447000
ag681237-382644323,96120
immo-facile-51987048,256000
apimo-4937332,430000
hektor-agfreyimmo-880,58000
rodacom-5020086,327583
ag060811-301379802,148000
immo-facile-38454045,228800
iad-france-1064268,129000
immo-facile-40712064,215000
entities-1043690-3634308,343545
mgc-357742109-CWE-220909-153031,268000
nexity-GB00121543,92000
apimo-7756964,380000
160172721,170000
153724979,222000
ag681391-327024990,212000
ag681158-352881253,184000
ag681237-374343952,316500
mgc-227492478-pp-191127-095219,215612
ag681158-379328788,284000
safti-1-770239,220000
ag641191-253801257,243617
immo-facile-adresse-11073057,137800
immo-facile-35627725,321300
hektor-lifeimmo-1889,81000
entities-1042950-3869684,413500
rodacom-5027503,315000
ag671791-298456959,498000
ag681391-365796595,474000
iad-france-986808,259000
ag750665-255378546,498900
entities-1043690-3670367,350904
mgc-332532289-CWE-220209-112829,223000
immo-facile-43277874,160000
iad-france-781256,139000
hektor-immolandismunst-1173,315000
orpi-1-054039E1YSEF,253000
apimo-8158300,285000
immo-facile-48399692,114800
immo-facile-51134678,226000
immo-facile-50575555,314500
hektor-robischung-2298,200000
ag671791-318680949,263000
orpi-1-054927E2EER1,128500
rodacom-4593470,330000
ag440414-366697702,235000
ag681423-382597577,115500
gedeon-25607568,207000
orpi-1-054037E1UWQK,930000
laforet-immo-facile-21227988,342400
immo-facile-37071367,228800
ag681391-325564062,445000
ag681444-344790987,235000
mgc-279207477-SJ-201202-090956,477000
safti-1-884937,194500
iad-france-794705,141500
guy-hoquet-immo-facile-2760062,357000
orpi-1-054041E283KD,420000
ag680297-340717488,309750
ag671474-378281128,112500
guy-hoquet-immo-facile-5670879,370000
ag681237-357479719,159750
immo-facile-50179533,208000
apimo-5126980,171000
orpi-1-054934E2B8OS,130800
hektor-girardi-blotzheim-2762,230000
orpi-1-054928E28HB1,135000
orpi-1-054932E1UY48,97200
ag671791-285605948,238000
orpi-1-054043E1DFJ7,239000
entities-1043690-3683541,282310
ag681158-287634941,92000
immo-facile-43835933,218400
ag681088-361754869,102000
pericles-35842625,272300
safti-1-665960,90000
nexity-GB00099069,108600
immo-facile-40318697,272800
safti-1-709675,74900
immo-facile-42799168,259000
immo-facile-51193545,196000
apimo-82219839,322500
ag250493-255500508,79500
immo-facile-adresse-12914959,227900
146976017,535000
hektor-robischung-2550,160000
laforet-immo-facile-20962564,330000
orpi-1-054048E2FKBC,224700
adapt-immo-680091561,690000
entities-1044599-2794542,363068
ag681154-252828205,128000
immo-facile-51880012,480000
ag680734-376679973,279460
mgc-380982978-C-ZAE-490-85-OS2,318256
orpi-1-054038E246BI,81000
mgc-175691423,265000
rodacom-4639681,248000
ag670426-342305187,298000
immo-facile-49828384,224900
hektor-generalimmo-3138,169600
hektor-immolandismunst-1113,420000
160967345,309000
iad-france-716963,69500
safti-1-724862,290000
151800397,205800
hektor-ELSASS2020-1900,194900
mgc-368788279-0712GALFINGUE500LB2P,392000
ag671791-281746310,122000
ag681204-336039114,515000
safti-1-639517,249000
145724493,225000
hektor-CCLAUSSColmar-17565,99900
immo-facile-42373614,85000
immo-facile-adresse-10712492,106000
immo-facile-2235310,106383
ag680967-362253289,278200
ag681140-378549430,114000
160070245,217060
mgc-118756865_HMMUNW0001-HMBOLD4-121M2-HMMUNW0001-HMBOLD4-121M2,393700
155006821,505000
mgc-378285182-pp-230308-125640,265942
mgc-368286691-MKI-ROSENAU-20221202,449352
apimo-7399775,177000
rodacom-4341945,279500
visiteonline-p_5114385,409000
ag671791-348669582,194250
153724975,278000
hektor-MAYAIMMO2020-2152,477000
hektor-generalimmo-2965,229600
ag680632-265501043,147300
guy-hoquet-immo-facile-2189117,210000
hektor-MAYAIMMO2020-1973,379800
rodacom-4061392,830000
hektor-girardi-blotzheim-2500,530000
146183129,226521
immo-facile-50566045,149950
ag681237-304925133,202350
ag681404-326621091,274300
hektor-lifeimmo-1855,53900
hektor-immolandismunst-1181,129600
ag670426-336682986,260000
ag681119-335401136,310000
immo-facile-50575470,234000
ag681158-376934137,219000
ag681158-304825362,899500
immo-facile-37198643,166400
orpi-1-054039E1UVT2,299000
immo-facile-3702420,239000
hektor-5_lerosenberg-2005,250000
iad-france-1200556,210500
rodacom-4408514,182500
gedeon-26124766,225000
hektor-lifeimmo-1988,240000
ag681391-365796310,370000
hektor-MAYAIMMO2020-1573,338000
orpi-1-054038E2BL20,123000
ag671913-368590774,199900
immo-facile-37922476,414000
hektor-robischung-2678,169000
guy-hoquet-immo-facile-4118063,94000
159242743,100000
orpi-1-054933E1XW75,379000
hektor-immoplusalsace-2194,149900
entities-1044598-2779337,420800
ag340378-283357613,276000
guy-hoquet-immo-facile-3558528,250000
hektor-cpdelta-117,241300
160483635,395000
entities-1044599-2687946,368500
159658475,279000
guy-hoquet-immo-facile-4245175,380000
hektor-sweethomeconseil-1264,160000
immo-facile-51279187,357000
rodacom-4550491,549900
guy-hoquet-immo-facile-3558869,78500
immo-facile-34112207,105000
ag680297-198826639,371000
gedeon-26475293,350000
hektor-MAYAIMMO2020-2486,231000
rodacom-5172107,589000
iad-france-771981,189000
149481823,92000
iad-france-981605,348000
gedeon-23928411,343000
immo-facile-47502461,200000
ag680297-359213653,259000
entities-1043690-3888313,375000
hektor-agence-efco-immo-1565,197550
153509123,106000
immo-facile-47746710,399900
hektor-agcinqpattes-72,320000
immo-facile-48059033,99000
hektor-agence-efco-immo-1725,297080
hektor-1_lerosenberg-1671,299000
guy-hoquet-immo-facile-3650763,171900
mgc-269484015,209000
mgc-118756865_GGDIETLIE5-GGREGN-GGDIETLIE5-GGREGN,445400
gedeon-23825679,672500
ag680010-338556720,399000
entities-1043690-3683542,296015
immo-facile-2297764,211700
gedeon-26290417,525000
ag670426-333335079,212300
160782773,253000
155065475,197100
ag681391-374348938,950000
guy-hoquet-immo-facile-6028529,202500
apimo-7619899,336000
ag671791-302395560,80000
apimo-4616515,630000
immo-facile-43836090,286000
guy-hoquet-immo-facile-5595130,110000
ag680824-293293625,157750
gedeon-23830293,212000
mgc-376533188-SJ-230220-082938,352000
ag340369-286622141,222500
hektor-CGAIMMOBILIER-1599,520000
immo-facile-48987419,129900
156134499,130000
immo-facile-37304515,338000
hektor-1_lerosenberg-2081,490000
mgc-348256114-SJ-220621-185505,386000
ag680967-358544029,76300
apimo-82354338,245000
iad-france-1081375,159000
rodacom-3951235,117000
ag340369-361713856,252500
159807907,50000
ag671791-306924540,122000
ag680734-371325261,135000
hektor-generalimmo-3442,150000
ag681332-350725060,140400
hektor-generalimmo-3153,180000
immo-facile-52250921,139000
ag751938-334865526,120000
ag670426-343593666,316000
ag681106-320374257,422000
ag681158-310074285,158000
161016527,326350
iad-france-1308292,117000
ag680632-235145185,120000
ag681391-332963658,335000
hektor-moebel-immo-324,425000
hektor-agfreyimmo-885,129000
hektor-1_lerosenberg-1529,278000
guy-hoquet-immo-facile-5690339,325000
hektor-sweethomeconseil-1101,152500
ag681154-252828091,228000
hektor-girardi-pfastatt-2782,131000
mgc-372766361-CWE-230116-162901,404500
ag743447-324993051,324000
ag681391-365797027,437000
ag301615-353821386,118000
ag680010-365264341,262500
ag680286-268673012,96500
ag681423-374290366,494000
mgc-118756865_DAGWAHL017-DAGM007-DAGWAHL017-DAGM007,350000
hektor-lifeimmo-2015,97000
guy-hoquet-immo-facile-2474737,130400
iad-france-1294020,107000
orpi-1-054048E268NV,165850
iad-france-1203889,132000
immo-facile-34697442,330000
hektor-cdrieux-796,465000
immo-facile-52311887,339800
visiteonline-p_5135434,296086
ag671791-311267463,106900
mgc-363765381-C-VOG-805-AG-2,358200
157717907,575000
iad-france-1271915,225000
ag671791-313474725,160000
immo-facile-49803205,60000
safti-1-708785,140000
immo-facile-49173814,210000
iad-france-1292052,303200
ag681088-332200584,189000
161402505,244200
mgc-340509453-BOURBACH_LE_HAUT1100VV2P,330000
immo-facile-51770600,520000
mgc-323994939-VM-SOULTZ_HAUT_RHIN-20202211,467960
apimo-4121606,175000
ag681158-363048016,274000
mgc-114044552,203560
entities-1044601-2638019,652000
orpi-1-054038E1F5UK,199000
visiteonline-p_5212473,259500
ag681119-234260700,160000
guy-hoquet-immo-facile-3106384,95000
immo-facile-52195709,422000
160967457,240000
apimo-7007223,259000
hektor-MAYAIMMO2020-2251,468000
ag681212-328310514,110000
hektor-sweethomeconseil-1137,292000
hektor-MAYAIMMO2020-2170,399000
hektor-MAYAIMMO2020-2205,212000
citya-immobilier-36-TAPP437287,67800
ag680967-346860633,199000
apimo-5126994,780000
hektor-3ROIIMMOBILIERE-991,189000
ag681156-331112529,189900
immo-facile-51729655,721000
entities-1044602-2780484,584600
immo-facile-2215403,249500
hektor-immolandismunst-1054,246100
ag681158-354339184,127000
guy-hoquet-immo-facile-2631567,45000
160782789,246500
immo-facile-47599771,243000
hektor-mhimmobilier-1385,90100
ag681391-344764629,271000
ag681108-282181904,508725
ag681158-326691093,179000
ag340369-366357331,199500
mgc-328773461-CWE-220107-114119,352000
hektor-moebel-immo-19,296700
hektor-generalimmo-3189,159000
gedeon-24084039,249900
rodacom-4599093,367500
safti-1-612956,245000
iad-france-1240350,172000
iad-france-1077860,448000
apimo-6489863,275000
apimo-5778562,570000
ag681109-378022192,790000
ag340369-303122751,344000
ag680297-344811072,175000
ag671791-379641859,99360
160633843,480000
entities-1044602-2779488,791500
orpi-1-054038E1VTEZ,139000
mgc-360304994-MS-220928-143846,298000
ag681106-350025547,310000
hektor-immo-wittenheim-3130,208000
147811603,144690
ag671791-323443035,263000
ag681106-322202502,590000
orpi-1-054932E1ZOTA,105000
iad-france-1178501,224500
rodacom-4550521,286300
150605703,205000
131641469,199000
ag440414-304353675,88500
ag681088-367567792,61000
rodacom-5125373,339000
ag681444-355388464,206700
ag681237-359187412,173000
ag680010-349664070,273000
ag681120-318985716,357000
orpi-1-054039E2H9TI,269480
immo-facile-27543984,208000
mgc-379269033-C-BOL-519-115-OS1,381604
orpi-1-054048E1RKMJ,315000
ag681113-269568830,215000
ag340378-270073997,427000
ag671791-313715298,498000
hektor-PAQUIN2020-70,624000
mgc-194599940,428500
ag680632-267619322,95000
orpi-1-054039E1BANV,287500
immo-facile-adresse-12886252,242000
ag681158-319390488,364000
151105463,171000
safti-1-624911,270000
ag681108-367826014,249000
ag681391-343130292,285000
160182099,327900
hektor-cdrieux-707,233200
century-21-202_3377_523,180200
orpi-1-054037E1YHXW,199416
orpi-1-054041E1WA46,139000
hektor-cdrieux-657,298000
immo-facile-42696936,230000
orpi-1-054039E23XV0,258000
adapt-immo-680091357,215000
guy-hoquet-immo-facile-5776879,156000
hektor-valencay-immo-2614,190800
iad-france-1075400,416000
ag681404-326620887,380000
guy-hoquet-immo-facile-2543906,148000
century-21-202_3185_1197,314200
mgc-264872988-CWE-200826-152544,348000
ag680010-240045799,273000
immo-facile-49441103,468000
mgc-369722080-1612MORSCHWILLERLEBAS482LBTP115,434400
ag681158-355910650,220000
laforet-immo-facile-20945508,462000
ag671791-376673206,99360
hektor-arateau-24,420000
ag680010-332090820,241500
orpi-1-054006E1JTZ5,234000
mgc-290276541-SJ-210219-101444,233000
orpi-1-054927E1P2NB,105000
161278491,213500
ag681237-352635037,519000
apimo-6855436,409000
mgc-295388967-MS-210326-150123,309000
ag681106-360553387,250000
guy-hoquet-immo-facile-5568003,240000
ag671791-291861857,299000
ag681158-360352009,149000
hektor-mhimmobilier-1300,176800
immo-facile-50709025,214000
immo-facile-3699152,330000
hektor-girardi-blotzheim-2774,386000
ag681158-354875665,499000
ag680010-382253083,262500
guy-hoquet-immo-facile-5671191,116900
mgc-378420353-CWE-230309-173503,267000
ag681158-339707802,497000
laforet-immo-facile-20859137,203300
158669935,349975
ag671791-300882282,230000
apimo-6915434,160000
ag681332-369295645,255600
hektor-royal-immobilier-2-16482,160000
immo-facile-47981381,499000
ag681237-371799475,579000
hektor-5_lerosenberg-2069,106000
safti-1-769956,140000
ag681145-381014071,235000
160967353,348000
orpi-1-054927E1LLHI,60000
ag681141-376766749,435000
orpi-1-054041E1HUGT,129000
visiteonline-p_5172561,174000
ag681237-287385077,199900
125219713,220000
ag743447-363148042,139500
safti-1-817392,237000
hektor-girardi-blotzheim-2584,350000
hektor-girardi-pfastatt-3042,118000
immo-facile-35275750,99800
hektor-1_lerosenberg-1491,283068
mgc-381129246-C-RUE-606-101-OS,344495
150421173,213000
ag671791-308426643,240000
immo-facile-48690569,249600
mgc-382096911-C-VOL-536-125-AG1,343800
hektor-MAYAIMMO2020-2502,329000
guy-hoquet-immo-facile-5293118,220000
hektor-immoplusalsace-2162,449900
ag681332-322465635,266000
ag680010-339709779,388500
hektor-agence-efco-immo-1945,435000
immo-facile-49330494,243360
guy-hoquet-immo-facile-2373096,103000
159876009,406000
ag681404-350288935,345000
hektor-LECEDREIMMO-193,577500
ag440414-336002745,193900
ag681237-368572213,141000
orpi-1-054041E1G4UI,130000
guy-hoquet-immo-facile-5681035,72000
mgc-345380197-CWE-220531-112200,296000
ag681108-354490207,133000
hektor-sweethomeconseil-1303,179000
ag681088-355249948,365000
gedeon-22047713,259000
guy-hoquet-immo-facile-5612825,126900
hektor-moebel-immo-23,440000
mgc-360498604-3Schweighouse-Thann463LBPP100,345500
ag671791-340406970,225780
guy-hoquet-immo-facile-5825490,379000
safti-1-792022,130000
immo-facile-adresse-12882967,139000
ag671913-324433914,60000
hektor-ghisimmobilier-1839,199900
ag681158-358037812,597000
ag681121-306578481,85500
ag681156-287178812,263000
ag681158-329318781,229000
ag340369-354708148,459900
safti-1-720544,135000
immo-facile-51226445,399000
150550535,173300
guy-hoquet-immo-facile-5751036,88500
nexity-GB00162354,69200
ag681110-279397625,210500
mgc-377302126-CLM-BALGAU-022723,280459
hektor-valencay-immo-2613,295000
ag681120-369617155,315000
guy-hoquet-immo-facile-2793292,221500
orpi-1-054039E1FXJ2,279788
ag681158-281844812,199000
160967655,339468
mgc-360161179-3WITTENHEIM517JC4P,398500
157949877,110000
apimo-6479824,268000
immo-facile-51838201,265000
hektor-MAYAIMMO2020-2164,395000
gedeon-22175913,240000
immo-facile-40124154,280800
ag671633-324378795,157000
hektor-MAYAIMMO2020-2508,590000
hektor-LECEDREIMMO-123,325000
iad-france-1288045,135000
immo-facile-51198423,153500
apimo-8158188,289000
hektor-alaingimmo-392,60000
ag680633-242741113,129000
immo-facile-42694720,139900
ag340369-344601378,76000
mgc-366337114-CLM-DESSENHEIM-20221115,345670
hektor-girardi-blotzheim-2499,155000
hektor-cpdelta-105,92000
hektor-LECEDREIMMO-147,234000
adapt-immo-680091360,157000
160967895,348300
ag440414-362893132,265900
entities-1044599-2637216,338600
hektor-agence-efco-immo-1994,519000
immo-facile-44650370,56000
hektor-girardi-pfastatt-2902,550000
immo-facile-49582316,585000
guy-hoquet-immo-facile-4903118,83000
apimo-7342606,160500
rodacom-5020030,275758
rodacom-5119084,169803
mgc-289980222-SJ-210217-155005,249900
rodacom-4568182,135000
iad-france-1041818,640000
ag681158-366495073,170000
hektor-MAYAIMMO2020-2160,284500
immo-facile-48868814,234000
guy-hoquet-immo-facile-5595129,85900
iad-france-1163448,170000
156704339,200000
147963679,198167
gedeon-23842950,1347000
laforet-immo-facile-19866155,176550
hektor-generalimmo-3341,650000
ag681104-265640844,285000
ag681110-323298408,645000
pericles-36205792,166000
mgc-362014054-MKI-WOLSCHWILLER5-20221010,327948
ag681210-354489661,377000
rodacom-5103328,443000
immo-facile-52369530,125000
ag681404-369275656,204480
immo-facile-37295154,207000
mgc-118756865_DMVT3-DMTV-DMVT3-DMTV,254000
mgc-150151196,264000
orpi-1-054041E1T9ZV,160000
immo-facile-50214969,176800
mgc-274831172-EK-Heit-ID416-21120,298788
immo-facile-52421745,225000
ag681444-374851990,174900
hektor-expertiseimmo-88,226000
hektor-amsignatureimmo-81,430000
ag340369-380412925,129600
155240373,258500
ag681156-362573410,189900
ag681158-324442554,125000
rodacom-4439878,187200
apimo-8158377,287000
immo-facile-45832924,322400
ag440414-232899127,48000
ag681158-315734499,350000
guy-hoquet-immo-facile-4672557,249000
ag681106-336369726,160000
orpi-1-054037E1PUUA,260000
hektor-CGAIMMOBILIER-762,149990
guy-hoquet-immo-facile-2799952,175000
ag680286-317772234,675000
immo-facile-48733667,795000
iad-france-1331662,190000
hektor-MAYAIMMO2020-827,281000
ag681404-383473751,411450
orpi-1-054927E2CWVL,176550
immo-facile-2431100,196808
entities-1043690-3639088,485350
ag671913-369344179,391000
ag060811-331515660,265000
immo-facile-1978013,132978
hektor-MAYAIMMO2020-2203,253000
mgc-382467369-C-TUR-500-85-AG2,388500
immo-facile-42798931,190000
hektor-MAYAIMMO2020-1814,99000
hektor-generalimmo-2763,176900
hektor-girardi-pfastatt-3157,212000
151565801,478000
hektor-robischung-2484,190000
apimo-4432501,285000
orpi-1-054037E1PZTV,194026
immo-facile-46048487,129600
161278489,195000
ag680286-363046879,175000
entities-1044598-2796830,409000
immo-facile-47861660,110000
safti-1-656317,160000
entities-1043690-3746715,382310
hektor-generalimmo-2996,154000
hektor-MAYAIMMO2020-1992,120000
guy-hoquet-immo-facile-4825712,86500
iad-france-1305099,267000
160538071,274700
ag681055-335916438,76680
ag680967-285964580,150000
immo-facile-44778211,147000
ag681212-363935986,315000
gedeon-23999254,465000
hektor-MAYAIMMO2020-1916,348000
hektor-franckberna20-3,367500
ag681158-282843539,215000
mgc-369254628-C-DES-573-AG,386900
orpi-1-054041E0WV8T,311000
immo-facile-49599641,170000
immo-facile-52322839,119000
immo-facile-51772545,190000
mgc-301463582-pp-210511-104924,342984
immo-facile-51613064,280000
hektor-sweethomeconseil-1046,189800
ag681391-365796079,271000
immo-facile-35638336,299000
iad-france-645598,76000
hektor-cdrieux-894,345000
ag681425-346596933,307400
hektor-1_lerosenberg-1319,479000
151236497,430000
ag671791-358656514,122000
mgc-378270566-SJ-230308-103221,360000
hektor-generalimmo-3212,236000
immo-facile-adresse-9434927,245000
immo-facile-49225854,434000
mgc-267222933-CWE-200911-181733,563000
mgc-316514603-CWE-210917-144136,278000
hektor-1192_EXPERTIMO22-100583,583000
guy-hoquet-immo-facile-2272517,136200
guy-hoquet-immo-facile-4948745,179000
hektor-lifeimmo-1852,386900
gedeon-24848562,174000
guy-hoquet-immo-facile-5563587,141000
134926697,136270
rodacom-5205972,295700
ag681404-326621193,649900
ag670426-334999962,210500
ag671474-310755300,267000
hektor-3ROIIMMOBILIERE-983,360000
ag681423-338925141,222600
nexity-GB00134132,103000
guy-hoquet-immo-facile-3119152,76500
apimo-4879557,171000
iad-france-1141469,46000
guy-hoquet-immo-facile-5587267,99500
hektor-MAYAIMMO2020-545,249000
hektor-immoplusalsace-2199,174900
mgc-276241332-CWE-201112-102956,355000
ag671791-289076114,230000
entities-1044602-2780483,543900
ag750665-258509014,512400
safti-1-766752,155000
safti-1-745976,249500
ag671633-317913084,330000
ag681237-296256438,135000
immo-facile-37988055,167680
gedeon-24148767,284700
immo-facile-39824105,72800
hektor-generalimmo-3190,158000
ag970168-274677302,269999
apimo-5616356,93500
ag671791-315554139,95000
laforet-immo-facile-17929524,374500
ag681158-260916016,480000
160392149,70000
guy-hoquet-immo-facile-3291062,33000
hektor-mhimmobilier-1314,178500
immo-facile-52560042,280000
orpi-1-054039E16U7N,220500
156275471,312900
iad-france-1081202,299000
ag681108-356677048,90000
mgc-381374778-C-ESC-581-164-OS2,466800
157403401,350700
hektor-MAYAIMMO2020-1983,236000
hektor-immo-wittenheim-3239,228800
150550547,139600
citya-immobilier-1273-TAPP462890,242000
immo-facile-49644007,89800
ag671913-319587519,129600
ag681391-365796787,307400
entities-1042950-3559417,370000
rodacom-4369919,99000
hektor-girardi-blotzheim-2718,250000
ag681158-293025506,89000
hektor-immo-wittenheim-3142,202800
mgc-152228323,390000
ag680967-337264368,172800
iad-france-1296269,211000
orpi-1-054038E1LRIW,159000
ag681158-290488655,124000
mgc-317686106-C-URS-459-F-AG,300000
safti-1-672557,293000
ag680010-351815773,203000
160967447,330647
ag681156-286977668,189900
mgc-363893622-C-MUL-155-OS-2,555900
orpi-1-054934E29E84,98480
hektor-PAQUIN2020-137,195000
gedeon-24198858,276000
immo-facile-adresse-12885657,203000
ag680633-370707792,135000
adapt-immo-75008117833,405600
hektor-generalimmo-3270,329000
ag671791-319779243,227900
guy-hoquet-immo-facile-2563081,107000
ag681391-373908382,279000
hektor-girardi-pfastatt-3356,194000
apimo-4240004,358000
mgc-183737414,246500
ag680824-311051493,168000
ag671474-311826915,83000
mgc-296740379-C-PFA-510-B-AG,299800
ag671913-356728978,350000
orpi-1-054037E1JF75,119166
ag681237-351345022,199155
orpi-1-054036E2D1UW,168000
hektor-generalimmo-3319,329000
mgc-334101045-SL-INGERSHEIM-20222302,419000
hektor-agcinqpattes-24,344700
ag681158-306046122,140000
ag681140-352045816,275000
159131757,276200
hektor-MAYAIMMO2020-1623,340000
159131801,329500
160394987,230000
orpi-1-054038E1L2AK,118000
ag681088-379473076,422000
immo-facile-35074900,62000
hektor-arateau-5,199500
ag670547-335254761,128400
gedeon-26699947,545000
mgc-233156553-SJ-200109-102024,465000
entities-1044601-2697020,479800
entities-1044599-2798783,449640
mgc-360161188-2ZAESSINGUE579JC2P130,381000
mgc-357460849-Saint-Louis679JCTP,702000
pericles-36546079,229900
ag681158-343694391,419000
ag681391-353345674,520000
gedeon-22331648,374400
ag681110-326529735,315000
ag681158-341240607,399000
ag680297-334642101,302000
ag681156-377533849,359000
ag681104-289623251,90000
ag681156-252595306,280000
entities-1044598-2645455,291422
mgc-378091789-MKI-NIF18-230306,321900
entities-1044602-2722475,752900
iad-france-1043611,365000
gedeon-25193299,468000
hektor-premium-prestige-12132,297000
ag671791-306453729,160000
153331841,174000
gedeon-23484029,325500
ag680575-176911276,219000
immo-facile-37586530,334327
iad-france-820039,154000
immo-facile-38358271,377000
laforet-immo-facile-17771572,147660
160702419,262000
safti-1-799918,89000
immo-facile-37468839,174400
ag340369-337921401,184500
ag681088-344099100,108000
ag680967-351469015,256800
orpi-1-054037E2B5C3,246000
ag681425-339087879,70000
mgc-347583282-2VALDIEU_LUTRAN800LP2P130,360500
rodacom-5016395,249100
hektor-alaingimmo-358,90000
ag753274-321933711,174900
148222227,360000
orpi-1-054048E2BNC5,46000
immo-facile-23464192,364000
orpi-1-054928E28Y5C,462000
mgc-377394431-CWE-230228-143933,295000
ag681154-252828049,272000
apimo-82196695,200000
guy-hoquet-immo-facile-4525408,195000
mgc-376658606-SJ-230221-115302,328000
ag681158-294467027,130000
ag671913-382649465,738000
immo-facile-31019441,587000
hektor-generalimmo-3134,292000
ag681106-373930822,325500
hektor-girardi-pfastatt-2695,186000
159185271,320000
ag671791-295065206,432000
mgc-221940279-SJ-191021-114401,298000
mgc-342680157-Schweighouse-Thann463VVPP,369000
147454513,112000
hektor-girardi-pfastatt-3133,161000
century-21-202_3377_784,102000
gedeon-22125034,70000
guy-hoquet-immo-facile-5519491,131000
ag681110-360971863,261000
ag681158-365726065,492000
iad-france-1224349,230000
ag681088-374673637,93000
160935625,363500
immo-facile-52477363,323900
entities-1044598-2788940,333900
guy-hoquet-immo-facile-5822100,72000
hektor-CGAIMMOBILIER-1043,211000
146759817,159500
ag671633-324133026,198000
ag681156-268922678,540000
entities-1044598-2681696,246528
hektor-sweethomeconseil-1165,173000
ag340369-363604762,286000
hektor-valencay-immo-2621,675000
mgc-118756865_GGHAGEGL360-SIMON99-GGHAGEGL360-SIMON99,362000
rodacom-4929427,310000
ag440414-273408896,111000
ag681391-366397327,180000
orpi-1-054039E2F462,424800
ag681122-315221046,169000
iad-france-782156,180000
